match_id,tournament_id,tournament_name,league_band,scheduled_start_utc,scheduled_start_mountain,scheduled_start_prague,official_status,normalized_status,player_1_id,player_1_name,player_2_id,player_2_name,player_1_sets,player_2_sets,winner_player_id,winner_player_name,set_scores,completed_at_utc,calculated_finish_utc,calculated_finish_method,first_seen_at_utc,last_changed_at_utc,source_snapshot_id,source,data_quality,content_hash
306375,36293,Tournament A12. League 800-900,800-900,2026-08-31T00:00:09.292000+00:00,2026-08-30T18:00:09.292000-06:00,2026-08-31T02:00:09.292000+02:00,3,COMPLETED,1847,Martin Skakal,1609,Marek Chlebecek,3,0,1847,Martin Skakal,,,2026-08-31T00:11:28.793000+00:00,SCHEDULED_START_PLUS_DURATION,2026-08-30T17:42:14.032781+00:00,2026-08-31T05:42:04.034789+00:00,17d683379e5f955e8a21314ec8759bf71165fc515c3c891e5888b2e166df571b,api.league-pro.com,OK,8766ef0cb0b89705fb23cf9c1f59d5b2909fa400560215703d946f5bfb9d31d0
306419,36298,Tournament A14. League 550-600,550-600,2026-08-31T00:00:13.860000+00:00,2026-08-30T18:00:13.860000-06:00,2026-08-31T02:00:13.860000+02:00,3,COMPLETED,1217,Martin Stefek,1653,Petr Bruzek,2,3,1653,Petr Bruzek,,,2026-08-31T00:20:33.998000+00:00,SCHEDULED_START_PLUS_DURATION,2026-08-30T17:42:14.032781+00:00,2026-08-31T05:42:04.034789+00:00,17d683379e5f955e8a21314ec8759bf71165fc515c3c891e5888b2e166df571b,api.league-pro.com,OK,b73ad8361d8bbee4428ca7d837469faa4d123bb59a19d83bae41e153dc455a1f
306527,36311,Tournament A17. League 400-450,400-450,2026-08-31T00:06:57.944000+00:00,2026-08-30T18:06:57.944000-06:00,2026-08-31T02:06:57.944000+02:00,3,COMPLETED,1145,Jan Potensky,1321,Alexander Hejduk,3,2,1145,Jan Potensky,,,2026-08-31T00:37:51.711000+00:00,SCHEDULED_START_PLUS_DURATION,2026-08-30T17:42:14.032781+00:00,2026-08-31T05:42:04.034789+00:00,17d683379e5f955e8a21314ec8759bf71165fc515c3c891e5888b2e166df571b,api.league-pro.com,OK,e4a44b052d4f02d3825176f6c057606a71af0f6bec93833a68992f607b389f26
306420,36298,Tournament A14. League 550-600,550-600,2026-08-31T00:29:58.753000+00:00,2026-08-30T18:29:58.753000-06:00,2026-08-31T02:29:58.753000+02:00,3,COMPLETED,812,Rostislav Hasmanda,1603,Oleg Vitrovyj,2,3,1603,Oleg Vitrovyj,,,2026-08-31T01:01:39.015000+00:00,SCHEDULED_START_PLUS_DURATION,2026-08-30T17:42:14.032781+00:00,2026-08-31T05:42:04.034789+00:00,17d683379e5f955e8a21314ec8759bf71165fc515c3c891e5888b2e166df571b,api.league-pro.com,OK,15d6d124bdf01b016b930cb16900dd595f9979ba07266a3b8e229a727302c837
306376,36293,Tournament A12. League 800-900,800-900,2026-08-31T00:30:29.727000+00:00,2026-08-30T18:30:29.727000-06:00,2026-08-31T02:30:29.727000+02:00,3,COMPLETED,747,Milan Klement,875,Martin Sobisek,2,3,875,Martin Sobisek,,,2026-08-31T00:58:39.897000+00:00,SCHEDULED_START_PLUS_DURATION,2026-08-30T17:42:14.032781+00:00,2026-08-31T05:42:04.034789+00:00,17d683379e5f955e8a21314ec8759bf71165fc515c3c891e5888b2e166df571b,api.league-pro.com,OK,89dd2dea15afb20ba86bed02202d4a98e2133fedde2254dfed437a0b208a3a36
306528,36311,Tournament A17. League 400-450,400-450,2026-08-31T00:42:37.080000+00:00,2026-08-30T18:42:37.080000-06:00,2026-08-31T02:42:37.080000+02:00,3,COMPLETED,1597,Jiri Grohsgott,1248,David Mutl,3,0,1597,Jiri Grohsgott,,,2026-08-31T00:54:32.066000+00:00,SCHEDULED_START_PLUS_DURATION,2026-08-30T17:42:14.032781+00:00,2026-08-31T05:42:04.034789+00:00,17d683379e5f955e8a21314ec8759bf71165fc515c3c891e5888b2e166df571b,api.league-pro.com,OK,6c44e306a52336a0dd29af83b6d40ad46d4c9e4144ea44de493e8ad09ac29cd1
306529,36311,Tournament A17. League 400-450,400-450,2026-08-31T01:00:19.024000+00:00,2026-08-30T19:00:19.024000-06:00,2026-08-31T03:00:19.024000+02:00,3,COMPLETED,1321,Alexander Hejduk,1557,Miroslav Vaclavik,1,3,1557,Miroslav Vaclavik,,,2026-08-31T01:24:52.884000+00:00,SCHEDULED_START_PLUS_DURATION,2026-08-30T17:42:14.032781+00:00,2026-08-31T05:42:04.034789+00:00,17d683379e5f955e8a21314ec8759bf71165fc515c3c891e5888b2e166df571b,api.league-pro.com,OK,2e1477b6804bc50b292f46b7737cc249184096e68cb83b6b70aae6e2b793130e
306377,36293,Tournament A12. League 800-900,800-900,2026-08-31T01:00:20.812000+00:00,2026-08-30T19:00:20.812000-06:00,2026-08-31T03:00:20.812000+02:00,3,COMPLETED,1609,Marek Chlebecek,1582,Viktor Vejvoda,0,3,1582,Viktor Vejvoda,,,2026-08-31T01:13:30.492000+00:00,SCHEDULED_START_PLUS_DURATION,2026-08-30T17:42:14.032781+00:00,2026-08-31T05:42:04.034789+00:00,17d683379e5f955e8a21314ec8759bf71165fc515c3c891e5888b2e166df571b,api.league-pro.com,OK,a5822960f569fb05ccdf912ce47641f02fe07ff4d4ea52c9a4774167c6ff6f27
306421,36298,Tournament A14. League 550-600,550-600,2026-08-31T01:02:49.392000+00:00,2026-08-30T19:02:49.392000-06:00,2026-08-31T03:02:49.392000+02:00,3,COMPLETED,1653,Petr Bruzek,866,Vaclav Dolezal,0,3,866,Vaclav Dolezal,,,2026-08-31T01:15:42.542000+00:00,SCHEDULED_START_PLUS_DURATION,2026-08-30T17:42:14.032781+00:00,2026-08-31T05:42:04.034789+00:00,17d683379e5f955e8a21314ec8759bf71165fc515c3c891e5888b2e166df571b,api.league-pro.com,OK,e01ddaa7d9afc6a5ee225eb611cfe1e6265a13055cb3f30d8e4e16dc7d6943f2
306378,36293,Tournament A12. League 800-900,800-900,2026-08-31T01:29:35.990000+00:00,2026-08-30T19:29:35.990000-06:00,2026-08-31T03:29:35.990000+02:00,3,COMPLETED,875,Martin Sobisek,1847,Martin Skakal,2,3,1847,Martin Skakal,,,2026-08-31T01:57:46.092000+00:00,SCHEDULED_START_PLUS_DURATION,2026-08-30T17:42:14.032781+00:00,2026-08-31T05:42:04.034789+00:00,17d683379e5f955e8a21314ec8759bf71165fc515c3c891e5888b2e166df571b,api.league-pro.com,OK,69f47ba29228f279bedda85b4068e819f5cdeda6c10318daf005764a22c4d376
306422,36298,Tournament A14. League 550-600,550-600,2026-08-31T01:30:05.383000+00:00,2026-08-30T19:30:05.383000-06:00,2026-08-31T03:30:05.383000+02:00,3,COMPLETED,1603,Oleg Vitrovyj,1217,Martin Stefek,2,3,1217,Martin Stefek,,,2026-08-31T01:51:40.647000+00:00,SCHEDULED_START_PLUS_DURATION,2026-08-30T17:42:14.032781+00:00,2026-08-31T05:42:04.034789+00:00,17d683379e5f955e8a21314ec8759bf71165fc515c3c891e5888b2e166df571b,api.league-pro.com,OK,de971b519bfe398ee8088d3c7048397c56012335a9d537f97c03b02b2eb29bd3
306530,36311,Tournament A17. League 400-450,400-450,2026-08-31T01:30:10.492000+00:00,2026-08-30T19:30:10.492000-06:00,2026-08-31T03:30:10.492000+02:00,3,COMPLETED,1248,David Mutl,1145,Jan Potensky,1,3,1145,Jan Potensky,,,2026-08-31T01:54:43.434000+00:00,SCHEDULED_START_PLUS_DURATION,2026-08-30T17:42:14.032781+00:00,2026-08-31T05:42:04.034789+00:00,17d683379e5f955e8a21314ec8759bf71165fc515c3c891e5888b2e166df571b,api.league-pro.com,OK,e1001693e8439140e6e689ebec33a16bee37cbbc46cbb8d51c27fcb66aea3cf0
306379,36293,Tournament A12. League 800-900,800-900,2026-08-31T01:59:57.341000+00:00,2026-08-30T19:59:57.341000-06:00,2026-08-31T03:59:57.341000+02:00,3,COMPLETED,1609,Marek Chlebecek,747,Milan Klement,0,3,747,Milan Klement,,,2026-08-31T02:11:19.313000+00:00,SCHEDULED_START_PLUS_DURATION,2026-08-30T17:42:14.032781+00:00,2026-08-31T05:42:04.034789+00:00,17d683379e5f955e8a21314ec8759bf71165fc515c3c891e5888b2e166df571b,api.league-pro.com,OK,85f1a614dc6c5fa7434e48a55041973bb3728c6501cee44207b036eac3a72b57
306423,36298,Tournament A14. League 550-600,550-600,2026-08-31T02:00:05.333000+00:00,2026-08-30T20:00:05.333000-06:00,2026-08-31T04:00:05.333000+02:00,3,COMPLETED,1653,Petr Bruzek,812,Rostislav Hasmanda,3,2,1653,Petr Bruzek,,,2026-08-31T02:20:50.537000+00:00,SCHEDULED_START_PLUS_DURATION,2026-08-30T17:42:14.032781+00:00,2026-08-31T05:42:04.034789+00:00,17d683379e5f955e8a21314ec8759bf71165fc515c3c891e5888b2e166df571b,api.league-pro.com,OK,a18f61236c0af0de13fe59d3e5a85ba9cae0fffb1db0ec563ee85fd89692d9d6
306531,36311,Tournament A17. League 400-450,400-450,2026-08-31T02:00:11.912000+00:00,2026-08-30T20:00:11.912000-06:00,2026-08-31T04:00:11.912000+02:00,3,COMPLETED,1321,Alexander Hejduk,1597,Jiri Grohsgott,3,1,1321,Alexander Hejduk,,,2026-08-31T02:19:16.688000+00:00,SCHEDULED_START_PLUS_DURATION,2026-08-30T17:42:14.032781+00:00,2026-08-31T05:42:04.034789+00:00,17d683379e5f955e8a21314ec8759bf71165fc515c3c891e5888b2e166df571b,api.league-pro.com,OK,3ebd4bf4e01391743e47cf0fa85f31f4b9c48950afb3dc58a3893cb1c3fcbe12
306380,36293,Tournament A12. League 800-900,800-900,2026-08-31T02:29:48.556000+00:00,2026-08-30T20:29:48.556000-06:00,2026-08-31T04:29:48.556000+02:00,3,COMPLETED,1847,Martin Skakal,1582,Viktor Vejvoda,0,3,1582,Viktor Vejvoda,,,2026-08-31T02:42:06.121000+00:00,SCHEDULED_START_PLUS_DURATION,2026-08-30T17:42:14.032781+00:00,2026-08-31T05:42:04.034789+00:00,17d683379e5f955e8a21314ec8759bf71165fc515c3c891e5888b2e166df571b,api.league-pro.com,OK,31253692451aea2f996304c3231cf963d74b3455351a8b7fbc6d2203696114f7
306424,36298,Tournament A14. League 550-600,550-600,2026-08-31T02:30:03.885000+00:00,2026-08-30T20:30:03.885000-06:00,2026-08-31T04:30:03.885000+02:00,3,COMPLETED,1217,Martin Stefek,866,Vaclav Dolezal,1,3,866,Vaclav Dolezal,,,2026-08-31T02:48:26.553000+00:00,SCHEDULED_START_PLUS_DURATION,2026-08-30T17:42:14.032781+00:00,2026-08-31T05:42:04.034789+00:00,17d683379e5f955e8a21314ec8759bf71165fc515c3c891e5888b2e166df571b,api.league-pro.com,OK,aefb7f8eedc44e228b45d78ab3711a34d934ae52b281c7c70e117c024565c970
306532,36311,Tournament A17. League 400-450,400-450,2026-08-31T02:30:14.019000+00:00,2026-08-30T20:30:14.019000-06:00,2026-08-31T04:30:14.019000+02:00,3,COMPLETED,1145,Jan Potensky,1557,Miroslav Vaclavik,1,3,1557,Miroslav Vaclavik,,,2026-08-31T02:48:33.040000+00:00,SCHEDULED_START_PLUS_DURATION,2026-08-30T17:42:14.032781+00:00,2026-08-31T05:42:04.034789+00:00,17d683379e5f955e8a21314ec8759bf71165fc515c3c891e5888b2e166df571b,api.league-pro.com,OK,c9bdcb87d9b7bd3c95aa7ede19240c8478bc2b8e1ecc534730cc43d4422e627a
306425,36298,Tournament A14. League 550-600,550-600,2026-08-31T03:00:02.500000+00:00,2026-08-30T21:00:02.500000-06:00,2026-08-31T05:00:02.500000+02:00,3,COMPLETED,866,Vaclav Dolezal,1653,Petr Bruzek,3,0,866,Vaclav Dolezal,,,2026-08-31T03:11:23.205000+00:00,SCHEDULED_START_PLUS_DURATION,2026-08-30T17:42:14.032781+00:00,2026-08-31T05:42:04.034789+00:00,17d683379e5f955e8a21314ec8759bf71165fc515c3c891e5888b2e166df571b,api.league-pro.com,OK,8319cef6f204fe7b218475655d7b06a85237299baeec79a558c24f1d93ce1fe9
306381,36293,Tournament A12. League 800-900,800-900,2026-08-31T03:00:08.959000+00:00,2026-08-30T21:00:08.959000-06:00,2026-08-31T05:00:08.959000+02:00,3,COMPLETED,875,Martin Sobisek,747,Milan Klement,1,3,747,Milan Klement,,,2026-08-31T03:21:11.435000+00:00,SCHEDULED_START_PLUS_DURATION,2026-08-30T17:42:14.032781+00:00,2026-08-31T05:42:04.034789+00:00,17d683379e5f955e8a21314ec8759bf71165fc515c3c891e5888b2e166df571b,api.league-pro.com,OK,0f0f041eed41ff48706d6347a3e40d72a50376b907e0e592049b095e20a411d2
306533,36311,Tournament A17. League 400-450,400-450,2026-08-31T03:00:17.436000+00:00,2026-08-30T21:00:17.436000-06:00,2026-08-31T05:00:17.436000+02:00,3,COMPLETED,1145,Jan Potensky,1321,Alexander Hejduk,2,3,1321,Alexander Hejduk,,,2026-08-31T03:30:29.645000+00:00,SCHEDULED_START_PLUS_DURATION,2026-08-30T17:42:14.032781+00:00,2026-08-31T05:42:04.034789+00:00,17d683379e5f955e8a21314ec8759bf71165fc515c3c891e5888b2e166df571b,api.league-pro.com,OK,952bfee64b2fd62f8b1278f7b54ff3efbf47cf79751f1513a24fc1f779c64b39
306382,36293,Tournament A12. League 800-900,800-900,2026-08-31T03:29:53.283000+00:00,2026-08-30T21:29:53.283000-06:00,2026-08-31T05:29:53.283000+02:00,3,COMPLETED,1582,Viktor Vejvoda,1847,Martin Skakal,3,1,1582,Viktor Vejvoda,,,2026-08-31T03:43:40.606000+00:00,SCHEDULED_START_PLUS_DURATION,2026-08-30T17:42:14.032781+00:00,2026-08-31T05:42:04.034789+00:00,17d683379e5f955e8a21314ec8759bf71165fc515c3c891e5888b2e166df571b,api.league-pro.com,OK,a6a8df6892a22efecdbf1b8c79eb751ff6c7745522537dc0e37fb24b1a4e4233
306426,36298,Tournament A14. League 550-600,550-600,2026-08-31T03:30:07.684000+00:00,2026-08-30T21:30:07.684000-06:00,2026-08-31T05:30:07.684000+02:00,3,COMPLETED,1603,Oleg Vitrovyj,1217,Martin Stefek,3,2,1603,Oleg Vitrovyj,,,2026-08-31T03:48:29.507000+00:00,SCHEDULED_START_PLUS_DURATION,2026-08-30T17:42:14.032781+00:00,2026-08-31T05:42:04.034789+00:00,17d683379e5f955e8a21314ec8759bf71165fc515c3c891e5888b2e166df571b,api.league-pro.com,OK,1521c70803dc1780264bead3716aba6790f1e6e1a793b5cdbe2a86d8f097ef75
306534,36311,Tournament A17. League 400-450,400-450,2026-08-31T03:32:48.123000+00:00,2026-08-30T21:32:48.123000-06:00,2026-08-31T05:32:48.123000+02:00,3,COMPLETED,1557,Miroslav Vaclavik,1597,Jiri Grohsgott,3,1,1557,Miroslav Vaclavik,,,2026-08-31T03:51:29.108000+00:00,SCHEDULED_START_PLUS_DURATION,2026-08-30T17:42:14.032781+00:00,2026-08-31T05:42:04.034789+00:00,17d683379e5f955e8a21314ec8759bf71165fc515c3c891e5888b2e166df571b,api.league-pro.com,OK,668734d48edecd294f1e9025f24a642f6a19e53b6136efdf1b4238da09bc8a2b
306687,36330,Tournament A18. League 700-800,700-800,2026-08-31T06:00:13.495000+00:00,2026-08-31T00:00:13.495000-06:00,2026-08-31T08:00:13.495000+02:00,3,COMPLETED,1714,Samuel Byrtus,1864,Daniel Langer,3,1,1714,Samuel Byrtus,,,2026-08-31T06:16:33.827000+00:00,SCHEDULED_START_PLUS_DURATION,2026-08-30T17:42:14.032781+00:00,2026-08-31T17:42:14.068146+00:00,7f55625fb8ca1f824a07509e13f5b60fbdca32dc155d06eeb505f89d8b77a2f1,api.league-pro.com,OK,3f38fb02b5814c0c74c3a693e1c1a1d7be738377adea3a09e0dba74f3947fb61
306623,36322,Tournament A17. League 800-900,800-900,2026-08-31T06:00:15.292000+00:00,2026-08-31T00:00:15.292000-06:00,2026-08-31T08:00:15.292000+02:00,3,COMPLETED,1539,Jakub Tazler,1415,Jiri Zuzanek,3,2,1539,Jakub Tazler,,,2026-08-31T06:18:52.485000+00:00,SCHEDULED_START_PLUS_DURATION,2026-08-30T17:42:14.032781+00:00,2026-08-31T17:42:14.068146+00:00,7f55625fb8ca1f824a07509e13f5b60fbdca32dc155d06eeb505f89d8b77a2f1,api.league-pro.com,OK,cb856dca8b559466a22d9ba34e52df1b115b7ab08a9c95f64849648e9259cce6
306579,36317,Tournament A14. League 600-700,600-700,2026-08-31T06:00:15.532000+00:00,2026-08-31T00:00:15.532000-06:00,2026-08-31T08:00:15.532000+02:00,3,COMPLETED,1015,Michal Vedmoch,824,Milan Kolar,3,2,1015,Michal Vedmoch,,,2026-08-31T06:29:14.655000+00:00,SCHEDULED_START_PLUS_DURATION,2026-08-30T17:42:14.032781+00:00,2026-08-31T17:42:14.068146+00:00,7f55625fb8ca1f824a07509e13f5b60fbdca32dc155d06eeb505f89d8b77a2f1,api.league-pro.com,OK,a57c0b66e3b37ee837a550fb72700d1a2d37141c81796ed401781a72c16ee58d
306536,36312,Tournament A12. League 500-550,500-550,2026-08-31T06:00:31.194000+00:00,2026-08-31T00:00:31.194000-06:00,2026-08-31T08:00:31.194000+02:00,3,COMPLETED,1824,Martin Ulrych,1452,Zdenek Zikmunda,1,3,1452,Zdenek Zikmunda,,,2026-08-31T06:14:43.892000+00:00,SCHEDULED_START_PLUS_DURATION,2026-08-30T17:42:14.032781+00:00,2026-08-31T17:42:14.068146+00:00,7f55625fb8ca1f824a07509e13f5b60fbdca32dc155d06eeb505f89d8b77a2f1,api.league-pro.com,OK,8c77c6aeb9903f4d7287e04fb6484d18e539f8cf628a29401a836dad0f158545
306631,36323,Tournament A16. League 1000-1100,1000-1100,2026-08-31T06:00:35.412000+00:00,2026-08-31T00:00:35.412000-06:00,2026-08-31T08:00:35.412000+02:00,3,COMPLETED,1784,Tomas Dousek,1114,Michal Vavrecka,0,3,1114,Michal Vavrecka,,,2026-08-31T06:11:02.402000+00:00,SCHEDULED_START_PLUS_DURATION,2026-08-30T17:42:14.032781+00:00,2026-08-31T17:42:14.068146+00:00,7f55625fb8ca1f824a07509e13f5b60fbdca32dc155d06eeb505f89d8b77a2f1,api.league-pro.com,OK,f428e85e68505fc1cbedbff1427c7463f1ade3723ab92b71b555685a36b39612
306688,36330,Tournament A18. League 700-800,700-800,2026-08-31T06:30:08.407000+00:00,2026-08-31T00:30:08.407000-06:00,2026-08-31T08:30:08.407000+02:00,3,COMPLETED,1757,David Heczko,1038,Dalimil Machander,0,3,1038,Dalimil Machander,,,2026-08-31T06:42:09.924000+00:00,SCHEDULED_START_PLUS_DURATION,2026-08-30T17:42:14.032781+00:00,2026-08-31T17:42:14.068146+00:00,7f55625fb8ca1f824a07509e13f5b60fbdca32dc155d06eeb505f89d8b77a2f1,api.league-pro.com,OK,98f85a037b3974652f779cfe6a258ceb0f543a82dc2377e761a7ba92058d2022
306632,36323,Tournament A16. League 1000-1100,1000-1100,2026-08-31T06:30:10.584000+00:00,2026-08-31T00:30:10.584000-06:00,2026-08-31T08:30:10.584000+02:00,3,COMPLETED,1705,Michal Cabis,1283,Radovan Polasek,1,3,1283,Radovan Polasek,,,2026-08-31T06:47:50.269000+00:00,SCHEDULED_START_PLUS_DURATION,2026-08-30T17:42:14.032781+00:00,2026-08-31T17:42:14.068146+00:00,7f55625fb8ca1f824a07509e13f5b60fbdca32dc155d06eeb505f89d8b77a2f1,api.league-pro.com,OK,b9b7a865574745ef9a1297d9a40db1b832ffd8c1e46b022a37f3a06ba51f9d32
306624,36322,Tournament A17. League 800-900,800-900,2026-08-31T06:30:11.250000+00:00,2026-08-31T00:30:11.250000-06:00,2026-08-31T08:30:11.250000+02:00,3,COMPLETED,1873,Mark Wagner,1563,Martin Sychra,2,3,1563,Martin Sychra,,,2026-08-31T06:51:58.081000+00:00,SCHEDULED_START_PLUS_DURATION,2026-08-30T17:42:14.032781+00:00,2026-08-31T17:42:14.068146+00:00,7f55625fb8ca1f824a07509e13f5b60fbdca32dc155d06eeb505f89d8b77a2f1,api.league-pro.com,OK,563335c80640509d04eb213e06beaa1aeca6ff97a3601ddcf97d9d597f64899e
306535,36312,Tournament A12. League 500-550,500-550,2026-08-31T06:30:22.243000+00:00,2026-08-31T00:30:22.243000-06:00,2026-08-31T08:30:22.243000+02:00,3,COMPLETED,1681,Adam Svoboda,1239,Ladislav Havel,0,3,1239,Ladislav Havel,,,2026-08-31T06:42:26.372000+00:00,SCHEDULED_START_PLUS_DURATION,2026-08-30T17:42:14.032781+00:00,2026-08-31T17:42:14.068146+00:00,7f55625fb8ca1f824a07509e13f5b60fbdca32dc155d06eeb505f89d8b77a2f1,api.league-pro.com,OK,b8d7d68f017b6a577715b9e26e96d2570c750f68bd22e5aa8b8002720ee1a899
306580,36317,Tournament A14. League 600-700,600-700,2026-08-31T06:31:17.114000+00:00,2026-08-31T00:31:17.114000-06:00,2026-08-31T08:31:17.114000+02:00,3,COMPLETED,934,Jiri Plachy,897,Tibor Kolenic,3,0,934,Jiri Plachy,,,2026-08-31T06:43:51.945000+00:00,SCHEDULED_START_PLUS_DURATION,2026-08-30T17:42:14.032781+00:00,2026-08-31T17:42:14.068146+00:00,7f55625fb8ca1f824a07509e13f5b60fbdca32dc155d06eeb505f89d8b77a2f1,api.league-pro.com,OK,2e4bd4d026c455204f420306e066c2de8877461fb074212120ca10cfb6104153
306633,36323,Tournament A16. League 1000-1100,1000-1100,2026-08-31T07:00:08.628000+00:00,2026-08-31T01:00:08.628000-06:00,2026-08-31T09:00:08.628000+02:00,3,COMPLETED,1114,Michal Vavrecka,1705,Michal Cabis,1,3,1705,Michal Cabis,,,2026-08-31T07:18:36.042000+00:00,SCHEDULED_START_PLUS_DURATION,2026-08-30T17:42:14.032781+00:00,2026-08-31T17:42:14.068146+00:00,7f55625fb8ca1f824a07509e13f5b60fbdca32dc155d06eeb505f89d8b77a2f1,api.league-pro.com,OK,b3ff2e9d57844d904760e4f70053bcd0af55b418cd9d29395b9a8a6061131bbf
306625,36322,Tournament A17. League 800-900,800-900,2026-08-31T07:00:11.203000+00:00,2026-08-31T01:00:11.203000-06:00,2026-08-31T09:00:11.203000+02:00,3,COMPLETED,1415,Jiri Zuzanek,1873,Mark Wagner,2,3,1873,Mark Wagner,,,2026-08-31T07:19:53.638000+00:00,SCHEDULED_START_PLUS_DURATION,2026-08-30T17:42:14.032781+00:00,2026-08-31T17:42:14.068146+00:00,7f55625fb8ca1f824a07509e13f5b60fbdca32dc155d06eeb505f89d8b77a2f1,api.league-pro.com,OK,8aa24059dc03933a4293af6a049cbf23cc1ebd7d198ff1f28d747b78ea591402
306581,36317,Tournament A14. League 600-700,600-700,2026-08-31T07:00:11.842000+00:00,2026-08-31T01:00:11.842000-06:00,2026-08-31T09:00:11.842000+02:00,3,COMPLETED,824,Milan Kolar,934,Jiri Plachy,1,3,934,Jiri Plachy,,,2026-08-31T07:21:21.270000+00:00,SCHEDULED_START_PLUS_DURATION,2026-08-30T17:42:14.032781+00:00,2026-08-31T17:42:14.068146+00:00,7f55625fb8ca1f824a07509e13f5b60fbdca32dc155d06eeb505f89d8b77a2f1,api.league-pro.com,OK,c5e007843256a8d809f412166ebd953a5c540b231cee1bc68e395181a33c3f66
306689,36330,Tournament A18. League 700-800,700-800,2026-08-31T07:00:12.737000+00:00,2026-08-31T01:00:12.737000-06:00,2026-08-31T09:00:12.737000+02:00,3,COMPLETED,1864,Daniel Langer,1757,David Heczko,2,3,1757,David Heczko,,,2026-08-31T07:21:46.883000+00:00,SCHEDULED_START_PLUS_DURATION,2026-08-30T17:42:14.032781+00:00,2026-08-31T17:42:14.068146+00:00,7f55625fb8ca1f824a07509e13f5b60fbdca32dc155d06eeb505f89d8b77a2f1,api.league-pro.com,OK,aa15b3ff258f103db86bb9f49241c06a4821e3e953cbd266aead0b6a5db662f7
306537,36312,Tournament A12. League 500-550,500-550,2026-08-31T07:00:13.307000+00:00,2026-08-31T01:00:13.307000-06:00,2026-08-31T09:00:13.307000+02:00,3,COMPLETED,1239,Ladislav Havel,1824,Martin Ulrych,3,0,1239,Ladislav Havel,,,2026-08-31T07:12:02.788000+00:00,SCHEDULED_START_PLUS_DURATION,2026-08-30T17:42:14.032781+00:00,2026-08-31T17:42:14.068146+00:00,7f55625fb8ca1f824a07509e13f5b60fbdca32dc155d06eeb505f89d8b77a2f1,api.league-pro.com,OK,03d24e451225fbc16e140a2070c0df77aa029cca07dc950116446c79fbfcb8df
306626,36322,Tournament A17. League 800-900,800-900,2026-08-31T07:30:08.261000+00:00,2026-08-31T01:30:08.261000-06:00,2026-08-31T09:30:08.261000+02:00,3,COMPLETED,1563,Martin Sychra,1539,Jakub Tazler,3,2,1563,Martin Sychra,,,2026-08-31T07:49:37.878000+00:00,SCHEDULED_START_PLUS_DURATION,2026-08-30T17:42:14.032781+00:00,2026-08-31T17:42:14.068146+00:00,7f55625fb8ca1f824a07509e13f5b60fbdca32dc155d06eeb505f89d8b77a2f1,api.league-pro.com,OK,7ef03680f460e68fb49dfcb4cd8b3c63edad6d5cdae27f0bb5fe65b019822fe4
306582,36317,Tournament A14. League 600-700,600-700,2026-08-31T07:30:08.966000+00:00,2026-08-31T01:30:08.966000-06:00,2026-08-31T09:30:08.966000+02:00,3,COMPLETED,897,Tibor Kolenic,1015,Michal Vedmoch,3,2,897,Tibor Kolenic,,,2026-08-31T07:51:58.448000+00:00,SCHEDULED_START_PLUS_DURATION,2026-08-30T17:42:14.032781+00:00,2026-08-31T17:42:14.068146+00:00,7f55625fb8ca1f824a07509e13f5b60fbdca32dc155d06eeb505f89d8b77a2f1,api.league-pro.com,OK,027f1c6c30cae04b5f34b4900bca8b4f65fe249457e772a08e5ef8d99c9dbfbd
306634,36323,Tournament A16. League 1000-1100,1000-1100,2026-08-31T07:30:13.584000+00:00,2026-08-31T01:30:13.584000-06:00,2026-08-31T09:30:13.584000+02:00,3,COMPLETED,1283,Radovan Polasek,1784,Tomas Dousek,2,3,1784,Tomas Dousek,,,2026-08-31T07:55:59.867000+00:00,SCHEDULED_START_PLUS_DURATION,2026-08-30T17:42:14.032781+00:00,2026-08-31T17:42:14.068146+00:00,7f55625fb8ca1f824a07509e13f5b60fbdca32dc155d06eeb505f89d8b77a2f1,api.league-pro.com,OK,dd898bbcd8652c5e2ef0a4e83b94499cab183ed3078385b64c941e0eb7cefad3
306538,36312,Tournament A12. League 500-550,500-550,2026-08-31T07:30:18.653000+00:00,2026-08-31T01:30:18.653000-06:00,2026-08-31T09:30:18.653000+02:00,3,COMPLETED,1452,Zdenek Zikmunda,1681,Adam Svoboda,0,3,1681,Adam Svoboda,,,2026-08-31T07:39:29.058000+00:00,SCHEDULED_START_PLUS_DURATION,2026-08-30T17:42:14.032781+00:00,2026-08-31T17:42:14.068146+00:00,7f55625fb8ca1f824a07509e13f5b60fbdca32dc155d06eeb505f89d8b77a2f1,api.league-pro.com,OK,062f73a068dc039b5e8bb37b0c6cb7a4002a346f22e64c92a175f86e34a32b8b
306690,36330,Tournament A18. League 700-800,700-800,2026-08-31T07:30:21.123000+00:00,2026-08-31T01:30:21.123000-06:00,2026-08-31T09:30:21.123000+02:00,3,COMPLETED,1038,Dalimil Machander,1714,Samuel Byrtus,3,1,1038,Dalimil Machander,,,2026-08-31T07:50:03.268000+00:00,SCHEDULED_START_PLUS_DURATION,2026-08-30T17:42:14.032781+00:00,2026-08-31T17:42:14.068146+00:00,7f55625fb8ca1f824a07509e13f5b60fbdca32dc155d06eeb505f89d8b77a2f1,api.league-pro.com,OK,e56850bff577e52d9e204b0bd1f53670f067d5522edf99a49091c8de9a7649cc
306627,36322,Tournament A17. League 800-900,800-900,2026-08-31T08:00:09.965000+00:00,2026-08-31T02:00:09.965000-06:00,2026-08-31T10:00:09.965000+02:00,3,COMPLETED,1539,Jakub Tazler,1873,Mark Wagner,1,3,1873,Mark Wagner,,,2026-08-31T08:16:57.096000+00:00,SCHEDULED_START_PLUS_DURATION,2026-08-30T17:42:14.032781+00:00,2026-08-31T17:42:14.068146+00:00,7f55625fb8ca1f824a07509e13f5b60fbdca32dc155d06eeb505f89d8b77a2f1,api.league-pro.com,OK,36420ab7dea6cef87442edfa6decf44ef956dfde074eaf4db4c613da741fac3a
306583,36317,Tournament A14. League 600-700,600-700,2026-08-31T08:00:10.021000+00:00,2026-08-31T02:00:10.021000-06:00,2026-08-31T10:00:10.021000+02:00,3,COMPLETED,1015,Michal Vedmoch,934,Jiri Plachy,2,3,934,Jiri Plachy,,,2026-08-31T08:20:54.708000+00:00,SCHEDULED_START_PLUS_DURATION,2026-08-30T17:42:14.032781+00:00,2026-08-31T17:42:14.068146+00:00,7f55625fb8ca1f824a07509e13f5b60fbdca32dc155d06eeb505f89d8b77a2f1,api.league-pro.com,OK,f2ad277e681b4ec860aa9dbc13170fc8c7f2f5da4369ad936e64f795ac669115
306539,36312,Tournament A12. League 500-550,500-550,2026-08-31T08:00:14.660000+00:00,2026-08-31T02:00:14.660000-06:00,2026-08-31T10:00:14.660000+02:00,3,COMPLETED,1681,Adam Svoboda,1824,Martin Ulrych,3,0,1681,Adam Svoboda,,,2026-08-31T08:10:50.369000+00:00,SCHEDULED_START_PLUS_DURATION,2026-08-30T17:42:14.032781+00:00,2026-08-31T17:42:14.068146+00:00,7f55625fb8ca1f824a07509e13f5b60fbdca32dc155d06eeb505f89d8b77a2f1,api.league-pro.com,OK,175b4982380e95e4a661d85a53c064a4c32cd30fb6499f328da2e4d07a049111
306635,36323,Tournament A16. League 1000-1100,1000-1100,2026-08-31T08:00:18.410000+00:00,2026-08-31T02:00:18.410000-06:00,2026-08-31T10:00:18.410000+02:00,3,COMPLETED,1784,Tomas Dousek,1705,Michal Cabis,0,3,1705,Michal Cabis,,,2026-08-31T08:15:05.201000+00:00,SCHEDULED_START_PLUS_DURATION,2026-08-30T17:42:14.032781+00:00,2026-08-31T17:42:14.068146+00:00,7f55625fb8ca1f824a07509e13f5b60fbdca32dc155d06eeb505f89d8b77a2f1,api.league-pro.com,OK,e2c71ed2950136ef26f4a283c8ab2312069450fe769d22185c88eb27985d40fc
306691,36330,Tournament A18. League 700-800,700-800,2026-08-31T08:00:29.718000+00:00,2026-08-31T02:00:29.718000-06:00,2026-08-31T10:00:29.718000+02:00,3,COMPLETED,1714,Samuel Byrtus,1757,David Heczko,0,3,1757,David Heczko,,,2026-08-31T08:15:40.902000+00:00,SCHEDULED_START_PLUS_DURATION,2026-08-30T17:42:14.032781+00:00,2026-08-31T17:42:14.068146+00:00,7f55625fb8ca1f824a07509e13f5b60fbdca32dc155d06eeb505f89d8b77a2f1,api.league-pro.com,OK,1e756ca574c0592ff2afb8e2c2dab27ff8b0357a3491be896643d74d903b80df
306628,36322,Tournament A17. League 800-900,800-900,2026-08-31T08:30:07.177000+00:00,2026-08-31T02:30:07.177000-06:00,2026-08-31T10:30:07.177000+02:00,3,COMPLETED,1415,Jiri Zuzanek,1563,Martin Sychra,3,2,1415,Jiri Zuzanek,,,2026-08-31T08:45:20.135000+00:00,SCHEDULED_START_PLUS_DURATION,2026-08-30T17:42:14.032781+00:00,2026-08-31T17:42:14.068146+00:00,7f55625fb8ca1f824a07509e13f5b60fbdca32dc155d06eeb505f89d8b77a2f1,api.league-pro.com,OK,3046e66c0a7847f97e68a1de95fd53daf795ca45eb47c2a00967ba59bab856d0
306584,36317,Tournament A14. League 600-700,600-700,2026-08-31T08:30:08.197000+00:00,2026-08-31T02:30:08.197000-06:00,2026-08-31T10:30:08.197000+02:00,3,COMPLETED,824,Milan Kolar,897,Tibor Kolenic,3,0,824,Milan Kolar,,,2026-08-31T08:42:42.257000+00:00,SCHEDULED_START_PLUS_DURATION,2026-08-30T17:42:14.032781+00:00,2026-08-31T17:42:14.068146+00:00,7f55625fb8ca1f824a07509e13f5b60fbdca32dc155d06eeb505f89d8b77a2f1,api.league-pro.com,OK,b11ac09bc2e8760c7b6ba015873136c8ceb2597d5cc32a78cc17bce0b0751bd2
306636,36323,Tournament A16. League 1000-1100,1000-1100,2026-08-31T08:30:09.523000+00:00,2026-08-31T02:30:09.523000-06:00,2026-08-31T10:30:09.523000+02:00,3,COMPLETED,1114,Michal Vavrecka,1283,Radovan Polasek,1,3,1283,Radovan Polasek,,,2026-08-31T08:45:06.725000+00:00,SCHEDULED_START_PLUS_DURATION,2026-08-30T17:42:14.032781+00:00,2026-08-31T17:42:14.068146+00:00,7f55625fb8ca1f824a07509e13f5b60fbdca32dc155d06eeb505f89d8b77a2f1,api.league-pro.com,OK,94a24ce4df69ad0eed8a8661515651cd9ad20e8133e7ac8e4911f46ee49d27da
306540,36312,Tournament A12. League 500-550,500-550,2026-08-31T08:30:09.850000+00:00,2026-08-31T02:30:09.850000-06:00,2026-08-31T10:30:09.850000+02:00,3,COMPLETED,1239,Ladislav Havel,1452,Zdenek Zikmunda,3,1,1239,Ladislav Havel,,,2026-08-31T08:46:46.578000+00:00,SCHEDULED_START_PLUS_DURATION,2026-08-30T17:42:14.032781+00:00,2026-08-31T17:42:14.068146+00:00,7f55625fb8ca1f824a07509e13f5b60fbdca32dc155d06eeb505f89d8b77a2f1,api.league-pro.com,OK,e62da94cd0720764d60b8db24f16693a62ee516a11852d9f70412b6ca24bd0fe
306692,36330,Tournament A18. League 700-800,700-800,2026-08-31T08:30:13.807000+00:00,2026-08-31T02:30:13.807000-06:00,2026-08-31T10:30:13.807000+02:00,3,COMPLETED,1864,Daniel Langer,1038,Dalimil Machander,3,2,1864,Daniel Langer,,,2026-08-31T08:58:15.028000+00:00,SCHEDULED_START_PLUS_DURATION,2026-08-30T17:42:14.032781+00:00,2026-08-31T17:42:14.068146+00:00,7f55625fb8ca1f824a07509e13f5b60fbdca32dc155d06eeb505f89d8b77a2f1,api.league-pro.com,OK,7419d6264449398a0c266bd111b4596a0aa2c608660bf8428d694b99e1867416
306541,36312,Tournament A12. League 500-550,500-550,2026-08-31T09:00:43.412000+00:00,2026-08-31T03:00:43.412000-06:00,2026-08-31T11:00:43.412000+02:00,3,COMPLETED,1452,Zdenek Zikmunda,1824,Martin Ulrych,1,3,1824,Martin Ulrych,,,2026-08-31T09:16:17.664000+00:00,SCHEDULED_START_PLUS_DURATION,2026-08-30T17:42:14.032781+00:00,2026-08-31T17:42:14.068146+00:00,7f55625fb8ca1f824a07509e13f5b60fbdca32dc155d06eeb505f89d8b77a2f1,api.league-pro.com,OK,694e7146469c9cfcda2c39a0e094a0fa12e7b070074a34b466576e4760b717aa
306585,36317,Tournament A14. League 600-700,600-700,2026-08-31T09:00:45.625000+00:00,2026-08-31T03:00:45.625000-06:00,2026-08-31T11:00:45.625000+02:00,3,COMPLETED,824,Milan Kolar,897,Tibor Kolenic,3,0,824,Milan Kolar,,,2026-08-31T09:13:57.408000+00:00,SCHEDULED_START_PLUS_DURATION,2026-08-30T17:42:14.032781+00:00,2026-08-31T17:42:14.068146+00:00,7f55625fb8ca1f824a07509e13f5b60fbdca32dc155d06eeb505f89d8b77a2f1,api.league-pro.com,OK,aa04be64d8f6dbb2f523f5eed03fb56451880c65631832d9f520d6f676539003
306629,36322,Tournament A17. League 800-900,800-900,2026-08-31T09:00:46.896000+00:00,2026-08-31T03:00:46.896000-06:00,2026-08-31T11:00:46.896000+02:00,3,COMPLETED,1415,Jiri Zuzanek,1539,Jakub Tazler,3,2,1415,Jiri Zuzanek,,,2026-08-31T09:20:09.786000+00:00,SCHEDULED_START_PLUS_DURATION,2026-08-30T17:42:14.032781+00:00,2026-08-31T17:42:14.068146+00:00,7f55625fb8ca1f824a07509e13f5b60fbdca32dc155d06eeb505f89d8b77a2f1,api.league-pro.com,OK,ca1ed5f70543e111cad3a80f3153affc2d41ca24cf746d155beb165fd375bdb6
306637,36323,Tournament A16. League 1000-1100,1000-1100,2026-08-31T09:00:50.534000+00:00,2026-08-31T03:00:50.534000-06:00,2026-08-31T11:00:50.534000+02:00,3,COMPLETED,1114,Michal Vavrecka,1784,Tomas Dousek,3,1,1114,Michal Vavrecka,,,2026-08-31T09:18:19.754000+00:00,SCHEDULED_START_PLUS_DURATION,2026-08-30T17:42:14.032781+00:00,2026-08-31T17:42:14.068146+00:00,7f55625fb8ca1f824a07509e13f5b60fbdca32dc155d06eeb505f89d8b77a2f1,api.league-pro.com,OK,5cd963d67f4a0aaf74b3c4dd910b0e2595c612ccc6490321f4e4183b992489dc
306693,36330,Tournament A18. League 700-800,700-800,2026-08-31T09:06:36.331000+00:00,2026-08-31T03:06:36.331000-06:00,2026-08-31T11:06:36.331000+02:00,3,COMPLETED,1864,Daniel Langer,1714,Samuel Byrtus,0,3,1714,Samuel Byrtus,,,2026-08-31T09:21:42.219000+00:00,SCHEDULED_START_PLUS_DURATION,2026-08-30T17:42:14.032781+00:00,2026-08-31T17:42:14.068146+00:00,7f55625fb8ca1f824a07509e13f5b60fbdca32dc155d06eeb505f89d8b77a2f1,api.league-pro.com,OK,3087c59cc8552018878e50d6b7685e6009c071be0048add2d1aebcaebce870b7
306586,36317,Tournament A14. League 600-700,600-700,2026-08-31T09:30:09.586000+00:00,2026-08-31T03:30:09.586000-06:00,2026-08-31T11:30:09.586000+02:00,3,COMPLETED,934,Jiri Plachy,1015,Michal Vedmoch,1,3,1015,Michal Vedmoch,,,2026-08-31T09:47:01.882000+00:00,SCHEDULED_START_PLUS_DURATION,2026-08-30T17:42:14.032781+00:00,2026-08-31T17:42:14.068146+00:00,7f55625fb8ca1f824a07509e13f5b60fbdca32dc155d06eeb505f89d8b77a2f1,api.league-pro.com,OK,b95889c9542389544263e6e2e2da286e72a499905c867a4df7d6d9bf594a3879
306630,36322,Tournament A17. League 800-900,800-900,2026-08-31T09:30:09.826000+00:00,2026-08-31T03:30:09.826000-06:00,2026-08-31T11:30:09.826000+02:00,3,COMPLETED,1873,Mark Wagner,1563,Martin Sychra,3,0,1873,Mark Wagner,,,2026-08-31T09:41:38.648000+00:00,SCHEDULED_START_PLUS_DURATION,2026-08-30T17:42:14.032781+00:00,2026-08-31T17:42:14.068146+00:00,7f55625fb8ca1f824a07509e13f5b60fbdca32dc155d06eeb505f89d8b77a2f1,api.league-pro.com,OK,05e44f3ed9e8227304611e690e725a5d22957282cfd8f5a68a6ac3a8ceaea4a2
306694,36330,Tournament A18. League 700-800,700-800,2026-08-31T09:30:10.383000+00:00,2026-08-31T03:30:10.383000-06:00,2026-08-31T11:30:10.383000+02:00,3,COMPLETED,1038,Dalimil Machander,1757,David Heczko,2,3,1757,David Heczko,,,2026-08-31T09:57:42.497000+00:00,SCHEDULED_START_PLUS_DURATION,2026-08-30T17:42:14.032781+00:00,2026-08-31T17:42:14.068146+00:00,7f55625fb8ca1f824a07509e13f5b60fbdca32dc155d06eeb505f89d8b77a2f1,api.league-pro.com,OK,07c69586346eece5c6787bd77a870569f918c40d216853550a73a35a51f2a2a0
306638,36323,Tournament A16. League 1000-1100,1000-1100,2026-08-31T09:30:13.484000+00:00,2026-08-31T03:30:13.484000-06:00,2026-08-31T11:30:13.484000+02:00,3,COMPLETED,1283,Radovan Polasek,1705,Michal Cabis,0,3,1705,Michal Cabis,,,2026-08-31T09:42:32.921000+00:00,SCHEDULED_START_PLUS_DURATION,2026-08-30T17:42:14.032781+00:00,2026-08-31T17:42:14.068146+00:00,7f55625fb8ca1f824a07509e13f5b60fbdca32dc155d06eeb505f89d8b77a2f1,api.league-pro.com,OK,46836ac7844eabc4381556a43602bdea7672aed2fe43b04ddf60feffc5ca60bd
306542,36312,Tournament A12. League 500-550,500-550,2026-08-31T09:30:14.205000+00:00,2026-08-31T03:30:14.205000-06:00,2026-08-31T11:30:14.205000+02:00,3,COMPLETED,1239,Ladislav Havel,1681,Adam Svoboda,1,3,1681,Adam Svoboda,,,2026-08-31T09:46:04.554000+00:00,SCHEDULED_START_PLUS_DURATION,2026-08-30T17:42:14.032781+00:00,2026-08-31T17:42:14.068146+00:00,7f55625fb8ca1f824a07509e13f5b60fbdca32dc155d06eeb505f89d8b77a2f1,api.league-pro.com,OK,0b6b9ced452fdbf1079a10145bf7b430f53185909c839987e9d131a4df9c5439
306663,36327,Tournament A17. League 800-900,800-900,2026-08-31T10:00:08.730000+00:00,2026-08-31T04:00:08.730000-06:00,2026-08-31T12:00:08.730000+02:00,3,COMPLETED,1563,Martin Sychra,809,Michal Regner,3,2,1563,Martin Sychra,,,2026-08-31T10:23:54.423000+00:00,SCHEDULED_START_PLUS_DURATION,2026-08-30T17:42:14.032781+00:00,2026-08-31T17:42:14.068146+00:00,7f55625fb8ca1f824a07509e13f5b60fbdca32dc155d06eeb505f89d8b77a2f1,api.league-pro.com,OK,fe37cbf31fb2ee20b9b4d2629772d7b54e33c8fc453452fc5c22914b2a472310
306679,36329,Tournament A18. League 800-900,800-900,2026-08-31T10:00:13.156000+00:00,2026-08-31T04:00:13.156000-06:00,2026-08-31T12:00:13.156000+02:00,3,COMPLETED,1709,Michal Chalupa,1875,Frantisek Nadymacek,0,3,1875,Frantisek Nadymacek,,,2026-08-31T10:12:00.225000+00:00,SCHEDULED_START_PLUS_DURATION,2026-08-30T17:42:14.032781+00:00,2026-08-31T17:42:14.068146+00:00,7f55625fb8ca1f824a07509e13f5b60fbdca32dc155d06eeb505f89d8b77a2f1,api.league-pro.com,OK,15e2dabca31b9e21bfde46f69b0a3aad1e23a90be3dd1f64012718dcef018f58
306587,36318,Tournament A14. League 700-800,700-800,2026-08-31T10:00:25.728000+00:00,2026-08-31T04:00:25.728000-06:00,2026-08-31T12:00:25.728000+02:00,3,COMPLETED,1789,Michal Vesely,863,Daniel Tuma,3,1,1789,Michal Vesely,,,2026-08-31T10:17:07.129000+00:00,SCHEDULED_START_PLUS_DURATION,2026-08-30T17:42:14.032781+00:00,2026-08-31T17:42:14.068146+00:00,7f55625fb8ca1f824a07509e13f5b60fbdca32dc155d06eeb505f89d8b77a2f1,api.league-pro.com,OK,58edac9d859f81dff698eda67d1c8de3a9c833ecf01fd76491b725ae858b3901
306639,36324,Tournament A16. League 550-600,550-600,2026-08-31T10:00:26.113000+00:00,2026-08-31T04:00:26.113000-06:00,2026-08-31T12:00:26.113000+02:00,3,COMPLETED,1800,Michal Koral,1788,Vitezslav Bosak,1,3,1788,Vitezslav Bosak,,,2026-08-31T10:20:33.219000+00:00,SCHEDULED_START_PLUS_DURATION,2026-08-30T17:42:14.032781+00:00,2026-08-31T17:42:14.068146+00:00,7f55625fb8ca1f824a07509e13f5b60fbdca32dc155d06eeb505f89d8b77a2f1,api.league-pro.com,OK,1c518e3c4a163e5b6716ef33fb0541b5ec7a3cb59ee83df9fbec9e3d87a83bd6
306543,36313,Tournament A12. League 500-550,500-550,2026-08-31T10:00:33.630000+00:00,2026-08-31T04:00:33.630000-06:00,2026-08-31T12:00:33.630000+02:00,3,COMPLETED,1824,Martin Ulrych,909,Pavel Kulhanek,3,0,1824,Martin Ulrych,,,2026-08-31T10:11:50.930000+00:00,SCHEDULED_START_PLUS_DURATION,2026-08-30T17:42:14.032781+00:00,2026-08-31T17:42:14.068146+00:00,7f55625fb8ca1f824a07509e13f5b60fbdca32dc155d06eeb505f89d8b77a2f1,api.league-pro.com,OK,cde4aeb95b286f577a2a71a16a77ed5673b5cffcb4fdc708f64bc37007c3e820
306544,36313,Tournament A12. League 500-550,500-550,2026-08-31T10:30:17.955000+00:00,2026-08-31T04:30:17.955000-06:00,2026-08-31T12:30:17.955000+02:00,3,COMPLETED,1681,Adam Svoboda,1452,Zdenek Zikmunda,3,1,1681,Adam Svoboda,,,2026-08-31T10:43:45.861000+00:00,SCHEDULED_START_PLUS_DURATION,2026-08-30T17:42:14.032781+00:00,2026-08-31T17:42:14.068146+00:00,7f55625fb8ca1f824a07509e13f5b60fbdca32dc155d06eeb505f89d8b77a2f1,api.league-pro.com,OK,befd5442844d7221d98e30d77017d6b729695eb4ae04398ea69c68342f8ac703
306680,36329,Tournament A18. League 800-900,800-900,2026-08-31T10:30:20.367000+00:00,2026-08-31T04:30:20.367000-06:00,2026-08-31T12:30:20.367000+02:00,3,COMPLETED,1827,Lukas Kern,1209,David Szotek,3,2,1827,Lukas Kern,,,2026-08-31T10:58:02.046000+00:00,SCHEDULED_START_PLUS_DURATION,2026-08-30T17:42:14.032781+00:00,2026-08-31T17:42:14.068146+00:00,7f55625fb8ca1f824a07509e13f5b60fbdca32dc155d06eeb505f89d8b77a2f1,api.league-pro.com,OK,5bb93a22576488b9e30eedc49fe8eec17c3ffd41dcb96bd3b9ba9c3f0d6d1362
306640,36324,Tournament A16. League 550-600,550-600,2026-08-31T10:30:21.875000+00:00,2026-08-31T04:30:21.875000-06:00,2026-08-31T12:30:21.875000+02:00,3,COMPLETED,1812,Tomas Milkov,1805,Ivo Taichman,2,3,1805,Ivo Taichman,,,2026-08-31T10:54:26.690000+00:00,SCHEDULED_START_PLUS_DURATION,2026-08-30T17:42:14.032781+00:00,2026-08-31T17:42:14.068146+00:00,7f55625fb8ca1f824a07509e13f5b60fbdca32dc155d06eeb505f89d8b77a2f1,api.league-pro.com,OK,37181b6fb182d1db88bc4340adcbd6f9c967546ee2c87f7d4078e2fc6fb1cff8
306664,36327,Tournament A17. League 800-900,800-900,2026-08-31T10:30:22.627000+00:00,2026-08-31T04:30:22.627000-06:00,2026-08-31T12:30:22.627000+02:00,3,COMPLETED,1415,Jiri Zuzanek,1539,Jakub Tazler,1,3,1539,Jakub Tazler,,,2026-08-31T10:45:50.399000+00:00,SCHEDULED_START_PLUS_DURATION,2026-08-30T17:42:14.032781+00:00,2026-08-31T17:42:14.068146+00:00,7f55625fb8ca1f824a07509e13f5b60fbdca32dc155d06eeb505f89d8b77a2f1,api.league-pro.com,OK,d8aa65355536308dc8f8742f75195dda06be8ba2acd750aff4e8f62a075b67a7
306588,36318,Tournament A14. League 700-800,700-800,2026-08-31T10:30:24.714000+00:00,2026-08-31T04:30:24.714000-06:00,2026-08-31T12:30:24.714000+02:00,3,COMPLETED,1015,Michal Vedmoch,1872,Jan Trefny,3,2,1015,Michal Vedmoch,,,2026-08-31T10:46:49.935000+00:00,SCHEDULED_START_PLUS_DURATION,2026-08-30T17:42:14.032781+00:00,2026-08-31T17:42:14.068146+00:00,7f55625fb8ca1f824a07509e13f5b60fbdca32dc155d06eeb505f89d8b77a2f1,api.league-pro.com,OK,2174276d754b1340974d207b8d842d7da20be7344879858c11f9802d9cea7705
306665,36327,Tournament A17. League 800-900,800-900,2026-08-31T11:00:10.908000+00:00,2026-08-31T05:00:10.908000-06:00,2026-08-31T13:00:10.908000+02:00,3,COMPLETED,809,Michal Regner,1415,Jiri Zuzanek,0,3,1415,Jiri Zuzanek,,,2026-08-31T11:12:31.892000+00:00,SCHEDULED_START_PLUS_DURATION,2026-08-30T17:42:14.032781+00:00,2026-08-31T17:42:14.068146+00:00,7f55625fb8ca1f824a07509e13f5b60fbdca32dc155d06eeb505f89d8b77a2f1,api.league-pro.com,OK,fdca116e088e76f4a85108e6aeed054de319df322f88a418c5f7010248eccdb9
306545,36313,Tournament A12. League 500-550,500-550,2026-08-31T11:00:16.421000+00:00,2026-08-31T05:00:16.421000-06:00,2026-08-31T13:00:16.421000+02:00,3,COMPLETED,909,Pavel Kulhanek,1681,Adam Svoboda,0,3,1681,Adam Svoboda,,,2026-08-31T11:09:50.300000+00:00,SCHEDULED_START_PLUS_DURATION,2026-08-30T17:42:14.032781+00:00,2026-08-31T17:42:14.068146+00:00,7f55625fb8ca1f824a07509e13f5b60fbdca32dc155d06eeb505f89d8b77a2f1,api.league-pro.com,OK,5e6a7801fa4be1797602c9450d18fe20177bdf128de8b668be95165336b64e29
306641,36324,Tournament A16. League 550-600,550-600,2026-08-31T11:00:17.035000+00:00,2026-08-31T05:00:17.035000-06:00,2026-08-31T13:00:17.035000+02:00,3,COMPLETED,1788,Vitezslav Bosak,1812,Tomas Milkov,3,1,1788,Vitezslav Bosak,,,2026-08-31T11:17:01.134000+00:00,SCHEDULED_START_PLUS_DURATION,2026-08-30T17:42:14.032781+00:00,2026-08-31T17:42:14.068146+00:00,7f55625fb8ca1f824a07509e13f5b60fbdca32dc155d06eeb505f89d8b77a2f1,api.league-pro.com,OK,eaba1b51d434651ae3a2f9327dce7c0e1308623ea6b374e2e1b38bcb42014b99
306589,36318,Tournament A14. League 700-800,700-800,2026-08-31T11:00:34.359000+00:00,2026-08-31T05:00:34.359000-06:00,2026-08-31T13:00:34.359000+02:00,3,COMPLETED,863,Daniel Tuma,1015,Michal Vedmoch,1,3,1015,Michal Vedmoch,,,2026-08-31T11:14:16.499000+00:00,SCHEDULED_START_PLUS_DURATION,2026-08-30T17:42:14.032781+00:00,2026-08-31T17:42:14.068146+00:00,7f55625fb8ca1f824a07509e13f5b60fbdca32dc155d06eeb505f89d8b77a2f1,api.league-pro.com,OK,6b331715da9874be7167b09b48362768f74a13b9e0beba8231e9d04fcbfab45f
306681,36329,Tournament A18. League 800-900,800-900,2026-08-31T11:00:47.787000+00:00,2026-08-31T05:00:47.787000-06:00,2026-08-31T13:00:47.787000+02:00,3,COMPLETED,1875,Frantisek Nadymacek,1827,Lukas Kern,3,2,1875,Frantisek Nadymacek,,,2026-08-31T11:20:31.140000+00:00,SCHEDULED_START_PLUS_DURATION,2026-08-30T17:42:14.032781+00:00,2026-08-31T17:42:14.068146+00:00,7f55625fb8ca1f824a07509e13f5b60fbdca32dc155d06eeb505f89d8b77a2f1,api.league-pro.com,OK,d7dfe5dcbe48ffa68d3e8d5c278a215c1b3d5b7ab756cdde36bc5b1e835e8906
306546,36313,Tournament A12. League 500-550,500-550,2026-08-31T11:30:11.175000+00:00,2026-08-31T05:30:11.175000-06:00,2026-08-31T13:30:11.175000+02:00,3,COMPLETED,1452,Zdenek Zikmunda,1824,Martin Ulrych,3,1,1452,Zdenek Zikmunda,,,2026-08-31T11:44:01.071000+00:00,SCHEDULED_START_PLUS_DURATION,2026-08-30T17:42:14.032781+00:00,2026-08-31T17:42:14.068146+00:00,7f55625fb8ca1f824a07509e13f5b60fbdca32dc155d06eeb505f89d8b77a2f1,api.league-pro.com,OK,fa4117ec6b6dba32d6f1ba762fb10e6b42ff6ff6d895c4362b4724f8f13d9f62
306682,36329,Tournament A18. League 800-900,800-900,2026-08-31T11:30:12.305000+00:00,2026-08-31T05:30:12.305000-06:00,2026-08-31T13:30:12.305000+02:00,3,COMPLETED,1209,David Szotek,1709,Michal Chalupa,3,0,1209,David Szotek,,,2026-08-31T11:43:59.755000+00:00,SCHEDULED_START_PLUS_DURATION,2026-08-30T17:42:14.032781+00:00,2026-08-31T17:42:14.068146+00:00,7f55625fb8ca1f824a07509e13f5b60fbdca32dc155d06eeb505f89d8b77a2f1,api.league-pro.com,OK,03d68e1bca1002e8bb575f3608ee613435ba9cab025fd0cfe8e74615857007df
306642,36324,Tournament A16. League 550-600,550-600,2026-08-31T11:30:14.710000+00:00,2026-08-31T05:30:14.710000-06:00,2026-08-31T13:30:14.710000+02:00,3,COMPLETED,1805,Ivo Taichman,1800,Michal Koral,3,2,1805,Ivo Taichman,,,2026-08-31T11:51:04.260000+00:00,SCHEDULED_START_PLUS_DURATION,2026-08-30T17:42:14.032781+00:00,2026-08-31T17:42:14.068146+00:00,7f55625fb8ca1f824a07509e13f5b60fbdca32dc155d06eeb505f89d8b77a2f1,api.league-pro.com,OK,c85daa90eb0cd825d19b8feadf0e6a5d147a4fadb5438493d56079f0e6ee708c
306666,36327,Tournament A17. League 800-900,800-900,2026-08-31T11:30:15.292000+00:00,2026-08-31T05:30:15.292000-06:00,2026-08-31T13:30:15.292000+02:00,3,COMPLETED,1539,Jakub Tazler,1563,Martin Sychra,3,0,1539,Jakub Tazler,,,2026-08-31T11:39:06.252000+00:00,SCHEDULED_START_PLUS_DURATION,2026-08-30T17:42:14.032781+00:00,2026-08-31T17:42:14.068146+00:00,7f55625fb8ca1f824a07509e13f5b60fbdca32dc155d06eeb505f89d8b77a2f1,api.league-pro.com,OK,7121d246b4970e7f3d340073673243f4fddb2d0c32404969c47681d1a9e3483b
306590,36318,Tournament A14. League 700-800,700-800,2026-08-31T11:30:23.216000+00:00,2026-08-31T05:30:23.216000-06:00,2026-08-31T13:30:23.216000+02:00,3,COMPLETED,1872,Jan Trefny,1789,Michal Vesely,2,3,1789,Michal Vesely,,,2026-08-31T11:52:30.147000+00:00,SCHEDULED_START_PLUS_DURATION,2026-08-30T17:42:14.032781+00:00,2026-08-31T17:42:14.068146+00:00,7f55625fb8ca1f824a07509e13f5b60fbdca32dc155d06eeb505f89d8b77a2f1,api.league-pro.com,OK,2c8bc7e681f932b9a81437bbca6105a677ac110ceaab7ca15e706605bdd8fe69
306667,36327,Tournament A17. League 800-900,800-900,2026-08-31T12:00:07.944000+00:00,2026-08-31T06:00:07.944000-06:00,2026-08-31T14:00:07.944000+02:00,3,COMPLETED,1563,Martin Sychra,1415,Jiri Zuzanek,0,3,1415,Jiri Zuzanek,,,2026-08-31T12:08:41.875000+00:00,SCHEDULED_START_PLUS_DURATION,2026-08-30T17:42:14.032781+00:00,2026-08-31T17:42:14.068146+00:00,7f55625fb8ca1f824a07509e13f5b60fbdca32dc155d06eeb505f89d8b77a2f1,api.league-pro.com,OK,95b6113fc4b7f286b3270e544fd34d08e1688efdf830c34c8df6f299a22d24c8
306643,36324,Tournament A16. League 550-600,550-600,2026-08-31T12:00:10.919000+00:00,2026-08-31T06:00:10.919000-06:00,2026-08-31T14:00:10.919000+02:00,3,COMPLETED,1800,Michal Koral,1812,Tomas Milkov,2,3,1812,Tomas Milkov,,,2026-08-31T12:23:05.864000+00:00,SCHEDULED_START_PLUS_DURATION,2026-08-30T17:42:14.032781+00:00,2026-08-31T17:42:14.068146+00:00,7f55625fb8ca1f824a07509e13f5b60fbdca32dc155d06eeb505f89d8b77a2f1,api.league-pro.com,OK,8dba14698d1bfeca4ca0de9b3153cbc1c1769e2b4952f63157dfba913bc168f5
306591,36318,Tournament A14. League 700-800,700-800,2026-08-31T12:00:18.871000+00:00,2026-08-31T06:00:18.871000-06:00,2026-08-31T14:00:18.871000+02:00,3,COMPLETED,1789,Michal Vesely,1015,Michal Vedmoch,3,0,1789,Michal Vesely,,,2026-08-31T12:12:33.001000+00:00,SCHEDULED_START_PLUS_DURATION,2026-08-30T17:42:14.032781+00:00,2026-08-31T17:42:14.068146+00:00,7f55625fb8ca1f824a07509e13f5b60fbdca32dc155d06eeb505f89d8b77a2f1,api.league-pro.com,OK,7438762ae34b544dd97c581257ee9162c4a39dd998ab93f7c9791b3c520a8da7
306683,36329,Tournament A18. League 800-900,800-900,2026-08-31T12:00:21.637000+00:00,2026-08-31T06:00:21.637000-06:00,2026-08-31T14:00:21.637000+02:00,3,COMPLETED,1709,Michal Chalupa,1827,Lukas Kern,2,3,1827,Lukas Kern,,,2026-08-31T12:30:08.974000+00:00,SCHEDULED_START_PLUS_DURATION,2026-08-30T17:42:14.032781+00:00,2026-08-31T17:42:14.068146+00:00,7f55625fb8ca1f824a07509e13f5b60fbdca32dc155d06eeb505f89d8b77a2f1,api.league-pro.com,OK,0981c30b53d7958eb49eda8a6db7d46b41f28c23becdcc36ad406101ab18ad21
306547,36313,Tournament A12. League 500-550,500-550,2026-08-31T12:00:25.003000+00:00,2026-08-31T06:00:25.003000-06:00,2026-08-31T14:00:25.003000+02:00,3,COMPLETED,1824,Martin Ulrych,1681,Adam Svoboda,3,0,1824,Martin Ulrych,,,2026-08-31T12:10:21.536000+00:00,SCHEDULED_START_PLUS_DURATION,2026-08-30T17:42:14.032781+00:00,2026-08-31T17:42:14.068146+00:00,7f55625fb8ca1f824a07509e13f5b60fbdca32dc155d06eeb505f89d8b77a2f1,api.league-pro.com,OK,4ab3f073b9263169099332224ab3f66c1517cb9ec31118fcd49d48c1e5f01d67
306668,36327,Tournament A17. League 800-900,800-900,2026-08-31T12:30:08.065000+00:00,2026-08-31T06:30:08.065000-06:00,2026-08-31T14:30:08.065000+02:00,3,COMPLETED,809,Michal Regner,1539,Jakub Tazler,1,3,1539,Jakub Tazler,,,2026-08-31T12:44:58.884000+00:00,SCHEDULED_START_PLUS_DURATION,2026-08-30T17:42:14.032781+00:00,2026-08-31T17:42:14.068146+00:00,7f55625fb8ca1f824a07509e13f5b60fbdca32dc155d06eeb505f89d8b77a2f1,api.league-pro.com,OK,e5866cf2def11b3cb1fe0f09c7fcad6836cd614695653d6f78fc7e9ecb98881f
306592,36318,Tournament A14. League 700-800,700-800,2026-08-31T12:30:11.324000+00:00,2026-08-31T06:30:11.324000-06:00,2026-08-31T14:30:11.324000+02:00,3,COMPLETED,863,Daniel Tuma,1872,Jan Trefny,1,3,1872,Jan Trefny,,,2026-08-31T12:42:49.834000+00:00,SCHEDULED_START_PLUS_DURATION,2026-08-30T17:42:14.032781+00:00,2026-08-31T17:42:14.068146+00:00,7f55625fb8ca1f824a07509e13f5b60fbdca32dc155d06eeb505f89d8b77a2f1,api.league-pro.com,OK,5bd4648f1a37d884356b6cb8b3b321487db4f27f3af640d93f728d52cf8958ac
306644,36324,Tournament A16. League 550-600,550-600,2026-08-31T12:30:22.418000+00:00,2026-08-31T06:30:22.418000-06:00,2026-08-31T14:30:22.418000+02:00,3,COMPLETED,1788,Vitezslav Bosak,1805,Ivo Taichman,3,2,1788,Vitezslav Bosak,,,2026-08-31T12:53:02.571000+00:00,SCHEDULED_START_PLUS_DURATION,2026-08-30T17:42:14.032781+00:00,2026-08-31T17:42:14.068146+00:00,7f55625fb8ca1f824a07509e13f5b60fbdca32dc155d06eeb505f89d8b77a2f1,api.league-pro.com,OK,05f31c982441a58d40be3456646071aa1bb73fdf230d927d9ee9ba3f3edb9178
306548,36313,Tournament A12. League 500-550,500-550,2026-08-31T12:30:23.962000+00:00,2026-08-31T06:30:23.962000-06:00,2026-08-31T14:30:23.962000+02:00,3,COMPLETED,909,Pavel Kulhanek,1452,Zdenek Zikmunda,0,3,1452,Zdenek Zikmunda,,,2026-08-31T12:41:15.217000+00:00,SCHEDULED_START_PLUS_DURATION,2026-08-30T17:42:14.032781+00:00,2026-08-31T17:42:14.068146+00:00,7f55625fb8ca1f824a07509e13f5b60fbdca32dc155d06eeb505f89d8b77a2f1,api.league-pro.com,OK,e9400c7e42fcf93cd43c0f2436ec3c8972bbcde90171b9b83125915bfb3f6942
306684,36329,Tournament A18. League 800-900,800-900,2026-08-31T12:31:58.362000+00:00,2026-08-31T06:31:58.362000-06:00,2026-08-31T14:31:58.362000+02:00,3,COMPLETED,1875,Frantisek Nadymacek,1209,David Szotek,3,1,1875,Frantisek Nadymacek,,,2026-08-31T12:46:28.685000+00:00,SCHEDULED_START_PLUS_DURATION,2026-08-30T17:42:14.032781+00:00,2026-08-31T17:42:14.068146+00:00,7f55625fb8ca1f824a07509e13f5b60fbdca32dc155d06eeb505f89d8b77a2f1,api.league-pro.com,OK,7ee4d31bbd34c29c595f879f0e5ac2634e7af121e34419e0fb4340a68cf96efc
306549,36313,Tournament A12. League 500-550,500-550,2026-08-31T13:00:38.736000+00:00,2026-08-31T07:00:38.736000-06:00,2026-08-31T15:00:38.736000+02:00,3,COMPLETED,1681,Adam Svoboda,909,Pavel Kulhanek,3,1,1681,Adam Svoboda,,,2026-08-31T13:12:46.712000+00:00,SCHEDULED_START_PLUS_DURATION,2026-08-30T17:42:14.032781+00:00,2026-08-31T17:42:14.068146+00:00,7f55625fb8ca1f824a07509e13f5b60fbdca32dc155d06eeb505f89d8b77a2f1,api.league-pro.com,OK,628c0cf7f6123b02d07ce82eddd931477ac325bc4060474bb7189b4c16772081
306669,36327,Tournament A17. League 800-900,800-900,2026-08-31T13:00:41.753000+00:00,2026-08-31T07:00:41.753000-06:00,2026-08-31T15:00:41.753000+02:00,3,COMPLETED,1563,Martin Sychra,809,Michal Regner,1,3,809,Michal Regner,,,2026-08-31T13:17:05.515000+00:00,SCHEDULED_START_PLUS_DURATION,2026-08-30T17:42:14.032781+00:00,2026-08-31T17:42:14.068146+00:00,7f55625fb8ca1f824a07509e13f5b60fbdca32dc155d06eeb505f89d8b77a2f1,api.league-pro.com,OK,e78d401833bdef2dd577844b84c7ef9b6b8f5937bf8147d1299860668e9b3fed
306593,36318,Tournament A14. League 700-800,700-800,2026-08-31T13:00:52.254000+00:00,2026-08-31T07:00:52.254000-06:00,2026-08-31T15:00:52.254000+02:00,3,COMPLETED,1872,Jan Trefny,863,Daniel Tuma,3,0,1872,Jan Trefny,,,2026-08-31T13:10:56.214000+00:00,SCHEDULED_START_PLUS_DURATION,2026-08-30T17:42:14.032781+00:00,2026-08-31T17:42:14.068146+00:00,7f55625fb8ca1f824a07509e13f5b60fbdca32dc155d06eeb505f89d8b77a2f1,api.league-pro.com,OK,4a9bfe9d02aced3d47adffcfb55bb2afe4008225476d879d5e501be0ca80d22a
306685,36329,Tournament A18. League 800-900,800-900,2026-08-31T13:01:51.121000+00:00,2026-08-31T07:01:51.121000-06:00,2026-08-31T15:01:51.121000+02:00,3,COMPLETED,1209,David Szotek,1709,Michal Chalupa,2,3,1709,Michal Chalupa,,,2026-08-31T13:23:51.115000+00:00,SCHEDULED_START_PLUS_DURATION,2026-08-30T17:42:14.032781+00:00,2026-08-31T17:42:14.068146+00:00,7f55625fb8ca1f824a07509e13f5b60fbdca32dc155d06eeb505f89d8b77a2f1,api.league-pro.com,OK,881994b152357f6eb26b52131d870d55e7f84a3e3b805bb20663b8c9be5d1ed4
306645,36324,Tournament A16. League 550-600,550-600,2026-08-31T13:01:57.332000+00:00,2026-08-31T07:01:57.332000-06:00,2026-08-31T15:01:57.332000+02:00,3,COMPLETED,1812,Tomas Milkov,1800,Michal Koral,2,3,1800,Michal Koral,,,2026-08-31T13:24:55.549000+00:00,SCHEDULED_START_PLUS_DURATION,2026-08-30T17:42:14.032781+00:00,2026-08-31T17:42:14.068146+00:00,7f55625fb8ca1f824a07509e13f5b60fbdca32dc155d06eeb505f89d8b77a2f1,api.league-pro.com,OK,859638ce65dbd0f2abfdb0b1569a43a52f43add6e20e25d46aabc608b9acda04
306670,36327,Tournament A17. League 800-900,800-900,2026-08-31T13:30:06.328000+00:00,2026-08-31T07:30:06.328000-06:00,2026-08-31T15:30:06.328000+02:00,3,COMPLETED,1539,Jakub Tazler,1415,Jiri Zuzanek,3,0,1539,Jakub Tazler,,,2026-08-31T13:41:39.297000+00:00,SCHEDULED_START_PLUS_DURATION,2026-08-30T17:42:14.032781+00:00,2026-08-31T17:42:14.068146+00:00,7f55625fb8ca1f824a07509e13f5b60fbdca32dc155d06eeb505f89d8b77a2f1,api.league-pro.com,OK,087de001fe468263aa9d617c01ded4d0186d06c8864ade86c5f80583e2be12e5
306686,36329,Tournament A18. League 800-900,800-900,2026-08-31T13:30:08.441000+00:00,2026-08-31T07:30:08.441000-06:00,2026-08-31T15:30:08.441000+02:00,3,COMPLETED,1875,Frantisek Nadymacek,1827,Lukas Kern,3,1,1875,Frantisek Nadymacek,,,2026-08-31T13:48:07.064000+00:00,SCHEDULED_START_PLUS_DURATION,2026-08-30T17:42:14.032781+00:00,2026-08-31T17:42:14.068146+00:00,7f55625fb8ca1f824a07509e13f5b60fbdca32dc155d06eeb505f89d8b77a2f1,api.league-pro.com,OK,53193be36731c226f347c029238a2dc807f17ef4d50990590dfec10818cab29e
306594,36318,Tournament A14. League 700-800,700-800,2026-08-31T13:30:09.536000+00:00,2026-08-31T07:30:09.536000-06:00,2026-08-31T15:30:09.536000+02:00,3,COMPLETED,1789,Michal Vesely,1015,Michal Vedmoch,3,2,1789,Michal Vesely,,,2026-08-31T13:47:41.974000+00:00,SCHEDULED_START_PLUS_DURATION,2026-08-30T17:42:14.032781+00:00,2026-08-31T17:42:14.068146+00:00,7f55625fb8ca1f824a07509e13f5b60fbdca32dc155d06eeb505f89d8b77a2f1,api.league-pro.com,OK,149836a4097040a8de0c108eb46702fbad951f00cbe5be811ce58c4e1e8629a9
306646,36324,Tournament A16. League 550-600,550-600,2026-08-31T13:30:13.256000+00:00,2026-08-31T07:30:13.256000-06:00,2026-08-31T15:30:13.256000+02:00,3,COMPLETED,1788,Vitezslav Bosak,1805,Ivo Taichman,3,1,1788,Vitezslav Bosak,,,2026-08-31T13:55:33.115000+00:00,SCHEDULED_START_PLUS_DURATION,2026-08-30T17:42:14.032781+00:00,2026-08-31T17:42:14.068146+00:00,7f55625fb8ca1f824a07509e13f5b60fbdca32dc155d06eeb505f89d8b77a2f1,api.league-pro.com,OK,934cd72e9e3ad4309c3d4c8096cbf4eca420883cee118f9be3ab89e04582eae3
306550,36313,Tournament A12. League 500-550,500-550,2026-08-31T13:30:15.993000+00:00,2026-08-31T07:30:15.993000-06:00,2026-08-31T15:30:15.993000+02:00,3,COMPLETED,1824,Martin Ulrych,1452,Zdenek Zikmunda,3,2,1824,Martin Ulrych,,,2026-08-31T13:50:38.859000+00:00,SCHEDULED_START_PLUS_DURATION,2026-08-30T17:42:14.032781+00:00,2026-08-31T17:42:14.068146+00:00,7f55625fb8ca1f824a07509e13f5b60fbdca32dc155d06eeb505f89d8b77a2f1,api.league-pro.com,OK,54e00f16dd8b4a158829ee838430945190cf3e72455c238084682c3e35b4efa8
306715,36333,Tournament A18. League 1000-1100,1000-1100,2026-08-31T14:00:08.929000+00:00,2026-08-31T08:00:08.929000-06:00,2026-08-31T16:00:08.929000+02:00,3,COMPLETED,1046,Radomir Revay,996,Tadeas Zika,2,3,996,Tadeas Zika,,,2026-08-31T14:21:39.063000+00:00,SCHEDULED_START_PLUS_DURATION,2026-08-30T17:42:14.032781+00:00,2026-08-31T17:42:14.068146+00:00,7f55625fb8ca1f824a07509e13f5b60fbdca32dc155d06eeb505f89d8b77a2f1,api.league-pro.com,OK,b3ba9eb56c1c0ebc6619605e87f5c5a84184f3b4396656df96c46d33fa35924a
306672,36328,Tournament A17. League 1000-1100,1000-1100,2026-08-31T14:00:11.628000+00:00,2026-08-31T08:00:11.628000-06:00,2026-08-31T16:00:11.628000+02:00,3,COMPLETED,1634,Jakub Kycelt,1061,Jiri Nesnera,1,3,1061,Jiri Nesnera,,,2026-08-31T14:16:10.290000+00:00,SCHEDULED_START_PLUS_DURATION,2026-08-30T17:42:14.032781+00:00,2026-08-31T17:42:14.068146+00:00,7f55625fb8ca1f824a07509e13f5b60fbdca32dc155d06eeb505f89d8b77a2f1,api.league-pro.com,OK,61f975f9a25f686013098c062a8eaecc636b417936d53db2c4d1f35c8e406197
306551,36314,Tournament A12. League 450-500,450-500,2026-08-31T14:00:12.226000+00:00,2026-08-31T08:00:12.226000-06:00,2026-08-31T16:00:12.226000+02:00,3,COMPLETED,1285,Jan Pleskot,1341,Michal Syroha,3,0,1285,Jan Pleskot,,,2026-08-31T14:12:38.034000+00:00,SCHEDULED_START_PLUS_DURATION,2026-08-30T17:42:14.032781+00:00,2026-08-31T17:42:14.068146+00:00,7f55625fb8ca1f824a07509e13f5b60fbdca32dc155d06eeb505f89d8b77a2f1,api.league-pro.com,OK,442683c9dc9f7507156db29e7036859659fca1455073317097f53058fb78c9c4
306595,36319,Tournament A14. League 600-700,600-700,2026-08-31T14:00:12.826000+00:00,2026-08-31T08:00:12.826000-06:00,2026-08-31T16:00:12.826000+02:00,3,COMPLETED,837,Radim Pavelka,897,Tibor Kolenic,3,2,837,Radim Pavelka,,,2026-08-31T14:19:44.793000+00:00,SCHEDULED_START_PLUS_DURATION,2026-08-30T17:42:14.032781+00:00,2026-08-31T17:42:14.068146+00:00,7f55625fb8ca1f824a07509e13f5b60fbdca32dc155d06eeb505f89d8b77a2f1,api.league-pro.com,OK,c42e7b5a495946e0823e3eb3be1dd0c11b2cdb2a7446b2278f23c0a982f86762
306647,36325,Tournament A16. League 800-900,800-900,2026-08-31T14:00:19.381000+00:00,2026-08-31T08:00:19.381000-06:00,2026-08-31T16:00:19.381000+02:00,3,COMPLETED,1092,Marek Holub,1294,Zbynek Pagac,3,2,1092,Marek Holub,,,2026-08-31T14:22:44.519000+00:00,SCHEDULED_START_PLUS_DURATION,2026-08-30T17:42:14.032781+00:00,2026-08-31T17:42:14.068146+00:00,7f55625fb8ca1f824a07509e13f5b60fbdca32dc155d06eeb505f89d8b77a2f1,api.league-pro.com,OK,b4b72b3046b96e604e6229ae20e75f5fad9874dfaf2280c74e2f7bd8f978f76c
306552,36314,Tournament A12. League 450-500,450-500,2026-08-31T14:30:09.018000+00:00,2026-08-31T08:30:09.018000-06:00,2026-08-31T16:30:09.018000+02:00,3,COMPLETED,951,Miroslav Barta,894,Lubor Sulava,1,3,894,Lubor Sulava,,,2026-08-31T14:48:56.930000+00:00,SCHEDULED_START_PLUS_DURATION,2026-08-30T17:42:14.032781+00:00,2026-08-31T17:42:14.068146+00:00,7f55625fb8ca1f824a07509e13f5b60fbdca32dc155d06eeb505f89d8b77a2f1,api.league-pro.com,OK,b2dbd3373c11ac28b3d7ebfa1aee9b4e057063cc880728fa43dde118f7e2718d
306671,36328,Tournament A17. League 1000-1100,1000-1100,2026-08-31T14:30:09.724000+00:00,2026-08-31T08:30:09.724000-06:00,2026-08-31T16:30:09.724000+02:00,3,COMPLETED,1295,Vojtech Koubek,688,Erik Mares,0,3,688,Erik Mares,,,2026-08-31T14:39:54.782000+00:00,SCHEDULED_START_PLUS_DURATION,2026-08-30T17:42:14.032781+00:00,2026-08-31T17:42:14.068146+00:00,7f55625fb8ca1f824a07509e13f5b60fbdca32dc155d06eeb505f89d8b77a2f1,api.league-pro.com,OK,dd226af9d4fe09cc8f5d57dfaf8b1c8969eb0fcdea5393ea1c2d8dbc13c8b30a
306596,36319,Tournament A14. League 600-700,600-700,2026-08-31T14:30:10.431000+00:00,2026-08-31T08:30:10.431000-06:00,2026-08-31T16:30:10.431000+02:00,3,COMPLETED,1872,Jan Trefny,1679,Jiri Dedek,0,3,1679,Jiri Dedek,,,2026-08-31T14:42:53.962000+00:00,SCHEDULED_START_PLUS_DURATION,2026-08-30T17:42:14.032781+00:00,2026-08-31T17:42:14.068146+00:00,7f55625fb8ca1f824a07509e13f5b60fbdca32dc155d06eeb505f89d8b77a2f1,api.league-pro.com,OK,cab7a7cbfb49e08c5db83dc0838b8e57a764215683e719792fde80b6db67c909
306648,36325,Tournament A16. League 800-900,800-900,2026-08-31T14:30:27.399000+00:00,2026-08-31T08:30:27.399000-06:00,2026-08-31T16:30:27.399000+02:00,3,COMPLETED,1875,Frantisek Nadymacek,1709,Michal Chalupa,3,0,1875,Frantisek Nadymacek,,,2026-08-31T14:41:32.244000+00:00,SCHEDULED_START_PLUS_DURATION,2026-08-30T17:42:14.032781+00:00,2026-08-31T17:42:14.068146+00:00,7f55625fb8ca1f824a07509e13f5b60fbdca32dc155d06eeb505f89d8b77a2f1,api.league-pro.com,OK,39934e3381772d7912f9acc529a4f536aaaab094c95cd32754b88f8a27bb62ef
306716,36333,Tournament A18. League 1000-1100,1000-1100,2026-08-31T14:30:28.781000+00:00,2026-08-31T08:30:28.781000-06:00,2026-08-31T16:30:28.781000+02:00,3,COMPLETED,1702,Jan Szotkowski,1705,Michal Cabis,1,3,1705,Michal Cabis,,,2026-08-31T14:47:19.653000+00:00,SCHEDULED_START_PLUS_DURATION,2026-08-30T17:42:14.032781+00:00,2026-08-31T17:42:14.068146+00:00,7f55625fb8ca1f824a07509e13f5b60fbdca32dc155d06eeb505f89d8b77a2f1,api.league-pro.com,OK,ae966bc42dabb8842e5d9ee931a3bde1d35db4528b64e21175a3ce43cfab8993
306553,36314,Tournament A12. League 450-500,450-500,2026-08-31T15:00:08.482000+00:00,2026-08-31T09:00:08.482000-06:00,2026-08-31T17:00:08.482000+02:00,3,COMPLETED,1341,Michal Syroha,951,Miroslav Barta,0,3,951,Miroslav Barta,,,2026-08-31T15:14:32.746000+00:00,SCHEDULED_START_PLUS_DURATION,2026-08-30T17:42:14.032781+00:00,2026-08-31T17:42:14.068146+00:00,7f55625fb8ca1f824a07509e13f5b60fbdca32dc155d06eeb505f89d8b77a2f1,api.league-pro.com,OK,6bc3d6999034386d7aece2c2e788683cbf5ed80d648f6a9f60be45e2826e35bd
306649,36325,Tournament A16. League 800-900,800-900,2026-08-31T15:00:09.208000+00:00,2026-08-31T09:00:09.208000-06:00,2026-08-31T17:00:09.208000+02:00,3,COMPLETED,1294,Zbynek Pagac,1875,Frantisek Nadymacek,1,3,1875,Frantisek Nadymacek,,,2026-08-31T15:16:38.391000+00:00,SCHEDULED_START_PLUS_DURATION,2026-08-30T17:42:14.032781+00:00,2026-08-31T17:42:14.068146+00:00,7f55625fb8ca1f824a07509e13f5b60fbdca32dc155d06eeb505f89d8b77a2f1,api.league-pro.com,OK,a42510dbbf0d32a30a1c53e8d69a17c7d2af40527819b068697291e37f238866
306717,36333,Tournament A18. League 1000-1100,1000-1100,2026-08-31T15:00:10.785000+00:00,2026-08-31T09:00:10.785000-06:00,2026-08-31T17:00:10.785000+02:00,3,COMPLETED,996,Tadeas Zika,1702,Jan Szotkowski,2,3,1702,Jan Szotkowski,,,2026-08-31T15:23:39.972000+00:00,SCHEDULED_START_PLUS_DURATION,2026-08-30T17:42:14.032781+00:00,2026-08-31T17:42:14.068146+00:00,7f55625fb8ca1f824a07509e13f5b60fbdca32dc155d06eeb505f89d8b77a2f1,api.league-pro.com,OK,c7f1df198939140354c005e9d519fe6070a346c4525b0575fb31585567cd8f06
306673,36328,Tournament A17. League 1000-1100,1000-1100,2026-08-31T15:00:11.412000+00:00,2026-08-31T09:00:11.412000-06:00,2026-08-31T17:00:11.412000+02:00,3,COMPLETED,688,Erik Mares,1634,Jakub Kycelt,1,3,1634,Jakub Kycelt,,,2026-08-31T15:18:26.814000+00:00,SCHEDULED_START_PLUS_DURATION,2026-08-30T17:42:14.032781+00:00,2026-08-31T17:42:14.068146+00:00,7f55625fb8ca1f824a07509e13f5b60fbdca32dc155d06eeb505f89d8b77a2f1,api.league-pro.com,OK,470d49775e1448aa30cfe35c920f3effef16195ad9124640683b788ff3bf19ee
306597,36319,Tournament A14. League 600-700,600-700,2026-08-31T15:00:13.063000+00:00,2026-08-31T09:00:13.063000-06:00,2026-08-31T17:00:13.063000+02:00,3,COMPLETED,897,Tibor Kolenic,1872,Jan Trefny,1,3,1872,Jan Trefny,,,2026-08-31T15:17:35.684000+00:00,SCHEDULED_START_PLUS_DURATION,2026-08-30T17:42:14.032781+00:00,2026-08-31T17:42:14.068146+00:00,7f55625fb8ca1f824a07509e13f5b60fbdca32dc155d06eeb505f89d8b77a2f1,api.league-pro.com,OK,6f2d43edeb011b34aed928b361b7f68015b7c12cce17ef2111c2cd4a32d49c4d
306650,36325,Tournament A16. League 800-900,800-900,2026-08-31T15:30:10.498000+00:00,2026-08-31T09:30:10.498000-06:00,2026-08-31T17:30:10.498000+02:00,3,COMPLETED,1709,Michal Chalupa,1092,Marek Holub,3,0,1709,Michal Chalupa,,,2026-08-31T15:46:03.469000+00:00,SCHEDULED_START_PLUS_DURATION,2026-08-30T17:42:14.032781+00:00,2026-08-31T17:42:14.068146+00:00,7f55625fb8ca1f824a07509e13f5b60fbdca32dc155d06eeb505f89d8b77a2f1,api.league-pro.com,OK,da1d47ddb0469fab3b9bf81f4b3efb2bfcc758af12ce1c40197c62b35a59b5b8
306718,36333,Tournament A18. League 1000-1100,1000-1100,2026-08-31T15:30:12.781000+00:00,2026-08-31T09:30:12.781000-06:00,2026-08-31T17:30:12.781000+02:00,3,COMPLETED,1705,Michal Cabis,1046,Radomir Revay,0,3,1046,Radomir Revay,,,2026-08-31T15:44:46.311000+00:00,SCHEDULED_START_PLUS_DURATION,2026-08-30T17:42:14.032781+00:00,2026-08-31T17:42:14.068146+00:00,7f55625fb8ca1f824a07509e13f5b60fbdca32dc155d06eeb505f89d8b77a2f1,api.league-pro.com,OK,2dfd73672c2ab96aa350de710b1c45c1011416d77707e07c3fd0a6f00a72973f
306554,36314,Tournament A12. League 450-500,450-500,2026-08-31T15:30:14.346000+00:00,2026-08-31T09:30:14.346000-06:00,2026-08-31T17:30:14.346000+02:00,3,COMPLETED,894,Lubor Sulava,1285,Jan Pleskot,3,1,894,Lubor Sulava,,,2026-08-31T15:51:08.135000+00:00,SCHEDULED_START_PLUS_DURATION,2026-08-30T17:42:14.032781+00:00,2026-08-31T17:42:14.068146+00:00,7f55625fb8ca1f824a07509e13f5b60fbdca32dc155d06eeb505f89d8b77a2f1,api.league-pro.com,OK,c681a68b5518a9fff97dd8b05e05e05e5699091b046dab1b21852581b13cf244
306598,36319,Tournament A14. League 600-700,600-700,2026-08-31T15:30:18.626000+00:00,2026-08-31T09:30:18.626000-06:00,2026-08-31T17:30:18.626000+02:00,3,COMPLETED,1679,Jiri Dedek,837,Radim Pavelka,1,3,837,Radim Pavelka,,,2026-08-31T15:49:33.014000+00:00,SCHEDULED_START_PLUS_DURATION,2026-08-30T17:42:14.032781+00:00,2026-08-31T17:42:14.068146+00:00,7f55625fb8ca1f824a07509e13f5b60fbdca32dc155d06eeb505f89d8b77a2f1,api.league-pro.com,OK,b352c5c61d4f67922fe0c5275e1122547a480fe728a1e3ec8d19700c0602719a
306674,36328,Tournament A17. League 1000-1100,1000-1100,2026-08-31T15:30:19.724000+00:00,2026-08-31T09:30:19.724000-06:00,2026-08-31T17:30:19.724000+02:00,3,COMPLETED,1061,Jiri Nesnera,1295,Vojtech Koubek,0,3,1295,Vojtech Koubek,,,2026-08-31T15:45:52.615000+00:00,SCHEDULED_START_PLUS_DURATION,2026-08-30T17:42:14.032781+00:00,2026-08-31T17:42:14.068146+00:00,7f55625fb8ca1f824a07509e13f5b60fbdca32dc155d06eeb505f89d8b77a2f1,api.league-pro.com,OK,a90ad66109c3aef76b8675d000e5065eba690948326e71287f7849474f26915a
306555,36314,Tournament A12. League 450-500,450-500,2026-08-31T16:00:06.674000+00:00,2026-08-31T10:00:06.674000-06:00,2026-08-31T18:00:06.674000+02:00,3,COMPLETED,1285,Jan Pleskot,951,Miroslav Barta,1,3,951,Miroslav Barta,,,2026-08-31T16:15:13.975000+00:00,SCHEDULED_START_PLUS_DURATION,2026-08-30T17:42:14.032781+00:00,2026-08-31T17:42:14.068146+00:00,7f55625fb8ca1f824a07509e13f5b60fbdca32dc155d06eeb505f89d8b77a2f1,api.league-pro.com,OK,2c6fc90b6d69f423bcd13feefb9f1f6b3aa77ec7d59ea04bec86244513c026d5
306675,36328,Tournament A17. League 1000-1100,1000-1100,2026-08-31T16:00:08.270000+00:00,2026-08-31T10:00:08.270000-06:00,2026-08-31T18:00:08.270000+02:00,3,COMPLETED,1295,Vojtech Koubek,1634,Jakub Kycelt,3,1,1295,Vojtech Koubek,,,2026-08-31T16:14:14.198000+00:00,SCHEDULED_START_PLUS_DURATION,2026-08-30T17:42:14.032781+00:00,2026-08-31T17:42:14.068146+00:00,7f55625fb8ca1f824a07509e13f5b60fbdca32dc155d06eeb505f89d8b77a2f1,api.league-pro.com,OK,21f6609eb6673ff23fde21192e74324acf72b2671089ad216565d58b0d7469c8
306719,36333,Tournament A18. League 1000-1100,1000-1100,2026-08-31T16:00:09.355000+00:00,2026-08-31T10:00:09.355000-06:00,2026-08-31T18:00:09.355000+02:00,3,COMPLETED,1046,Radomir Revay,1702,Jan Szotkowski,3,1,1046,Radomir Revay,,,2026-08-31T16:16:30.469000+00:00,SCHEDULED_START_PLUS_DURATION,2026-08-30T17:42:14.032781+00:00,2026-08-31T17:42:14.068146+00:00,7f55625fb8ca1f824a07509e13f5b60fbdca32dc155d06eeb505f89d8b77a2f1,api.league-pro.com,OK,30db6333ba70fe52e319dcce531b8e2189e042b549e5302b2d79d7c3893f1d7d
306651,36325,Tournament A16. League 800-900,800-900,2026-08-31T16:00:11.948000+00:00,2026-08-31T10:00:11.948000-06:00,2026-08-31T18:00:11.948000+02:00,3,COMPLETED,1092,Marek Holub,1875,Frantisek Nadymacek,3,0,1092,Marek Holub,,,2026-08-31T16:11:33.777000+00:00,SCHEDULED_START_PLUS_DURATION,2026-08-30T17:42:14.032781+00:00,2026-08-31T17:42:14.068146+00:00,7f55625fb8ca1f824a07509e13f5b60fbdca32dc155d06eeb505f89d8b77a2f1,api.league-pro.com,OK,57d45b0df0693891fa1819a7ff5e967b15b4674f39030d1944432db4c2d96628
306599,36319,Tournament A14. League 600-700,600-700,2026-08-31T16:00:34.644000+00:00,2026-08-31T10:00:34.644000-06:00,2026-08-31T18:00:34.644000+02:00,3,COMPLETED,837,Radim Pavelka,1872,Jan Trefny,1,3,1872,Jan Trefny,,,2026-08-31T16:15:46.698000+00:00,SCHEDULED_START_PLUS_DURATION,2026-08-30T17:42:14.032781+00:00,2026-08-31T17:42:14.068146+00:00,7f55625fb8ca1f824a07509e13f5b60fbdca32dc155d06eeb505f89d8b77a2f1,api.league-pro.com,OK,c54192da3a4feed2d052242b4924fdb84e30f2a5f63a47b8b7fe75908a28a27a
306556,36314,Tournament A12. League 450-500,450-500,2026-08-31T16:30:05.187000+00:00,2026-08-31T10:30:05.187000-06:00,2026-08-31T18:30:05.187000+02:00,3,COMPLETED,1341,Michal Syroha,894,Lubor Sulava,1,3,894,Lubor Sulava,,,2026-08-31T16:50:47.156000+00:00,SCHEDULED_START_PLUS_DURATION,2026-08-30T17:42:14.032781+00:00,2026-08-31T17:42:14.068146+00:00,7f55625fb8ca1f824a07509e13f5b60fbdca32dc155d06eeb505f89d8b77a2f1,api.league-pro.com,OK,98c4bd1cc79e62e6d13a12da62c81660bc2b3290f180fd1d7cd61f29b0f1ad37
306720,36333,Tournament A18. League 1000-1100,1000-1100,2026-08-31T16:30:09.407000+00:00,2026-08-31T10:30:09.407000-06:00,2026-08-31T18:30:09.407000+02:00,3,COMPLETED,996,Tadeas Zika,1705,Michal Cabis,3,1,996,Tadeas Zika,,,2026-08-31T16:48:00.693000+00:00,SCHEDULED_START_PLUS_DURATION,2026-08-30T17:42:14.032781+00:00,2026-08-31T17:42:14.068146+00:00,7f55625fb8ca1f824a07509e13f5b60fbdca32dc155d06eeb505f89d8b77a2f1,api.league-pro.com,OK,dee47c8f6911cdc16ddc5f599ab0f7b5d3bd6ba91e84c4c571578f4d35c7284c
306652,36325,Tournament A16. League 800-900,800-900,2026-08-31T16:30:10.939000+00:00,2026-08-31T10:30:10.939000-06:00,2026-08-31T18:30:10.939000+02:00,3,COMPLETED,1294,Zbynek Pagac,1709,Michal Chalupa,2,3,1709,Michal Chalupa,,,2026-08-31T16:51:01.012000+00:00,SCHEDULED_START_PLUS_DURATION,2026-08-30T17:42:14.032781+00:00,2026-08-31T17:42:14.068146+00:00,7f55625fb8ca1f824a07509e13f5b60fbdca32dc155d06eeb505f89d8b77a2f1,api.league-pro.com,OK,92dd3dc437ae10be214ace14ba32740dc08815c1a21ebb59c78a77676efddb07
306600,36319,Tournament A14. League 600-700,600-700,2026-08-31T16:30:21.695000+00:00,2026-08-31T10:30:21.695000-06:00,2026-08-31T18:30:21.695000+02:00,3,COMPLETED,897,Tibor Kolenic,1679,Jiri Dedek,3,2,897,Tibor Kolenic,,,2026-08-31T16:56:19.789000+00:00,SCHEDULED_START_PLUS_DURATION,2026-08-30T17:42:14.032781+00:00,2026-08-31T17:42:14.068146+00:00,7f55625fb8ca1f824a07509e13f5b60fbdca32dc155d06eeb505f89d8b77a2f1,api.league-pro.com,OK,001e14e3f17ed81d2b2ce50d2d9f29cacd59e2333508f0a5af22eda322096eaf
306676,36328,Tournament A17. League 1000-1100,1000-1100,2026-08-31T16:30:23.263000+00:00,2026-08-31T10:30:23.263000-06:00,2026-08-31T18:30:23.263000+02:00,3,COMPLETED,688,Erik Mares,1061,Jiri Nesnera,3,0,688,Erik Mares,,,2026-08-31T16:41:28.138000+00:00,SCHEDULED_START_PLUS_DURATION,2026-08-30T17:42:14.032781+00:00,2026-08-31T17:42:14.068146+00:00,7f55625fb8ca1f824a07509e13f5b60fbdca32dc155d06eeb505f89d8b77a2f1,api.league-pro.com,OK,6d04d7f6f6e2812e5e4f37e4470fe3f171f61e87636bfdef63c5f59823d3c7f9
306721,36333,Tournament A18. League 1000-1100,1000-1100,2026-08-31T17:00:14.502000+00:00,2026-08-31T11:00:14.502000-06:00,2026-08-31T19:00:14.502000+02:00,3,COMPLETED,1702,Jan Szotkowski,1705,Michal Cabis,0,3,1705,Michal Cabis,,,2026-08-31T17:13:21.601000+00:00,SCHEDULED_START_PLUS_DURATION,2026-08-30T17:42:14.032781+00:00,2026-08-31T17:42:14.068146+00:00,7f55625fb8ca1f824a07509e13f5b60fbdca32dc155d06eeb505f89d8b77a2f1,api.league-pro.com,OK,49ae74585104578e584b848ed1a2c45210e0211bcd0befd7629ce695e42145d3
306677,36328,Tournament A17. League 1000-1100,1000-1100,2026-08-31T17:00:42.003000+00:00,2026-08-31T11:00:42.003000-06:00,2026-08-31T19:00:42.003000+02:00,3,COMPLETED,1634,Jakub Kycelt,1061,Jiri Nesnera,3,1,1634,Jakub Kycelt,,,2026-08-31T17:21:37.506000+00:00,SCHEDULED_START_PLUS_DURATION,2026-08-30T17:42:14.032781+00:00,2026-08-31T17:42:14.068146+00:00,7f55625fb8ca1f824a07509e13f5b60fbdca32dc155d06eeb505f89d8b77a2f1,api.league-pro.com,OK,d0a5cd27f0b0f7c8f8d304c534018016464be89c115d97497b7641e3bfafec97
306557,36314,Tournament A12. League 450-500,450-500,2026-08-31T17:01:08.564000+00:00,2026-08-31T11:01:08.564000-06:00,2026-08-31T19:01:08.564000+02:00,3,COMPLETED,1285,Jan Pleskot,1341,Michal Syroha,2,3,1341,Michal Syroha,,,2026-08-31T17:24:14.310000+00:00,SCHEDULED_START_PLUS_DURATION,2026-08-30T17:42:14.032781+00:00,2026-08-31T17:42:14.068146+00:00,7f55625fb8ca1f824a07509e13f5b60fbdca32dc155d06eeb505f89d8b77a2f1,api.league-pro.com,OK,85a80195a7b840cbbc088b4150ae434d9e4340724b3e5670a113beda01d7ac1f
306653,36325,Tournament A16. League 800-900,800-900,2026-08-31T17:01:11.799000+00:00,2026-08-31T11:01:11.799000-06:00,2026-08-31T19:01:11.799000+02:00,3,COMPLETED,1709,Michal Chalupa,1294,Zbynek Pagac,3,0,1709,Michal Chalupa,,,2026-08-31T17:11:54.933000+00:00,SCHEDULED_START_PLUS_DURATION,2026-08-30T17:42:14.032781+00:00,2026-08-31T17:42:14.068146+00:00,7f55625fb8ca1f824a07509e13f5b60fbdca32dc155d06eeb505f89d8b77a2f1,api.league-pro.com,OK,11944d536b678abb33eae905413a606501c2f57cd9ca8b463b65f6b151559a1f
306601,36319,Tournament A14. League 600-700,600-700,2026-08-31T17:04:14.080000+00:00,2026-08-31T11:04:14.080000-06:00,2026-08-31T19:04:14.080000+02:00,3,COMPLETED,1679,Jiri Dedek,897,Tibor Kolenic,3,0,1679,Jiri Dedek,,,2026-08-31T17:19:24.150000+00:00,SCHEDULED_START_PLUS_DURATION,2026-08-30T17:42:14.032781+00:00,2026-08-31T17:42:14.068146+00:00,7f55625fb8ca1f824a07509e13f5b60fbdca32dc155d06eeb505f89d8b77a2f1,api.league-pro.com,OK,b2aeee77b1af5bd5717d5e37703740b3b4eda2e0e19e5cc6cf23de61ab2f0b3a
306678,36328,Tournament A17. League 1000-1100,1000-1100,2026-08-31T17:30:07.531000+00:00,2026-08-31T11:30:07.531000-06:00,2026-08-31T19:30:07.531000+02:00,3,COMPLETED,688,Erik Mares,1295,Vojtech Koubek,1,3,1295,Vojtech Koubek,,,2026-08-31T17:45:25.947000+00:00,SCHEDULED_START_PLUS_DURATION,2026-08-30T17:42:14.032781+00:00,2026-09-01T05:42:03.028362+00:00,5286ed76a37e9cfcddd6a9d809965b489c94ada126bb14aaf682393cf8eecb83,api.league-pro.com,OK,a1addf5424ba277fb79058215bfb7fd27425f1bfe3686747ac003cec76207993
306602,36319,Tournament A14. League 600-700,600-700,2026-08-31T17:30:08.513000+00:00,2026-08-31T11:30:08.513000-06:00,2026-08-31T19:30:08.513000+02:00,3,COMPLETED,837,Radim Pavelka,1872,Jan Trefny,3,1,837,Radim Pavelka,,,2026-08-31T17:45:38.486000+00:00,SCHEDULED_START_PLUS_DURATION,2026-08-30T17:42:14.032781+00:00,2026-09-01T05:42:03.028362+00:00,5286ed76a37e9cfcddd6a9d809965b489c94ada126bb14aaf682393cf8eecb83,api.league-pro.com,OK,95f8ee343a22251fb998a829f41889e1e09bd7236487fd2ece5f8a4c02c89434
306654,36325,Tournament A16. League 800-900,800-900,2026-08-31T17:30:09.814000+00:00,2026-08-31T11:30:09.814000-06:00,2026-08-31T19:30:09.814000+02:00,3,COMPLETED,1875,Frantisek Nadymacek,1092,Marek Holub,3,1,1875,Frantisek Nadymacek,,,2026-08-31T17:45:16.790000+00:00,SCHEDULED_START_PLUS_DURATION,2026-08-30T17:42:14.032781+00:00,2026-09-01T05:42:03.028362+00:00,5286ed76a37e9cfcddd6a9d809965b489c94ada126bb14aaf682393cf8eecb83,api.league-pro.com,OK,a0c8214a053fb348909b6ad27be6c910c4c3452cca9b531f42863b36e133aa22
306722,36333,Tournament A18. League 1000-1100,1000-1100,2026-08-31T17:30:10.518000+00:00,2026-08-31T11:30:10.518000-06:00,2026-08-31T19:30:10.518000+02:00,3,COMPLETED,1046,Radomir Revay,996,Tadeas Zika,3,2,1046,Radomir Revay,,,2026-08-31T17:57:48.784000+00:00,SCHEDULED_START_PLUS_DURATION,2026-08-30T17:42:14.032781+00:00,2026-09-01T05:42:03.028362+00:00,5286ed76a37e9cfcddd6a9d809965b489c94ada126bb14aaf682393cf8eecb83,api.league-pro.com,OK,cdec8909dc1197c14f3e4158014b431e3391f3821791a5119f2b58fe028d6eff
306558,36314,Tournament A12. League 450-500,450-500,2026-08-31T17:30:14.952000+00:00,2026-08-31T11:30:14.952000-06:00,2026-08-31T19:30:14.952000+02:00,3,COMPLETED,894,Lubor Sulava,951,Miroslav Barta,2,3,951,Miroslav Barta,,,2026-08-31T17:54:19.538000+00:00,SCHEDULED_START_PLUS_DURATION,2026-08-30T17:42:14.032781+00:00,2026-09-01T05:42:03.028362+00:00,5286ed76a37e9cfcddd6a9d809965b489c94ada126bb14aaf682393cf8eecb83,api.league-pro.com,OK,24df9b62e0e71d3873869a34ad63253c6d654fd50f0d2cc457ef9c1ce76a9189
306560,36315,Tournament A12. League 550-600,550-600,2026-08-31T18:00:07.983000+00:00,2026-08-31T12:00:07.983000-06:00,2026-08-31T20:00:07.983000+02:00,3,COMPLETED,1808,Ondrej Fejtek,1635,Julius Didi,1,3,1635,Julius Didi,,,2026-08-31T18:17:13.216000+00:00,SCHEDULED_START_PLUS_DURATION,2026-08-30T17:42:14.032781+00:00,2026-09-01T05:42:03.028362+00:00,5286ed76a37e9cfcddd6a9d809965b489c94ada126bb14aaf682393cf8eecb83,api.league-pro.com,OK,b882ee617ef8c9554e8eaed89df30d6b217c1bd1010260ea2711135a280316d7
306655,36326,Tournament A16. League 600-700,600-700,2026-08-31T18:00:08.333000+00:00,2026-08-31T12:00:08.333000-06:00,2026-08-31T20:00:08.333000+02:00,3,COMPLETED,1173,Dominik Oborny,1014,Jakub Levicky,2,3,1014,Jakub Levicky,,,2026-08-31T18:21:34.265000+00:00,SCHEDULED_START_PLUS_DURATION,2026-08-30T17:42:14.032781+00:00,2026-09-01T05:42:03.028362+00:00,5286ed76a37e9cfcddd6a9d809965b489c94ada126bb14aaf682393cf8eecb83,api.league-pro.com,OK,709dd12a8f299b4b2f321dcab845774c404ac3d2c5320961b56596ffc597879b
306695,36331,Tournament A17. League 800-900,800-900,2026-08-31T18:00:08.477000+00:00,2026-08-31T12:00:08.477000-06:00,2026-08-31T20:00:08.477000+02:00,3,COMPLETED,830,Jakub Hradecky,1272,Jakub Stolfa,1,3,1272,Jakub Stolfa,,,2026-08-31T18:17:10.416000+00:00,SCHEDULED_START_PLUS_DURATION,2026-08-30T17:42:14.032781+00:00,2026-09-01T05:42:03.028362+00:00,5286ed76a37e9cfcddd6a9d809965b489c94ada126bb14aaf682393cf8eecb83,api.league-pro.com,OK,7d97d2e2c9d0cef78682bd0565633bd0d5a517bdc6ef6fb4f1423d221f3cca8a
306603,36320,Tournament A14. League 600-700,600-700,2026-08-31T18:00:17.319000+00:00,2026-08-31T12:00:17.319000-06:00,2026-08-31T20:00:17.319000+02:00,3,COMPLETED,1260,Pavel Fojt,824,Milan Kolar,3,2,1260,Pavel Fojt,,,2026-08-31T18:30:23.824000+00:00,SCHEDULED_START_PLUS_DURATION,2026-08-30T17:42:14.032781+00:00,2026-09-01T05:42:03.028362+00:00,5286ed76a37e9cfcddd6a9d809965b489c94ada126bb14aaf682393cf8eecb83,api.league-pro.com,OK,145f714f63c588e62c97a9e02a376da6d5b3f8138c45dc067b49fb4b7dd5e56c
306723,36334,Tournament A18. League 1000-1100,1000-1100,2026-08-31T18:00:18.856000+00:00,2026-08-31T12:00:18.856000-06:00,2026-08-31T20:00:18.856000+02:00,3,COMPLETED,1004,Ondrej Paril,1702,Jan Szotkowski,3,2,1004,Ondrej Paril,,,2026-08-31T18:16:38.753000+00:00,SCHEDULED_START_PLUS_DURATION,2026-08-30T17:42:14.032781+00:00,2026-09-01T05:42:03.028362+00:00,5286ed76a37e9cfcddd6a9d809965b489c94ada126bb14aaf682393cf8eecb83,api.league-pro.com,OK,0ec0cafe7073286a0a5bf965a47cd97de2989cbd5a83cff4efe865973229ef5e
306559,36315,Tournament A12. League 550-600,550-600,2026-08-31T18:30:06.340000+00:00,2026-08-31T12:30:06.340000-06:00,2026-08-31T20:30:06.340000+02:00,3,COMPLETED,1412,Jan Steffan,1520,Tomas Regner,3,1,1412,Jan Steffan,,,2026-08-31T18:43:58.926000+00:00,SCHEDULED_START_PLUS_DURATION,2026-08-30T17:42:14.032781+00:00,2026-09-01T05:42:03.028362+00:00,5286ed76a37e9cfcddd6a9d809965b489c94ada126bb14aaf682393cf8eecb83,api.league-pro.com,OK,3c1e5af9294a083a0be23eee0ae0c465b5e3c6076289225c089e833038343c6f
306724,36334,Tournament A18. League 1000-1100,1000-1100,2026-08-31T18:30:14.017000+00:00,2026-08-31T12:30:14.017000-06:00,2026-08-31T20:30:14.017000+02:00,3,COMPLETED,996,Tadeas Zika,1046,Radomir Revay,3,0,996,Tadeas Zika,,,2026-08-31T18:42:38.492000+00:00,SCHEDULED_START_PLUS_DURATION,2026-08-30T17:42:14.032781+00:00,2026-09-01T05:42:03.028362+00:00,5286ed76a37e9cfcddd6a9d809965b489c94ada126bb14aaf682393cf8eecb83,api.league-pro.com,OK,a2bc853fad7e45a40bc2c5f3178ff7cfb0abc94202715cd48b2d4257d6ef3c0e
306696,36331,Tournament A17. League 800-900,800-900,2026-08-31T18:30:14.528000+00:00,2026-08-31T12:30:14.528000-06:00,2026-08-31T20:30:14.528000+02:00,3,COMPLETED,1411,Simon Kadavy,781,Jiri Pozarsky,3,2,1411,Simon Kadavy,,,2026-08-31T18:54:35.253000+00:00,SCHEDULED_START_PLUS_DURATION,2026-08-30T17:42:14.032781+00:00,2026-09-01T05:42:03.028362+00:00,5286ed76a37e9cfcddd6a9d809965b489c94ada126bb14aaf682393cf8eecb83,api.league-pro.com,OK,bb65e4f51b6bb0945fb59173cd1b44567e02ce608c478ab8c12a4ad1d8fb399e
306656,36326,Tournament A16. League 600-700,600-700,2026-08-31T18:30:21.942000+00:00,2026-08-31T12:30:21.942000-06:00,2026-08-31T20:30:21.942000+02:00,3,COMPLETED,1725,Marcel Heczko,1748,Tomas Milota,2,3,1748,Tomas Milota,,,2026-08-31T18:53:20.105000+00:00,SCHEDULED_START_PLUS_DURATION,2026-08-30T17:42:14.032781+00:00,2026-09-01T05:42:03.028362+00:00,5286ed76a37e9cfcddd6a9d809965b489c94ada126bb14aaf682393cf8eecb83,api.league-pro.com,OK,04bf46242dbab616c0b5afc81de0f8ae051fae0a06b90fd711f318bec373ff16
306604,36320,Tournament A14. League 600-700,600-700,2026-08-31T18:32:03.965000+00:00,2026-08-31T12:32:03.965000-06:00,2026-08-31T20:32:03.965000+02:00,3,COMPLETED,1418,Tomas Dousa,1545,Yurii Holovatiuk,3,0,1418,Tomas Dousa,,,2026-08-31T18:43:49.043000+00:00,SCHEDULED_START_PLUS_DURATION,2026-08-30T17:42:14.032781+00:00,2026-09-01T05:42:03.028362+00:00,5286ed76a37e9cfcddd6a9d809965b489c94ada126bb14aaf682393cf8eecb83,api.league-pro.com,OK,76bf9b8155f4e4ca2c1bde757458c6b6fcde7d919e7a372b0a1d24910e7f1996
306697,36331,Tournament A17. League 800-900,800-900,2026-08-31T19:00:08.180000+00:00,2026-08-31T13:00:08.180000-06:00,2026-08-31T21:00:08.180000+02:00,3,COMPLETED,1272,Jakub Stolfa,1411,Simon Kadavy,3,1,1272,Jakub Stolfa,,,2026-08-31T19:18:03.542000+00:00,SCHEDULED_START_PLUS_DURATION,2026-08-30T17:42:14.032781+00:00,2026-09-01T05:42:03.028362+00:00,5286ed76a37e9cfcddd6a9d809965b489c94ada126bb14aaf682393cf8eecb83,api.league-pro.com,OK,7e6e7d80c394fbfebcf17f4ed1453ebeb97d7fe46fc3f30986d77b43b3a52ea7
306561,36315,Tournament A12. League 550-600,550-600,2026-08-31T19:00:10.054000+00:00,2026-08-31T13:00:10.054000-06:00,2026-08-31T21:00:10.054000+02:00,3,COMPLETED,1520,Tomas Regner,1808,Ondrej Fejtek,3,0,1520,Tomas Regner,,,2026-08-31T19:08:52.485000+00:00,SCHEDULED_START_PLUS_DURATION,2026-08-30T17:42:14.032781+00:00,2026-09-01T05:42:03.028362+00:00,5286ed76a37e9cfcddd6a9d809965b489c94ada126bb14aaf682393cf8eecb83,api.league-pro.com,OK,ce9049f218925c349385cb0e2e9b968ea6b25242991969168f72a72615118333
306725,36334,Tournament A18. League 1000-1100,1000-1100,2026-08-31T19:00:10.863000+00:00,2026-08-31T13:00:10.863000-06:00,2026-08-31T21:00:10.863000+02:00,3,COMPLETED,1702,Jan Szotkowski,996,Tadeas Zika,3,1,1702,Jan Szotkowski,,,2026-08-31T19:16:02.997000+00:00,SCHEDULED_START_PLUS_DURATION,2026-08-30T17:42:14.032781+00:00,2026-09-01T05:42:03.028362+00:00,5286ed76a37e9cfcddd6a9d809965b489c94ada126bb14aaf682393cf8eecb83,api.league-pro.com,OK,320af1c0ddbb1408297875e1e5c6759f615dab7c729bfb1706a0836b2affaf11
306657,36326,Tournament A16. League 600-700,600-700,2026-08-31T19:00:14.233000+00:00,2026-08-31T13:00:14.233000-06:00,2026-08-31T21:00:14.233000+02:00,3,COMPLETED,1014,Jakub Levicky,1725,Marcel Heczko,3,2,1014,Jakub Levicky,,,2026-08-31T19:21:07.216000+00:00,SCHEDULED_START_PLUS_DURATION,2026-08-30T17:42:14.032781+00:00,2026-09-01T05:42:03.028362+00:00,5286ed76a37e9cfcddd6a9d809965b489c94ada126bb14aaf682393cf8eecb83,api.league-pro.com,OK,b88bb9c6aa1d0b48b0e47e24ecd2ee9e0a78c99d9fd703092b2a52fdea44dc26
306605,36320,Tournament A14. League 600-700,600-700,2026-08-31T19:00:35.046000+00:00,2026-08-31T13:00:35.046000-06:00,2026-08-31T21:00:35.046000+02:00,3,COMPLETED,824,Milan Kolar,1418,Tomas Dousa,1,3,1418,Tomas Dousa,,,2026-08-31T19:23:00.635000+00:00,SCHEDULED_START_PLUS_DURATION,2026-08-30T17:42:14.032781+00:00,2026-09-01T05:42:03.028362+00:00,5286ed76a37e9cfcddd6a9d809965b489c94ada126bb14aaf682393cf8eecb83,api.league-pro.com,OK,a88857196da111c37e659bc6dda6dcf25e438d1573dfd73dcbe33b67acc100c4
306562,36315,Tournament A12. League 550-600,550-600,2026-08-31T19:30:05.610000+00:00,2026-08-31T13:30:05.610000-06:00,2026-08-31T21:30:05.610000+02:00,3,COMPLETED,1635,Julius Didi,1412,Jan Steffan,2,3,1412,Jan Steffan,,,2026-08-31T19:51:48.482000+00:00,SCHEDULED_START_PLUS_DURATION,2026-08-30T17:42:14.032781+00:00,2026-09-01T05:42:03.028362+00:00,5286ed76a37e9cfcddd6a9d809965b489c94ada126bb14aaf682393cf8eecb83,api.league-pro.com,OK,ea716390d5de65ec9e01bed7fed680447b43631c2c6d74fed70457a5831d92bd
306658,36326,Tournament A16. League 600-700,600-700,2026-08-31T19:30:08.150000+00:00,2026-08-31T13:30:08.150000-06:00,2026-08-31T21:30:08.150000+02:00,3,COMPLETED,1748,Tomas Milota,1173,Dominik Oborny,3,1,1748,Tomas Milota,,,2026-08-31T19:46:09.138000+00:00,SCHEDULED_START_PLUS_DURATION,2026-08-30T17:42:14.032781+00:00,2026-09-01T05:42:03.028362+00:00,5286ed76a37e9cfcddd6a9d809965b489c94ada126bb14aaf682393cf8eecb83,api.league-pro.com,OK,6bd22f93fb019aebf295862aa78a5d93776ee110a6bb029fb045b41598e788ed
306726,36334,Tournament A18. League 1000-1100,1000-1100,2026-08-31T19:30:13.875000+00:00,2026-08-31T13:30:13.875000-06:00,2026-08-31T21:30:13.875000+02:00,3,COMPLETED,1046,Radomir Revay,1004,Ondrej Paril,2,3,1004,Ondrej Paril,,,2026-08-31T19:55:13.914000+00:00,SCHEDULED_START_PLUS_DURATION,2026-08-30T17:42:14.032781+00:00,2026-09-01T05:42:03.028362+00:00,5286ed76a37e9cfcddd6a9d809965b489c94ada126bb14aaf682393cf8eecb83,api.league-pro.com,OK,931a42874d45a943ece939d210457628e4c49208084680d5e4cf5f4b63ea2dc1
306698,36331,Tournament A17. League 800-900,800-900,2026-08-31T19:30:26.976000+00:00,2026-08-31T13:30:26.976000-06:00,2026-08-31T21:30:26.976000+02:00,3,COMPLETED,781,Jiri Pozarsky,830,Jakub Hradecky,3,1,781,Jiri Pozarsky,,,2026-08-31T19:47:04.080000+00:00,SCHEDULED_START_PLUS_DURATION,2026-08-30T17:42:14.032781+00:00,2026-09-01T05:42:03.028362+00:00,5286ed76a37e9cfcddd6a9d809965b489c94ada126bb14aaf682393cf8eecb83,api.league-pro.com,OK,1f3173d6a0a44b80421e4037765fb8935cf9302f3851aa6b316d6e7bc0a23a69
306606,36320,Tournament A14. League 600-700,600-700,2026-08-31T19:30:58.117000+00:00,2026-08-31T13:30:58.117000-06:00,2026-08-31T21:30:58.117000+02:00,3,COMPLETED,1545,Yurii Holovatiuk,1260,Pavel Fojt,2,3,1260,Pavel Fojt,,,2026-08-31T19:51:54.577000+00:00,SCHEDULED_START_PLUS_DURATION,2026-08-30T17:42:14.032781+00:00,2026-09-01T05:42:03.028362+00:00,5286ed76a37e9cfcddd6a9d809965b489c94ada126bb14aaf682393cf8eecb83,api.league-pro.com,OK,1d2d2b6a0bdab3aa50f9320ad22635dbd06a751ebf8134ab22a4c474baa94727
306563,36315,Tournament A12. League 550-600,550-600,2026-08-31T20:00:06.937000+00:00,2026-08-31T14:00:06.937000-06:00,2026-08-31T22:00:06.937000+02:00,3,COMPLETED,1412,Jan Steffan,1808,Ondrej Fejtek,1,3,1808,Ondrej Fejtek,,,2026-08-31T20:14:38.573000+00:00,SCHEDULED_START_PLUS_DURATION,2026-08-30T17:42:14.032781+00:00,2026-09-01T05:42:03.028362+00:00,5286ed76a37e9cfcddd6a9d809965b489c94ada126bb14aaf682393cf8eecb83,api.league-pro.com,OK,21186c9d95adbf46c7c66709443832bf623a4c49c1ed1270be01f009a8b65bda
306727,36334,Tournament A18. League 1000-1100,1000-1100,2026-08-31T20:00:08.456000+00:00,2026-08-31T14:00:08.456000-06:00,2026-08-31T22:00:08.456000+02:00,3,COMPLETED,1004,Ondrej Paril,996,Tadeas Zika,3,1,1004,Ondrej Paril,,,2026-08-31T20:18:38.028000+00:00,SCHEDULED_START_PLUS_DURATION,2026-08-30T17:42:14.032781+00:00,2026-09-01T05:42:03.028362+00:00,5286ed76a37e9cfcddd6a9d809965b489c94ada126bb14aaf682393cf8eecb83,api.league-pro.com,OK,601c9026c82c18c8a1920df95264769919f68d1184ca3c7fb206e1fb7630a460
306659,36326,Tournament A16. League 600-700,600-700,2026-08-31T20:00:10.712000+00:00,2026-08-31T14:00:10.712000-06:00,2026-08-31T22:00:10.712000+02:00,3,COMPLETED,1173,Dominik Oborny,1725,Marcel Heczko,0,3,1725,Marcel Heczko,,,2026-08-31T20:13:20.064000+00:00,SCHEDULED_START_PLUS_DURATION,2026-08-30T17:42:14.032781+00:00,2026-09-01T05:42:03.028362+00:00,5286ed76a37e9cfcddd6a9d809965b489c94ada126bb14aaf682393cf8eecb83,api.league-pro.com,OK,11fb0677f1fc9c55e413264d297ad3effbc12f03897810c478355a2ecbfc4292
306699,36331,Tournament A17. League 800-900,800-900,2026-08-31T20:00:11.672000+00:00,2026-08-31T14:00:11.672000-06:00,2026-08-31T22:00:11.672000+02:00,3,COMPLETED,830,Jakub Hradecky,1411,Simon Kadavy,2,3,1411,Simon Kadavy,,,2026-08-31T20:20:07.428000+00:00,SCHEDULED_START_PLUS_DURATION,2026-08-30T17:42:14.032781+00:00,2026-09-01T05:42:03.028362+00:00,5286ed76a37e9cfcddd6a9d809965b489c94ada126bb14aaf682393cf8eecb83,api.league-pro.com,OK,27a7320ca2e9436d926d9bab3828daf1024014eac34d7842b9729f1522978803
306607,36320,Tournament A14. League 600-700,600-700,2026-08-31T20:00:29.183000+00:00,2026-08-31T14:00:29.183000-06:00,2026-08-31T22:00:29.183000+02:00,3,COMPLETED,1260,Pavel Fojt,1418,Tomas Dousa,0,3,1418,Tomas Dousa,,,2026-08-31T20:10:49.924000+00:00,SCHEDULED_START_PLUS_DURATION,2026-08-30T17:42:14.032781+00:00,2026-09-01T05:42:03.028362+00:00,5286ed76a37e9cfcddd6a9d809965b489c94ada126bb14aaf682393cf8eecb83,api.league-pro.com,OK,07f83c30e089aeca7e99a3b55376cf7af7b7a74eaef735a44feb412b73b3ef2c
306728,36334,Tournament A18. League 1000-1100,1000-1100,2026-08-31T20:30:09.317000+00:00,2026-08-31T14:30:09.317000-06:00,2026-08-31T22:30:09.317000+02:00,3,COMPLETED,1702,Jan Szotkowski,1046,Radomir Revay,3,0,1702,Jan Szotkowski,,,2026-08-31T20:42:38.236000+00:00,SCHEDULED_START_PLUS_DURATION,2026-08-30T17:42:14.032781+00:00,2026-09-01T05:42:03.028362+00:00,5286ed76a37e9cfcddd6a9d809965b489c94ada126bb14aaf682393cf8eecb83,api.league-pro.com,OK,2f3acc64dbb50bb30ad996d7292371ed69be04879b6013895be0df3617e12238
306660,36326,Tournament A16. League 600-700,600-700,2026-08-31T20:30:09.884000+00:00,2026-08-31T14:30:09.884000-06:00,2026-08-31T22:30:09.884000+02:00,3,COMPLETED,1014,Jakub Levicky,1748,Tomas Milota,2,3,1748,Tomas Milota,,,2026-08-31T20:50:37.643000+00:00,SCHEDULED_START_PLUS_DURATION,2026-08-30T17:42:14.032781+00:00,2026-09-01T05:42:03.028362+00:00,5286ed76a37e9cfcddd6a9d809965b489c94ada126bb14aaf682393cf8eecb83,api.league-pro.com,OK,e52b557a2a6e59881d939343dc42995dd6bef2ead7246fce8c3f72be1caa8b09
306564,36315,Tournament A12. League 550-600,550-600,2026-08-31T20:30:12.522000+00:00,2026-08-31T14:30:12.522000-06:00,2026-08-31T22:30:12.522000+02:00,3,COMPLETED,1520,Tomas Regner,1635,Julius Didi,0,3,1635,Julius Didi,,,2026-08-31T20:41:47.117000+00:00,SCHEDULED_START_PLUS_DURATION,2026-08-30T17:42:14.032781+00:00,2026-09-01T05:42:03.028362+00:00,5286ed76a37e9cfcddd6a9d809965b489c94ada126bb14aaf682393cf8eecb83,api.league-pro.com,OK,9749eef079e105d2bbfa969da86b860b38ec49c00436b1dcefaa171ce5748259
306700,36331,Tournament A17. League 800-900,800-900,2026-08-31T20:30:15.980000+00:00,2026-08-31T14:30:15.980000-06:00,2026-08-31T22:30:15.980000+02:00,3,COMPLETED,1272,Jakub Stolfa,781,Jiri Pozarsky,1,3,781,Jiri Pozarsky,,,2026-08-31T20:52:37.776000+00:00,SCHEDULED_START_PLUS_DURATION,2026-08-30T17:42:14.032781+00:00,2026-09-01T05:42:03.028362+00:00,5286ed76a37e9cfcddd6a9d809965b489c94ada126bb14aaf682393cf8eecb83,api.league-pro.com,OK,888faaaa3cf16f642bd05dc7dec8b9367bcccb576a9da53ccb09968f8ee1b02e
306608,36320,Tournament A14. League 600-700,600-700,2026-08-31T20:30:33.304000+00:00,2026-08-31T14:30:33.304000-06:00,2026-08-31T22:30:33.304000+02:00,3,COMPLETED,824,Milan Kolar,1545,Yurii Holovatiuk,2,3,1545,Yurii Holovatiuk,,,2026-08-31T21:00:41.487000+00:00,SCHEDULED_START_PLUS_DURATION,2026-08-30T17:42:14.032781+00:00,2026-09-01T05:42:03.028362+00:00,5286ed76a37e9cfcddd6a9d809965b489c94ada126bb14aaf682393cf8eecb83,api.league-pro.com,OK,cb2db8bf734427a8ef1ace7e93a22f190e922ef4ee8676f39ccb5a842a4d3db4
306565,36315,Tournament A12. League 550-600,550-600,2026-08-31T21:00:10.964000+00:00,2026-08-31T15:00:10.964000-06:00,2026-08-31T23:00:10.964000+02:00,3,COMPLETED,1520,Tomas Regner,1808,Ondrej Fejtek,2,3,1808,Ondrej Fejtek,,,2026-08-31T21:22:22.491000+00:00,SCHEDULED_START_PLUS_DURATION,2026-08-30T17:42:14.032781+00:00,2026-09-01T05:42:03.028362+00:00,5286ed76a37e9cfcddd6a9d809965b489c94ada126bb14aaf682393cf8eecb83,api.league-pro.com,OK,68090f02facdc7669abdeff8f908928849a94c9dc9ebe130845c982daa2f612d
306661,36326,Tournament A16. League 600-700,600-700,2026-08-31T21:00:17.093000+00:00,2026-08-31T15:00:17.093000-06:00,2026-08-31T23:00:17.093000+02:00,3,COMPLETED,1725,Marcel Heczko,1173,Dominik Oborny,2,3,1173,Dominik Oborny,,,2026-08-31T21:19:48.501000+00:00,SCHEDULED_START_PLUS_DURATION,2026-08-30T17:42:14.032781+00:00,2026-09-01T05:42:03.028362+00:00,5286ed76a37e9cfcddd6a9d809965b489c94ada126bb14aaf682393cf8eecb83,api.league-pro.com,OK,542cfb261f6c12de482bf4bc67001686f404db1f348bf5a4640ce1ffd8ea271e
306729,36334,Tournament A18. League 1000-1100,1000-1100,2026-08-31T21:00:19.448000+00:00,2026-08-31T15:00:19.448000-06:00,2026-08-31T23:00:19.448000+02:00,3,COMPLETED,996,Tadeas Zika,1046,Radomir Revay,2,3,1046,Radomir Revay,,,2026-08-31T21:21:33.005000+00:00,SCHEDULED_START_PLUS_DURATION,2026-08-30T17:42:14.032781+00:00,2026-09-01T05:42:03.028362+00:00,5286ed76a37e9cfcddd6a9d809965b489c94ada126bb14aaf682393cf8eecb83,api.league-pro.com,OK,23dc8ecb70db5b9370d6639fb6338a3120257c3e9ec5ce4a92e5349d5dc6a65e
306701,36331,Tournament A17. League 800-900,800-900,2026-08-31T21:01:12.898000+00:00,2026-08-31T15:01:12.898000-06:00,2026-08-31T23:01:12.898000+02:00,3,COMPLETED,1411,Simon Kadavy,830,Jakub Hradecky,3,1,1411,Simon Kadavy,,,2026-08-31T21:16:15.618000+00:00,SCHEDULED_START_PLUS_DURATION,2026-08-30T17:42:14.032781+00:00,2026-09-01T05:42:03.028362+00:00,5286ed76a37e9cfcddd6a9d809965b489c94ada126bb14aaf682393cf8eecb83,api.league-pro.com,OK,bc82d46e8eb082c49c3229d22741ccff28994cabf816a9f5993d1171168c9a09
306609,36320,Tournament A14. League 600-700,600-700,2026-08-31T21:09:07.471000+00:00,2026-08-31T15:09:07.471000-06:00,2026-08-31T23:09:07.471000+02:00,3,COMPLETED,1545,Yurii Holovatiuk,824,Milan Kolar,3,1,1545,Yurii Holovatiuk,,,2026-08-31T21:30:44.369000+00:00,SCHEDULED_START_PLUS_DURATION,2026-08-30T17:42:14.032781+00:00,2026-09-01T05:42:03.028362+00:00,5286ed76a37e9cfcddd6a9d809965b489c94ada126bb14aaf682393cf8eecb83,api.league-pro.com,OK,f2d5f06adb26ffbe1b588d849001d016494c0ed5923d310e74adf6837d2604e9
306566,36315,Tournament A12. League 550-600,550-600,2026-08-31T21:30:06.034000+00:00,2026-08-31T15:30:06.034000-06:00,2026-08-31T23:30:06.034000+02:00,3,COMPLETED,1635,Julius Didi,1412,Jan Steffan,1,3,1412,Jan Steffan,,,2026-08-31T21:46:49.408000+00:00,SCHEDULED_START_PLUS_DURATION,2026-08-30T17:42:14.032781+00:00,2026-09-01T05:42:03.028362+00:00,5286ed76a37e9cfcddd6a9d809965b489c94ada126bb14aaf682393cf8eecb83,api.league-pro.com,OK,5d3fbfb3a37749fd84eb6a3e42fe9c351f0043c4de2a47f919b54b0c3df9559e
306730,36334,Tournament A18. League 1000-1100,1000-1100,2026-08-31T21:30:08.632000+00:00,2026-08-31T15:30:08.632000-06:00,2026-08-31T23:30:08.632000+02:00,3,COMPLETED,1004,Ondrej Paril,1702,Jan Szotkowski,3,2,1004,Ondrej Paril,,,2026-08-31T21:52:18.832000+00:00,SCHEDULED_START_PLUS_DURATION,2026-08-30T17:42:14.032781+00:00,2026-09-01T05:42:03.028362+00:00,5286ed76a37e9cfcddd6a9d809965b489c94ada126bb14aaf682393cf8eecb83,api.league-pro.com,OK,8c862f09d9b8458a2702c224e25f7e3356266d8a59a80bf74720336de5741e42
306662,36326,Tournament A16. League 600-700,600-700,2026-08-31T21:30:38.326000+00:00,2026-08-31T15:30:38.326000-06:00,2026-08-31T23:30:38.326000+02:00,3,COMPLETED,1748,Tomas Milota,1014,Jakub Levicky,0,3,1014,Jakub Levicky,,,2026-08-31T21:41:29.503000+00:00,SCHEDULED_START_PLUS_DURATION,2026-08-30T17:42:14.032781+00:00,2026-09-01T05:42:03.028362+00:00,5286ed76a37e9cfcddd6a9d809965b489c94ada126bb14aaf682393cf8eecb83,api.league-pro.com,OK,75d38e04f2aa101fe3a3a19c2bb77722fe1a175ac0fcd86ecea57ffc479c9e7f
306702,36331,Tournament A17. League 800-900,800-900,2026-08-31T21:30:41.126000+00:00,2026-08-31T15:30:41.126000-06:00,2026-08-31T23:30:41.126000+02:00,3,COMPLETED,781,Jiri Pozarsky,1272,Jakub Stolfa,3,0,781,Jiri Pozarsky,,,2026-08-31T21:43:46.412000+00:00,SCHEDULED_START_PLUS_DURATION,2026-08-30T17:42:14.032781+00:00,2026-09-01T05:42:03.028362+00:00,5286ed76a37e9cfcddd6a9d809965b489c94ada126bb14aaf682393cf8eecb83,api.league-pro.com,OK,5db5c9b457d777cb8164d2c96094699f7e7cb232d0a3cc024470a66142843aa6
306610,36320,Tournament A14. League 600-700,600-700,2026-08-31T21:31:49.060000+00:00,2026-08-31T15:31:49.060000-06:00,2026-08-31T23:31:49.060000+02:00,3,COMPLETED,1418,Tomas Dousa,1260,Pavel Fojt,3,0,1418,Tomas Dousa,,,2026-08-31T21:43:12.102000+00:00,SCHEDULED_START_PLUS_DURATION,2026-08-30T17:42:14.032781+00:00,2026-09-01T05:42:03.028362+00:00,5286ed76a37e9cfcddd6a9d809965b489c94ada126bb14aaf682393cf8eecb83,api.league-pro.com,OK,c6c70d684e898150dc9961608693bd9b5f0b5601de6d061938544cfb38fd2bef
306611,36321,Tournament A14. League 700-800,700-800,2026-08-31T21:59:52.244000+00:00,2026-08-31T15:59:52.244000-06:00,2026-08-31T23:59:52.244000+02:00,3,COMPLETED,843,Tomas Janata,903,Daniel Kouble,1,3,903,Daniel Kouble,,,2026-08-31T22:17:59.924000+00:00,SCHEDULED_START_PLUS_DURATION,2026-08-31T17:42:14.068146+00:00,2026-09-01T05:42:03.028362+00:00,5286ed76a37e9cfcddd6a9d809965b489c94ada126bb14aaf682393cf8eecb83,api.league-pro.com,OK,a38fe33c8684fdcf968e643edb35f673d586916fee327836247a459ff74bcbc4
306567,36316,Tournament A12. League 550-600,550-600,2026-08-31T22:00:08.459000+00:00,2026-08-31T16:00:08.459000-06:00,2026-09-01T00:00:08.459000+02:00,3,COMPLETED,1603,Oleg Vitrovyj,805,Ondrej Kucirek,3,0,1603,Oleg Vitrovyj,,,2026-08-31T22:18:07.490000+00:00,SCHEDULED_START_PLUS_DURATION,2026-08-31T17:42:14.068146+00:00,2026-09-01T05:42:03.028362+00:00,5286ed76a37e9cfcddd6a9d809965b489c94ada126bb14aaf682393cf8eecb83,api.league-pro.com,OK,0f53041a9849d0522a93cfb1d21883fef6ba6181c700592d67545da221cf7a80
306703,36332,Tournament A17. League 600-700,600-700,2026-08-31T22:00:27.620000+00:00,2026-08-31T16:00:27.620000-06:00,2026-09-01T00:00:27.620000+02:00,3,COMPLETED,950,Jan Varcl,1078,Kyryl Darin,3,1,950,Jan Varcl,,,2026-08-31T22:17:02.856000+00:00,SCHEDULED_START_PLUS_DURATION,2026-08-31T17:42:14.068146+00:00,2026-09-01T05:42:03.028362+00:00,5286ed76a37e9cfcddd6a9d809965b489c94ada126bb14aaf682393cf8eecb83,api.league-pro.com,OK,72d4e552e6d9e646ab0de8a41fad69443b7a53eb475b82f6471fee47d174b1dd
306612,36321,Tournament A14. League 700-800,700-800,2026-08-31T22:30:03.404000+00:00,2026-08-31T16:30:03.404000-06:00,2026-09-01T00:30:03.404000+02:00,3,COMPLETED,865,Vladimir Postelt,1421,Richard Krejci,0,3,1421,Richard Krejci,,,2026-08-31T22:41:46.431000+00:00,SCHEDULED_START_PLUS_DURATION,2026-08-31T17:42:14.068146+00:00,2026-09-01T05:42:03.028362+00:00,5286ed76a37e9cfcddd6a9d809965b489c94ada126bb14aaf682393cf8eecb83,api.league-pro.com,OK,1494a6a958d90ed920e27e803007c4493e6952a32044b1ef98e523c9c8401437
306568,36316,Tournament A12. League 550-600,550-600,2026-08-31T22:30:16.064000+00:00,2026-08-31T16:30:16.064000-06:00,2026-09-01T00:30:16.064000+02:00,3,COMPLETED,1520,Tomas Regner,1635,Julius Didi,3,1,1520,Tomas Regner,,,2026-08-31T22:45:16.977000+00:00,SCHEDULED_START_PLUS_DURATION,2026-08-31T17:42:14.068146+00:00,2026-09-01T05:42:03.028362+00:00,5286ed76a37e9cfcddd6a9d809965b489c94ada126bb14aaf682393cf8eecb83,api.league-pro.com,OK,055cddb87c60e94b9c57f4d0cd4dc13cee01e4b2e1fe1f2093404974bcd3601e
306704,36332,Tournament A17. League 600-700,600-700,2026-08-31T22:30:17.494000+00:00,2026-08-31T16:30:17.494000-06:00,2026-09-01T00:30:17.494000+02:00,3,COMPLETED,1412,Jan Steffan,1344,Petr Picek,2,3,1344,Petr Picek,,,2026-08-31T22:50:15.980000+00:00,SCHEDULED_START_PLUS_DURATION,2026-08-31T17:42:14.068146+00:00,2026-09-01T05:42:03.028362+00:00,5286ed76a37e9cfcddd6a9d809965b489c94ada126bb14aaf682393cf8eecb83,api.league-pro.com,OK,27a4ea8a6ab1c388d0b48c95eb70f27f80611e6b3b1277a1c9cf4ac9f28cac35
306705,36332,Tournament A17. League 600-700,600-700,2026-08-31T23:00:12.308000+00:00,2026-08-31T17:00:12.308000-06:00,2026-09-01T01:00:12.308000+02:00,3,COMPLETED,1078,Kyryl Darin,1545,Yurii Holovatiuk,3,1,1078,Kyryl Darin,,,2026-08-31T23:12:53.287000+00:00,SCHEDULED_START_PLUS_DURATION,2026-08-31T17:42:14.068146+00:00,2026-09-01T05:42:03.028362+00:00,5286ed76a37e9cfcddd6a9d809965b489c94ada126bb14aaf682393cf8eecb83,api.league-pro.com,OK,ebf4db4778b8b082b1b8f4f779506d925e3e8a52f1af8e9a414c87b822823622
306613,36321,Tournament A14. League 700-800,700-800,2026-08-31T23:00:16.364000+00:00,2026-08-31T17:00:16.364000-06:00,2026-09-01T01:00:16.364000+02:00,3,COMPLETED,903,Daniel Kouble,863,Daniel Tuma,2,3,863,Daniel Tuma,,,2026-08-31T23:19:47.595000+00:00,SCHEDULED_START_PLUS_DURATION,2026-08-31T17:42:14.068146+00:00,2026-09-01T05:42:03.028362+00:00,5286ed76a37e9cfcddd6a9d809965b489c94ada126bb14aaf682393cf8eecb83,api.league-pro.com,OK,795eff908002dc7f6af78f17b4770667edbc6022dccca61af12b1a689a48324a
306569,36316,Tournament A12. League 550-600,550-600,2026-08-31T23:00:25.353000+00:00,2026-08-31T17:00:25.353000-06:00,2026-09-01T01:00:25.353000+02:00,3,COMPLETED,805,Ondrej Kucirek,798,Radek Bartunek,3,1,805,Ondrej Kucirek,,,2026-08-31T23:17:48.942000+00:00,SCHEDULED_START_PLUS_DURATION,2026-08-31T17:42:14.068146+00:00,2026-09-01T05:42:03.028362+00:00,5286ed76a37e9cfcddd6a9d809965b489c94ada126bb14aaf682393cf8eecb83,api.league-pro.com,OK,71d56d06cce46db6224e1a3f9e499023a51a2b406fb285a2b0160973672ec54f
306570,36316,Tournament A12. League 550-600,550-600,2026-08-31T23:30:01.464000+00:00,2026-08-31T17:30:01.464000-06:00,2026-09-01T01:30:01.464000+02:00,3,COMPLETED,1603,Oleg Vitrovyj,1520,Tomas Regner,0,3,1520,Tomas Regner,,,2026-08-31T23:40:44.732000+00:00,SCHEDULED_START_PLUS_DURATION,2026-08-31T17:42:14.068146+00:00,2026-09-01T05:42:03.028362+00:00,5286ed76a37e9cfcddd6a9d809965b489c94ada126bb14aaf682393cf8eecb83,api.league-pro.com,OK,65c59cd754c4f31c01fa4d4dc0811170bda4dacde89a3ad0bf27ed90ec6906c1
306706,36332,Tournament A17. League 600-700,600-700,2026-08-31T23:30:09.862000+00:00,2026-08-31T17:30:09.862000-06:00,2026-09-01T01:30:09.862000+02:00,3,COMPLETED,950,Jan Varcl,1412,Jan Steffan,3,2,950,Jan Varcl,,,2026-08-31T23:51:28.837000+00:00,SCHEDULED_START_PLUS_DURATION,2026-08-31T17:42:14.068146+00:00,2026-09-01T05:42:03.028362+00:00,5286ed76a37e9cfcddd6a9d809965b489c94ada126bb14aaf682393cf8eecb83,api.league-pro.com,OK,9006ebadda4ff8901b8c85fab8ea5c6f8a2cd2c4bc8817859c1eb07c9dfdbd28
306614,36321,Tournament A14. League 700-800,700-800,2026-08-31T23:30:15.518000+00:00,2026-08-31T17:30:15.518000-06:00,2026-09-01T01:30:15.518000+02:00,3,COMPLETED,843,Tomas Janata,865,Vladimir Postelt,3,0,843,Tomas Janata,,,2026-08-31T23:43:54.717000+00:00,SCHEDULED_START_PLUS_DURATION,2026-08-31T17:42:14.068146+00:00,2026-09-01T05:42:03.028362+00:00,5286ed76a37e9cfcddd6a9d809965b489c94ada126bb14aaf682393cf8eecb83,api.league-pro.com,OK,e6e0f04eb3c831b99f7885ce10806d3c16a0b17db87015ae362d81203e56daa6
306615,36321,Tournament A14. League 700-800,700-800,2026-08-31T23:59:48.064000+00:00,2026-08-31T17:59:48.064000-06:00,2026-09-01T01:59:48.064000+02:00,3,COMPLETED,863,Daniel Tuma,1421,Richard Krejci,0,3,1421,Richard Krejci,,,2026-09-01T00:09:43.717000+00:00,SCHEDULED_START_PLUS_DURATION,2026-08-31T17:42:14.068146+00:00,2026-09-01T05:42:03.028362+00:00,5286ed76a37e9cfcddd6a9d809965b489c94ada126bb14aaf682393cf8eecb83,api.league-pro.com,OK,6460877b86ae9d7cc20a38e10fda95ddc5737d369541cf0bcd9a72dac64fdf23
