match_id,tournament_id,tournament_name,league_band,scheduled_start_utc,scheduled_start_mountain,scheduled_start_prague,official_status,normalized_status,player_1_id,player_1_name,player_2_id,player_2_name,player_1_sets,player_2_sets,winner_player_id,winner_player_name,set_scores,completed_at_utc,calculated_finish_utc,calculated_finish_method,first_seen_at_utc,last_changed_at_utc,source_snapshot_id,source,data_quality,content_hash
302339,35820,Tournament A12. League 800-900,800-900,2026-08-10T00:00:06.660000+00:00,2026-08-09T18:00:06.660000-06:00,2026-08-10T02:00:06.660000+02:00,3,COMPLETED,1539,Jakub Tazler,925,Vladimir Cermak,3,1,1539,Jakub Tazler,,,2026-08-10T00:17:20.057000+00:00,SCHEDULED_START_PLUS_DURATION,2026-08-09T17:42:16.359403+00:00,2026-08-10T05:42:16.384228+00:00,e6cfd1a3c6cf793468d8d7b935fc03b624b8c159faa7843590828447a2920a98,api.league-pro.com,OK,960eff3e11761c32e9d7f2795a508ad4baab1d8650242830ca3acff9c95db24e
302375,35824,Tournament A14. League 900-1000,900-1000,2026-08-10T00:00:37.406000+00:00,2026-08-09T18:00:37.406000-06:00,2026-08-10T02:00:37.406000+02:00,3,COMPLETED,930,Michal Zahradka,1128,Radim Urbaniec,2,3,1128,Radim Urbaniec,,,2026-08-10T00:19:28.168000+00:00,SCHEDULED_START_PLUS_DURATION,2026-08-09T17:42:16.359403+00:00,2026-08-10T05:42:16.384228+00:00,e6cfd1a3c6cf793468d8d7b935fc03b624b8c159faa7843590828447a2920a98,api.league-pro.com,OK,8073a512f8bf0c74a4bd125b2312ce4a6aaaf6fb8f4e38d791c7489609986d56
302387,35825,Tournament A17. League 700-800,700-800,2026-08-10T00:01:15.368000+00:00,2026-08-09T18:01:15.368000-06:00,2026-08-10T02:01:15.368000+02:00,3,COMPLETED,1743,Adrian Walek,865,Vladimir Postelt,3,2,1743,Adrian Walek,,,2026-08-10T00:27:53.612000+00:00,SCHEDULED_START_PLUS_DURATION,2026-08-09T17:42:16.359403+00:00,2026-08-10T05:42:16.384228+00:00,e6cfd1a3c6cf793468d8d7b935fc03b624b8c159faa7843590828447a2920a98,api.league-pro.com,OK,f665db75a5b8a34900854d0ec0932b293bccad4f8fdfbe76405ff30318837a94
302376,35824,Tournament A14. League 900-1000,900-1000,2026-08-10T00:30:07.583000+00:00,2026-08-09T18:30:07.583000-06:00,2026-08-10T02:30:07.583000+02:00,3,COMPLETED,1665,Michal Hampl,684,Martin Huk,3,0,1665,Michal Hampl,,,2026-08-10T00:40:35.919000+00:00,SCHEDULED_START_PLUS_DURATION,2026-08-09T17:42:16.359403+00:00,2026-08-10T05:42:16.384228+00:00,e6cfd1a3c6cf793468d8d7b935fc03b624b8c159faa7843590828447a2920a98,api.league-pro.com,OK,899b583ae6465f04ff93e44a8307284452672e9ae55bc7daca84edc9d38dc144
302340,35820,Tournament A12. League 800-900,800-900,2026-08-10T00:30:20.050000+00:00,2026-08-09T18:30:20.050000-06:00,2026-08-10T02:30:20.050000+02:00,3,COMPLETED,1582,Viktor Vejvoda,1563,Martin Sychra,3,2,1582,Viktor Vejvoda,,,2026-08-10T00:47:43.615000+00:00,SCHEDULED_START_PLUS_DURATION,2026-08-09T17:42:16.359403+00:00,2026-08-10T05:42:16.384228+00:00,e6cfd1a3c6cf793468d8d7b935fc03b624b8c159faa7843590828447a2920a98,api.league-pro.com,OK,a9bee460beb760cd9ca09671a3dcd61421745758ce57539c4c685b4446e6a4e2
302388,35825,Tournament A17. League 700-800,700-800,2026-08-10T00:31:37.229000+00:00,2026-08-09T18:31:37.229000-06:00,2026-08-10T02:31:37.229000+02:00,3,COMPLETED,934,Jiri Plachy,1421,Richard Krejci,0,3,1421,Richard Krejci,,,2026-08-10T00:43:49.132000+00:00,SCHEDULED_START_PLUS_DURATION,2026-08-09T17:42:16.359403+00:00,2026-08-10T05:42:16.384228+00:00,e6cfd1a3c6cf793468d8d7b935fc03b624b8c159faa7843590828447a2920a98,api.league-pro.com,OK,a029c87c02cc1e837e8a461a47736e938f40aeaa8a2258947bb99da0fea8aea4
302377,35824,Tournament A14. League 900-1000,900-1000,2026-08-10T00:59:44.330000+00:00,2026-08-09T18:59:44.330000-06:00,2026-08-10T02:59:44.330000+02:00,3,COMPLETED,1128,Radim Urbaniec,1752,Vojtech Svechota,1,3,1752,Vojtech Svechota,,,2026-08-10T01:15:34.227000+00:00,SCHEDULED_START_PLUS_DURATION,2026-08-09T17:42:16.359403+00:00,2026-08-10T05:42:16.384228+00:00,e6cfd1a3c6cf793468d8d7b935fc03b624b8c159faa7843590828447a2920a98,api.league-pro.com,OK,d537c8d11e26de9d9e991188b7de1ebe9355cf29b62c3fb9866ab4e777630a7c
302341,35820,Tournament A12. League 800-900,800-900,2026-08-10T01:00:09.285000+00:00,2026-08-09T19:00:09.285000-06:00,2026-08-10T03:00:09.285000+02:00,3,COMPLETED,925,Vladimir Cermak,747,Milan Klement,3,2,925,Vladimir Cermak,,,2026-08-10T01:24:09.311000+00:00,SCHEDULED_START_PLUS_DURATION,2026-08-09T17:42:16.359403+00:00,2026-08-10T05:42:16.384228+00:00,e6cfd1a3c6cf793468d8d7b935fc03b624b8c159faa7843590828447a2920a98,api.league-pro.com,OK,3e4377a54fde549282e4ab8a7f514fe0a9e942c8c0d7014500d75bc588c08c8e
302389,35825,Tournament A17. League 700-800,700-800,2026-08-10T01:00:21.612000+00:00,2026-08-09T19:00:21.612000-06:00,2026-08-10T03:00:21.612000+02:00,3,COMPLETED,865,Vladimir Postelt,843,Tomas Janata,3,1,865,Vladimir Postelt,,,2026-08-10T01:16:45.847000+00:00,SCHEDULED_START_PLUS_DURATION,2026-08-09T17:42:16.359403+00:00,2026-08-10T05:42:16.384228+00:00,e6cfd1a3c6cf793468d8d7b935fc03b624b8c159faa7843590828447a2920a98,api.league-pro.com,OK,30f6c0d40124408abc8f1aa60db79931540664103a1f7372f70fc14d94824846
302378,35824,Tournament A14. League 900-1000,900-1000,2026-08-10T01:30:02.385000+00:00,2026-08-09T19:30:02.385000-06:00,2026-08-10T03:30:02.385000+02:00,3,COMPLETED,684,Martin Huk,930,Michal Zahradka,0,3,930,Michal Zahradka,,,2026-08-10T01:40:31.911000+00:00,SCHEDULED_START_PLUS_DURATION,2026-08-09T17:42:16.359403+00:00,2026-08-10T05:42:16.384228+00:00,e6cfd1a3c6cf793468d8d7b935fc03b624b8c159faa7843590828447a2920a98,api.league-pro.com,OK,ebe1c06243546f3233a443f3d017f8e4816e870c1b4c983d83d64488391dccac
302342,35820,Tournament A12. League 800-900,800-900,2026-08-10T01:30:11.042000+00:00,2026-08-09T19:30:11.042000-06:00,2026-08-10T03:30:11.042000+02:00,3,COMPLETED,1563,Martin Sychra,1539,Jakub Tazler,3,1,1563,Martin Sychra,,,2026-08-10T01:47:14.813000+00:00,SCHEDULED_START_PLUS_DURATION,2026-08-09T17:42:16.359403+00:00,2026-08-10T05:42:16.384228+00:00,e6cfd1a3c6cf793468d8d7b935fc03b624b8c159faa7843590828447a2920a98,api.league-pro.com,OK,242eba45022e56d2b42d5981a5e820b86a01b35a564ed3db38cdabef6358fcc0
302390,35825,Tournament A17. League 700-800,700-800,2026-08-10T01:30:35.985000+00:00,2026-08-09T19:30:35.985000-06:00,2026-08-10T03:30:35.985000+02:00,3,COMPLETED,1421,Richard Krejci,1743,Adrian Walek,1,3,1743,Adrian Walek,,,2026-08-10T01:48:02.619000+00:00,SCHEDULED_START_PLUS_DURATION,2026-08-09T17:42:16.359403+00:00,2026-08-10T05:42:16.384228+00:00,e6cfd1a3c6cf793468d8d7b935fc03b624b8c159faa7843590828447a2920a98,api.league-pro.com,OK,9496f7d34785849f7b12b0161195225ba54ea40ba7751735ad4fb32a8b310ea5
302379,35824,Tournament A14. League 900-1000,900-1000,2026-08-10T01:59:49.063000+00:00,2026-08-09T19:59:49.063000-06:00,2026-08-10T03:59:49.063000+02:00,3,COMPLETED,1128,Radim Urbaniec,1665,Michal Hampl,3,2,1128,Radim Urbaniec,,,2026-08-10T02:19:17.056000+00:00,SCHEDULED_START_PLUS_DURATION,2026-08-09T17:42:16.359403+00:00,2026-08-10T05:42:16.384228+00:00,e6cfd1a3c6cf793468d8d7b935fc03b624b8c159faa7843590828447a2920a98,api.league-pro.com,OK,bbdde03a7d0cb4b9a019037a566bd32fd99a047ba615ff21cd52527e4d3cb48d
302343,35820,Tournament A12. League 800-900,800-900,2026-08-10T02:00:07.099000+00:00,2026-08-09T20:00:07.099000-06:00,2026-08-10T04:00:07.099000+02:00,3,COMPLETED,925,Vladimir Cermak,1582,Viktor Vejvoda,3,0,925,Vladimir Cermak,,,2026-08-10T02:12:53.513000+00:00,SCHEDULED_START_PLUS_DURATION,2026-08-09T17:42:16.359403+00:00,2026-08-10T05:42:16.384228+00:00,e6cfd1a3c6cf793468d8d7b935fc03b624b8c159faa7843590828447a2920a98,api.league-pro.com,OK,9a055b04e2b7c83f17174134eeaee445c217c14d69673b5691a2687e7e823203
302391,35825,Tournament A17. League 700-800,700-800,2026-08-10T02:00:20.925000+00:00,2026-08-09T20:00:20.925000-06:00,2026-08-10T04:00:20.925000+02:00,3,COMPLETED,865,Vladimir Postelt,934,Jiri Plachy,3,0,865,Vladimir Postelt,,,2026-08-10T02:14:16.530000+00:00,SCHEDULED_START_PLUS_DURATION,2026-08-09T17:42:16.359403+00:00,2026-08-10T05:42:16.384228+00:00,e6cfd1a3c6cf793468d8d7b935fc03b624b8c159faa7843590828447a2920a98,api.league-pro.com,OK,24351eb6c40464fda2619a19c1d29283850c8c3ccbe481e6cf1c255580512852
302380,35824,Tournament A14. League 900-1000,900-1000,2026-08-10T02:30:07.794000+00:00,2026-08-09T20:30:07.794000-06:00,2026-08-10T04:30:07.794000+02:00,3,COMPLETED,930,Michal Zahradka,1752,Vojtech Svechota,3,2,930,Michal Zahradka,,,2026-08-10T02:48:55.825000+00:00,SCHEDULED_START_PLUS_DURATION,2026-08-09T17:42:16.359403+00:00,2026-08-10T05:42:16.384228+00:00,e6cfd1a3c6cf793468d8d7b935fc03b624b8c159faa7843590828447a2920a98,api.league-pro.com,OK,d9255f409a7e9c134421ff6330970fcc3e0e4a0928a145771ede52c93ac870c8
302344,35820,Tournament A12. League 800-900,800-900,2026-08-10T02:30:13.303000+00:00,2026-08-09T20:30:13.303000-06:00,2026-08-10T04:30:13.303000+02:00,3,COMPLETED,1539,Jakub Tazler,747,Milan Klement,3,1,1539,Jakub Tazler,,,2026-08-10T02:53:35.401000+00:00,SCHEDULED_START_PLUS_DURATION,2026-08-09T17:42:16.359403+00:00,2026-08-10T05:42:16.384228+00:00,e6cfd1a3c6cf793468d8d7b935fc03b624b8c159faa7843590828447a2920a98,api.league-pro.com,OK,96ac248b2c9da6c10b577743b80ff9e8dba3cf14822ce6cfe6639b536f6ee195
302392,35825,Tournament A17. League 700-800,700-800,2026-08-10T02:30:26.813000+00:00,2026-08-09T20:30:26.813000-06:00,2026-08-10T04:30:26.813000+02:00,3,COMPLETED,1743,Adrian Walek,843,Tomas Janata,2,3,843,Tomas Janata,,,2026-08-10T02:51:29.900000+00:00,SCHEDULED_START_PLUS_DURATION,2026-08-09T17:42:16.359403+00:00,2026-08-10T05:42:16.384228+00:00,e6cfd1a3c6cf793468d8d7b935fc03b624b8c159faa7843590828447a2920a98,api.league-pro.com,OK,1a0e925e6e836c063a6fbe7b408de3f1a5294d0921c79fabd64d9a3cb840f75a
302381,35824,Tournament A14. League 900-1000,900-1000,2026-08-10T03:00:23.597000+00:00,2026-08-09T21:00:23.597000-06:00,2026-08-10T05:00:23.597000+02:00,3,COMPLETED,930,Michal Zahradka,1128,Radim Urbaniec,1,3,1128,Radim Urbaniec,,,2026-08-10T03:12:36.054000+00:00,SCHEDULED_START_PLUS_DURATION,2026-08-09T17:42:16.359403+00:00,2026-08-10T05:42:16.384228+00:00,e6cfd1a3c6cf793468d8d7b935fc03b624b8c159faa7843590828447a2920a98,api.league-pro.com,OK,183eb0d86bbad4c4f6fe3108c7c2ba2fa35c75b25ce1f73bdde69df5ea090f50
302393,35825,Tournament A17. League 700-800,700-800,2026-08-10T03:02:14.052000+00:00,2026-08-09T21:02:14.052000-06:00,2026-08-10T05:02:14.052000+02:00,3,COMPLETED,1421,Richard Krejci,865,Vladimir Postelt,3,2,1421,Richard Krejci,,,2026-08-10T03:28:15.735000+00:00,SCHEDULED_START_PLUS_DURATION,2026-08-09T17:42:16.359403+00:00,2026-08-10T05:42:16.384228+00:00,e6cfd1a3c6cf793468d8d7b935fc03b624b8c159faa7843590828447a2920a98,api.league-pro.com,OK,4a1f1ad07ac88128d0b5ffc215783a96d707f14ab2e772ff7c2a2a04a0e091f7
302345,35820,Tournament A12. League 800-900,800-900,2026-08-10T03:05:08.342000+00:00,2026-08-09T21:05:08.342000-06:00,2026-08-10T05:05:08.342000+02:00,3,COMPLETED,1539,Jakub Tazler,1582,Viktor Vejvoda,3,0,1539,Jakub Tazler,,,2026-08-10T03:16:29.878000+00:00,SCHEDULED_START_PLUS_DURATION,2026-08-09T17:42:16.359403+00:00,2026-08-10T05:42:16.384228+00:00,e6cfd1a3c6cf793468d8d7b935fc03b624b8c159faa7843590828447a2920a98,api.league-pro.com,OK,6dfb73de456ed58357b3285a76d25c8c8562a790be728d4f0dad1bd913176e65
302382,35824,Tournament A14. League 900-1000,900-1000,2026-08-10T03:29:39.806000+00:00,2026-08-09T21:29:39.806000-06:00,2026-08-10T05:29:39.806000+02:00,3,COMPLETED,1665,Michal Hampl,1752,Vojtech Svechota,3,1,1665,Michal Hampl,,,2026-08-10T03:46:58.026000+00:00,SCHEDULED_START_PLUS_DURATION,2026-08-09T17:42:16.359403+00:00,2026-08-10T05:42:16.384228+00:00,e6cfd1a3c6cf793468d8d7b935fc03b624b8c159faa7843590828447a2920a98,api.league-pro.com,OK,efc02d95b373643141496f9fb1c887ae49b6e7d6230e28b61770e0dc9d373b4d
302346,35820,Tournament A12. League 800-900,800-900,2026-08-10T03:30:14.437000+00:00,2026-08-09T21:30:14.437000-06:00,2026-08-10T05:30:14.437000+02:00,3,COMPLETED,1563,Martin Sychra,747,Milan Klement,0,3,747,Milan Klement,,,2026-08-10T03:42:35.184000+00:00,SCHEDULED_START_PLUS_DURATION,2026-08-09T17:42:16.359403+00:00,2026-08-10T05:42:16.384228+00:00,e6cfd1a3c6cf793468d8d7b935fc03b624b8c159faa7843590828447a2920a98,api.league-pro.com,OK,1fa08ad1633fb7f219a4d7fa8771defce706bf139abb4fcc6693f2b362e0b071
302394,35825,Tournament A17. League 700-800,700-800,2026-08-10T03:30:36.920000+00:00,2026-08-09T21:30:36.920000-06:00,2026-08-10T05:30:36.920000+02:00,3,COMPLETED,843,Tomas Janata,1743,Adrian Walek,2,3,1743,Adrian Walek,,,2026-08-10T03:49:10.951000+00:00,SCHEDULED_START_PLUS_DURATION,2026-08-09T17:42:16.359403+00:00,2026-08-10T05:42:16.384228+00:00,e6cfd1a3c6cf793468d8d7b935fc03b624b8c159faa7843590828447a2920a98,api.league-pro.com,OK,4e0199198c71ff884f3225dafae602502a2d414f751d44b59400eb0528c8eae2
302395,35826,Tournament A12. League 250-300,250-300,2026-08-10T06:00:08.228000+00:00,2026-08-10T00:00:08.228000-06:00,2026-08-10T08:00:08.228000+02:00,3,COMPLETED,1144,Jaroslav Strnad,935,Vladimir Kubat,3,2,1144,Jaroslav Strnad,,,2026-08-10T06:23:25.485000+00:00,SCHEDULED_START_PLUS_DURATION,2026-08-09T17:42:16.359403+00:00,2026-08-10T17:42:26.319685+00:00,d4933441f0cd48f7947739de62d15fec0501fe876cb151a0b474fa3ca238ed8f,api.league-pro.com,OK,604af5f84f0197d12f17fc93233f5c74106a008e058faf73bf6d090907370218
302427,35830,Tournament A14. League 800-900,800-900,2026-08-10T06:00:09.953000+00:00,2026-08-10T00:00:09.953000-06:00,2026-08-10T08:00:09.953000+02:00,3,COMPLETED,1692,Petr Sebera,885,Denis Hofman,1,3,885,Denis Hofman,,,2026-08-10T06:17:33.958000+00:00,SCHEDULED_START_PLUS_DURATION,2026-08-09T17:42:16.359403+00:00,2026-08-10T17:42:26.319685+00:00,d4933441f0cd48f7947739de62d15fec0501fe876cb151a0b474fa3ca238ed8f,api.league-pro.com,OK,f3721e2727c2ea0fe2e3cb0d9227010a8d783a324ff2569764ecde2598dfefa1
302459,35834,Tournament A17. League 450-500,450-500,2026-08-10T06:00:11.590000+00:00,2026-08-10T00:00:11.590000-06:00,2026-08-10T08:00:11.590000+02:00,3,COMPLETED,1285,Jan Pleskot,825,Milan Regner,3,2,1285,Jan Pleskot,,,2026-08-10T06:20:54.824000+00:00,SCHEDULED_START_PLUS_DURATION,2026-08-09T17:42:16.359403+00:00,2026-08-10T17:42:26.319685+00:00,d4933441f0cd48f7947739de62d15fec0501fe876cb151a0b474fa3ca238ed8f,api.league-pro.com,OK,07a7d59cf97fd19d30a37f9fe8bf272a8eeaba30058ba4f9994cd344995ce32a
302551,35845,Tournament A18. League 350-400,350-400,2026-08-10T06:00:12.963000+00:00,2026-08-10T00:00:12.963000-06:00,2026-08-10T08:00:12.963000+02:00,3,COMPLETED,1701,David Vavrecka,1733,Zdenek Luksa,3,0,1701,David Vavrecka,,,2026-08-10T06:12:37.424000+00:00,SCHEDULED_START_PLUS_DURATION,2026-08-09T17:42:16.359403+00:00,2026-08-10T17:42:26.319685+00:00,d4933441f0cd48f7947739de62d15fec0501fe876cb151a0b474fa3ca238ed8f,api.league-pro.com,OK,888468793dcf6fe8b810d8170c3cd731f552af535be50f36cc30a733148d7633
302483,35837,Tournament A16. League 1000-1100,1000-1100,2026-08-10T06:00:34.693000+00:00,2026-08-10T00:00:34.693000-06:00,2026-08-10T08:00:34.693000+02:00,3,COMPLETED,1283,Radovan Polasek,1796,Libor Prikasky,0,3,1796,Libor Prikasky,,,2026-08-10T06:12:27.246000+00:00,SCHEDULED_START_PLUS_DURATION,2026-08-09T17:42:16.359403+00:00,2026-08-10T17:42:26.319685+00:00,d4933441f0cd48f7947739de62d15fec0501fe876cb151a0b474fa3ca238ed8f,api.league-pro.com,OK,b47b1c6abb3ccb5f7db95911d2747e8f8e3adad56ac9a6c18c00912f241c16b6
302396,35826,Tournament A12. League 250-300,250-300,2026-08-10T06:30:08.043000+00:00,2026-08-10T00:30:08.043000-06:00,2026-08-10T08:30:08.043000+02:00,3,COMPLETED,1825,Pavel Potmesil,1321,Alexander Hejduk,0,3,1321,Alexander Hejduk,,,2026-08-10T06:44:03.945000+00:00,SCHEDULED_START_PLUS_DURATION,2026-08-09T17:42:16.359403+00:00,2026-08-10T17:42:26.319685+00:00,d4933441f0cd48f7947739de62d15fec0501fe876cb151a0b474fa3ca238ed8f,api.league-pro.com,OK,c9bb197a13ca83a3a9a011e8c6f7798ccead6012bf77a0d122b8a941c9167642
302552,35845,Tournament A18. League 350-400,350-400,2026-08-10T06:30:12.103000+00:00,2026-08-10T00:30:12.103000-06:00,2026-08-10T08:30:12.103000+02:00,3,COMPLETED,1853,Radek Adamczyk,1219,Josef Toth,3,0,1853,Radek Adamczyk,,,2026-08-10T06:40:10.945000+00:00,SCHEDULED_START_PLUS_DURATION,2026-08-09T17:42:16.359403+00:00,2026-08-10T17:42:26.319685+00:00,d4933441f0cd48f7947739de62d15fec0501fe876cb151a0b474fa3ca238ed8f,api.league-pro.com,OK,3001be24f2c377ee3a36bee4f07e8f654062b47d58a2386feb33fbf865336718
302428,35830,Tournament A14. League 800-900,800-900,2026-08-10T06:30:12.665000+00:00,2026-08-10T00:30:12.665000-06:00,2026-08-10T08:30:12.665000+02:00,3,COMPLETED,1869,Richard Wagner,1093,Sebastian Kasnik,1,3,1093,Sebastian Kasnik,,,2026-08-10T06:45:45.435000+00:00,SCHEDULED_START_PLUS_DURATION,2026-08-09T17:42:16.359403+00:00,2026-08-10T17:42:26.319685+00:00,d4933441f0cd48f7947739de62d15fec0501fe876cb151a0b474fa3ca238ed8f,api.league-pro.com,OK,50db683af850a0ce367e0e7fd84efe45c55bc79d7ad3cdf2e19ef7cb87c960b1
302460,35834,Tournament A17. League 450-500,450-500,2026-08-10T06:30:14.109000+00:00,2026-08-10T00:30:14.109000-06:00,2026-08-10T08:30:14.109000+02:00,3,COMPLETED,1499,Milan Chalupnicek,894,Lubor Sulava,0,3,894,Lubor Sulava,,,2026-08-10T06:44:50.610000+00:00,SCHEDULED_START_PLUS_DURATION,2026-08-09T17:42:16.359403+00:00,2026-08-10T17:42:26.319685+00:00,d4933441f0cd48f7947739de62d15fec0501fe876cb151a0b474fa3ca238ed8f,api.league-pro.com,OK,32401ea391fc8d730e174272ef5173b41eb4c1fdf36ce30b5a7b7206c4d7fa71
302484,35837,Tournament A16. League 1000-1100,1000-1100,2026-08-10T06:30:24.837000+00:00,2026-08-10T00:30:24.837000-06:00,2026-08-10T08:30:24.837000+02:00,3,COMPLETED,1121,Matyas Navedla,1016,Michal Kratochvil,3,1,1121,Matyas Navedla,,,2026-08-10T06:47:08.338000+00:00,SCHEDULED_START_PLUS_DURATION,2026-08-09T17:42:16.359403+00:00,2026-08-10T17:42:26.319685+00:00,d4933441f0cd48f7947739de62d15fec0501fe876cb151a0b474fa3ca238ed8f,api.league-pro.com,OK,22bb4443d0841024c0aafc7500ee5264575373469f48b45b42864d284c296b31
302397,35826,Tournament A12. League 250-300,250-300,2026-08-10T07:00:08.979000+00:00,2026-08-10T01:00:08.979000-06:00,2026-08-10T09:00:08.979000+02:00,3,COMPLETED,935,Vladimir Kubat,1825,Pavel Potmesil,3,1,935,Vladimir Kubat,,,2026-08-10T07:19:37.311000+00:00,SCHEDULED_START_PLUS_DURATION,2026-08-09T17:42:16.359403+00:00,2026-08-10T17:42:26.319685+00:00,d4933441f0cd48f7947739de62d15fec0501fe876cb151a0b474fa3ca238ed8f,api.league-pro.com,OK,c00c019ae36fa618fccfa45604e7070168f93e17634560233510cfa7b68d8aa6
302429,35830,Tournament A14. League 800-900,800-900,2026-08-10T07:00:09.568000+00:00,2026-08-10T01:00:09.568000-06:00,2026-08-10T09:00:09.568000+02:00,3,COMPLETED,885,Denis Hofman,1869,Richard Wagner,3,1,885,Denis Hofman,,,2026-08-10T07:13:15.601000+00:00,SCHEDULED_START_PLUS_DURATION,2026-08-09T17:42:16.359403+00:00,2026-08-10T17:42:26.319685+00:00,d4933441f0cd48f7947739de62d15fec0501fe876cb151a0b474fa3ca238ed8f,api.league-pro.com,OK,e34793d8f2324ca016b5f621ccb962b6a83820a056b6d2be1f21103223b2b515
302461,35834,Tournament A17. League 450-500,450-500,2026-08-10T07:00:10.692000+00:00,2026-08-10T01:00:10.692000-06:00,2026-08-10T09:00:10.692000+02:00,3,COMPLETED,825,Milan Regner,1499,Milan Chalupnicek,3,0,825,Milan Regner,,,2026-08-10T07:12:45.207000+00:00,SCHEDULED_START_PLUS_DURATION,2026-08-09T17:42:16.359403+00:00,2026-08-10T17:42:26.319685+00:00,d4933441f0cd48f7947739de62d15fec0501fe876cb151a0b474fa3ca238ed8f,api.league-pro.com,OK,513bc03bcb99812aa88f3f56b61eba6b30d8ee07084a0489543451249adc60e8
302553,35845,Tournament A18. League 350-400,350-400,2026-08-10T07:00:11.191000+00:00,2026-08-10T01:00:11.191000-06:00,2026-08-10T09:00:11.191000+02:00,3,COMPLETED,1733,Zdenek Luksa,1853,Radek Adamczyk,1,3,1853,Radek Adamczyk,,,2026-08-10T07:15:56.503000+00:00,SCHEDULED_START_PLUS_DURATION,2026-08-09T17:42:16.359403+00:00,2026-08-10T17:42:26.319685+00:00,d4933441f0cd48f7947739de62d15fec0501fe876cb151a0b474fa3ca238ed8f,api.league-pro.com,OK,e7e8e4479f71d70310386ab504c92ab43b9dccd9e08ad89a431e6588d78d4407
302485,35837,Tournament A16. League 1000-1100,1000-1100,2026-08-10T07:00:11.297000+00:00,2026-08-10T01:00:11.297000-06:00,2026-08-10T09:00:11.297000+02:00,3,COMPLETED,1796,Libor Prikasky,1121,Matyas Navedla,3,2,1796,Libor Prikasky,,,2026-08-10T07:19:42.635000+00:00,SCHEDULED_START_PLUS_DURATION,2026-08-09T17:42:16.359403+00:00,2026-08-10T17:42:26.319685+00:00,d4933441f0cd48f7947739de62d15fec0501fe876cb151a0b474fa3ca238ed8f,api.league-pro.com,OK,438bf3796970ce5f8426aebcaff1b53a99d4eb12075ee7a2be94e40eca922d5e
302430,35830,Tournament A14. League 800-900,800-900,2026-08-10T07:30:06.647000+00:00,2026-08-10T01:30:06.647000-06:00,2026-08-10T09:30:06.647000+02:00,3,COMPLETED,1093,Sebastian Kasnik,1692,Petr Sebera,0,3,1692,Petr Sebera,,,2026-08-10T07:40:18.479000+00:00,SCHEDULED_START_PLUS_DURATION,2026-08-09T17:42:16.359403+00:00,2026-08-10T17:42:26.319685+00:00,d4933441f0cd48f7947739de62d15fec0501fe876cb151a0b474fa3ca238ed8f,api.league-pro.com,OK,7f400b5e3c9cf217734106709b291c0e89af2b812f250d1577546e7432cdbc58
302398,35826,Tournament A12. League 250-300,250-300,2026-08-10T07:30:07.781000+00:00,2026-08-10T01:30:07.781000-06:00,2026-08-10T09:30:07.781000+02:00,3,COMPLETED,1321,Alexander Hejduk,1144,Jaroslav Strnad,3,0,1321,Alexander Hejduk,,,2026-08-10T07:44:34.729000+00:00,SCHEDULED_START_PLUS_DURATION,2026-08-09T17:42:16.359403+00:00,2026-08-10T17:42:26.319685+00:00,d4933441f0cd48f7947739de62d15fec0501fe876cb151a0b474fa3ca238ed8f,api.league-pro.com,OK,407a1cf3c45793998d8d820d10001c7361350b0acf9ee8bd4150f31a053447ec
302462,35834,Tournament A17. League 450-500,450-500,2026-08-10T07:30:09.237000+00:00,2026-08-10T01:30:09.237000-06:00,2026-08-10T09:30:09.237000+02:00,3,COMPLETED,894,Lubor Sulava,1285,Jan Pleskot,3,2,894,Lubor Sulava,,,2026-08-10T07:59:03.733000+00:00,SCHEDULED_START_PLUS_DURATION,2026-08-09T17:42:16.359403+00:00,2026-08-10T17:42:26.319685+00:00,d4933441f0cd48f7947739de62d15fec0501fe876cb151a0b474fa3ca238ed8f,api.league-pro.com,OK,508fcaea90ffbf465e229bea9a2a1646c3bf916cfb3c13cdb066b76c078cafaf
302554,35845,Tournament A18. League 350-400,350-400,2026-08-10T07:30:11.243000+00:00,2026-08-10T01:30:11.243000-06:00,2026-08-10T09:30:11.243000+02:00,3,COMPLETED,1219,Josef Toth,1701,David Vavrecka,3,2,1219,Josef Toth,,,2026-08-10T07:53:04.023000+00:00,SCHEDULED_START_PLUS_DURATION,2026-08-09T17:42:16.359403+00:00,2026-08-10T17:42:26.319685+00:00,d4933441f0cd48f7947739de62d15fec0501fe876cb151a0b474fa3ca238ed8f,api.league-pro.com,OK,ba28e4b715aef032457fc3a5ab76a8094c12c12bccf67c2bb92495c87c49dd9f
302486,35837,Tournament A16. League 1000-1100,1000-1100,2026-08-10T07:30:31.469000+00:00,2026-08-10T01:30:31.469000-06:00,2026-08-10T09:30:31.469000+02:00,3,COMPLETED,1016,Michal Kratochvil,1283,Radovan Polasek,2,3,1283,Radovan Polasek,,,2026-08-10T07:53:32.102000+00:00,SCHEDULED_START_PLUS_DURATION,2026-08-09T17:42:16.359403+00:00,2026-08-10T17:42:26.319685+00:00,d4933441f0cd48f7947739de62d15fec0501fe876cb151a0b474fa3ca238ed8f,api.league-pro.com,OK,7f3341865ff8a62b077553f9a4e501342946a10d2c617e135fccff2c1d094dc5
302399,35826,Tournament A12. League 250-300,250-300,2026-08-10T08:00:09.243000+00:00,2026-08-10T02:00:09.243000-06:00,2026-08-10T10:00:09.243000+02:00,3,COMPLETED,1144,Jaroslav Strnad,1825,Pavel Potmesil,3,1,1144,Jaroslav Strnad,,,2026-08-10T08:16:24.802000+00:00,SCHEDULED_START_PLUS_DURATION,2026-08-09T17:42:16.359403+00:00,2026-08-10T17:42:26.319685+00:00,d4933441f0cd48f7947739de62d15fec0501fe876cb151a0b474fa3ca238ed8f,api.league-pro.com,OK,17b5bf9ed1c96c17dc8443ebc36d8552cf5cdcbbe7bec4e1d80e35787aca0593
302555,35845,Tournament A18. League 350-400,350-400,2026-08-10T08:00:14.411000+00:00,2026-08-10T02:00:14.411000-06:00,2026-08-10T10:00:14.411000+02:00,3,COMPLETED,1701,David Vavrecka,1853,Radek Adamczyk,1,3,1853,Radek Adamczyk,,,2026-08-10T08:15:03.037000+00:00,SCHEDULED_START_PLUS_DURATION,2026-08-09T17:42:16.359403+00:00,2026-08-10T17:42:26.319685+00:00,d4933441f0cd48f7947739de62d15fec0501fe876cb151a0b474fa3ca238ed8f,api.league-pro.com,OK,a12b38817ae6302ec140b5dd6243ec911767d55760f12195cdb7ae500f614400
302487,35837,Tournament A16. League 1000-1100,1000-1100,2026-08-10T08:00:23.810000+00:00,2026-08-10T02:00:23.810000-06:00,2026-08-10T10:00:23.810000+02:00,3,COMPLETED,1283,Radovan Polasek,1121,Matyas Navedla,3,2,1283,Radovan Polasek,,,2026-08-10T08:23:35.646000+00:00,SCHEDULED_START_PLUS_DURATION,2026-08-09T17:42:16.359403+00:00,2026-08-10T17:42:26.319685+00:00,d4933441f0cd48f7947739de62d15fec0501fe876cb151a0b474fa3ca238ed8f,api.league-pro.com,OK,b83dd09824d68b50b42a5f5ccf0a6080fba8ac014c546685caa1a9b7deeb1b30
302431,35830,Tournament A14. League 800-900,800-900,2026-08-10T08:00:36.824000+00:00,2026-08-10T02:00:36.824000-06:00,2026-08-10T10:00:36.824000+02:00,3,COMPLETED,1692,Petr Sebera,1869,Richard Wagner,3,0,1692,Petr Sebera,,,2026-08-10T08:10:54.245000+00:00,SCHEDULED_START_PLUS_DURATION,2026-08-09T17:42:16.359403+00:00,2026-08-10T17:42:26.319685+00:00,d4933441f0cd48f7947739de62d15fec0501fe876cb151a0b474fa3ca238ed8f,api.league-pro.com,OK,cf7a762a3389e2c54a04e82daab8e7e887ff9e7ee04cdac38fc751bd1721cbb3
302463,35834,Tournament A17. League 450-500,450-500,2026-08-10T08:03:09.791000+00:00,2026-08-10T02:03:09.791000-06:00,2026-08-10T10:03:09.791000+02:00,3,COMPLETED,1285,Jan Pleskot,1499,Milan Chalupnicek,3,1,1285,Jan Pleskot,,,2026-08-10T08:18:39.853000+00:00,SCHEDULED_START_PLUS_DURATION,2026-08-09T17:42:16.359403+00:00,2026-08-10T17:42:26.319685+00:00,d4933441f0cd48f7947739de62d15fec0501fe876cb151a0b474fa3ca238ed8f,api.league-pro.com,OK,61009e98953c70004ebabf110a1e4c6faa4264f63963ecc6b5403be9c47fa0b8
302400,35826,Tournament A12. League 250-300,250-300,2026-08-10T08:30:07.564000+00:00,2026-08-10T02:30:07.564000-06:00,2026-08-10T10:30:07.564000+02:00,3,COMPLETED,935,Vladimir Kubat,1321,Alexander Hejduk,0,3,1321,Alexander Hejduk,,,2026-08-10T08:44:49.571000+00:00,SCHEDULED_START_PLUS_DURATION,2026-08-09T17:42:16.359403+00:00,2026-08-10T17:42:26.319685+00:00,d4933441f0cd48f7947739de62d15fec0501fe876cb151a0b474fa3ca238ed8f,api.league-pro.com,OK,daecdbcd77869a6ecc5c0b141d1977afdfc23994dd34366d62d31a06bfe1ebcf
302556,35845,Tournament A18. League 350-400,350-400,2026-08-10T08:30:11.608000+00:00,2026-08-10T02:30:11.608000-06:00,2026-08-10T10:30:11.608000+02:00,3,COMPLETED,1733,Zdenek Luksa,1219,Josef Toth,3,2,1733,Zdenek Luksa,,,2026-08-10T08:48:49.318000+00:00,SCHEDULED_START_PLUS_DURATION,2026-08-09T17:42:16.359403+00:00,2026-08-10T17:42:26.319685+00:00,d4933441f0cd48f7947739de62d15fec0501fe876cb151a0b474fa3ca238ed8f,api.league-pro.com,OK,92f70b7136703b871db4ffeaa303abf5bef71ab42627ad45d51b0662aca00929
302464,35834,Tournament A17. League 450-500,450-500,2026-08-10T08:30:13.796000+00:00,2026-08-10T02:30:13.796000-06:00,2026-08-10T10:30:13.796000+02:00,3,COMPLETED,825,Milan Regner,894,Lubor Sulava,1,3,894,Lubor Sulava,,,2026-08-10T08:53:22.232000+00:00,SCHEDULED_START_PLUS_DURATION,2026-08-09T17:42:16.359403+00:00,2026-08-10T17:42:26.319685+00:00,d4933441f0cd48f7947739de62d15fec0501fe876cb151a0b474fa3ca238ed8f,api.league-pro.com,OK,21d372f3117eb160bb681cfd004c30a7e6c5df36b96e9d4cf8a7eac9d0350138
302488,35837,Tournament A16. League 1000-1100,1000-1100,2026-08-10T08:30:14.022000+00:00,2026-08-10T02:30:14.022000-06:00,2026-08-10T10:30:14.022000+02:00,3,COMPLETED,1796,Libor Prikasky,1016,Michal Kratochvil,3,1,1796,Libor Prikasky,,,2026-08-10T08:47:58.697000+00:00,SCHEDULED_START_PLUS_DURATION,2026-08-09T17:42:16.359403+00:00,2026-08-10T17:42:26.319685+00:00,d4933441f0cd48f7947739de62d15fec0501fe876cb151a0b474fa3ca238ed8f,api.league-pro.com,OK,0249a112a621184e570f6d385330e3bc80ba1b408dae314d905a4064bb0b1685
302432,35830,Tournament A14. League 800-900,800-900,2026-08-10T08:30:22.158000+00:00,2026-08-10T02:30:22.158000-06:00,2026-08-10T10:30:22.158000+02:00,3,COMPLETED,885,Denis Hofman,1093,Sebastian Kasnik,3,1,885,Denis Hofman,,,2026-08-10T08:44:29.730000+00:00,SCHEDULED_START_PLUS_DURATION,2026-08-09T17:42:16.359403+00:00,2026-08-10T17:42:26.319685+00:00,d4933441f0cd48f7947739de62d15fec0501fe876cb151a0b474fa3ca238ed8f,api.league-pro.com,OK,f08f966bb349a84c45033b7f101791f500b3f7ae2837d24ad7b08a2b2c744422
302433,35830,Tournament A14. League 800-900,800-900,2026-08-10T09:00:08.818000+00:00,2026-08-10T03:00:08.818000-06:00,2026-08-10T11:00:08.818000+02:00,3,COMPLETED,1093,Sebastian Kasnik,1869,Richard Wagner,2,3,1869,Richard Wagner,,,2026-08-10T09:17:32.323000+00:00,SCHEDULED_START_PLUS_DURATION,2026-08-09T17:42:16.359403+00:00,2026-08-10T17:42:26.319685+00:00,d4933441f0cd48f7947739de62d15fec0501fe876cb151a0b474fa3ca238ed8f,api.league-pro.com,OK,bb1ce0237d1e379d011d6e6956da3a6a7e02972e808f43f74e049642812bb2a0
302401,35826,Tournament A12. League 250-300,250-300,2026-08-10T09:00:13.056000+00:00,2026-08-10T03:00:13.056000-06:00,2026-08-10T11:00:13.056000+02:00,3,COMPLETED,935,Vladimir Kubat,1825,Pavel Potmesil,3,1,935,Vladimir Kubat,,,2026-08-10T09:22:38.110000+00:00,SCHEDULED_START_PLUS_DURATION,2026-08-09T17:42:16.359403+00:00,2026-08-10T17:42:26.319685+00:00,d4933441f0cd48f7947739de62d15fec0501fe876cb151a0b474fa3ca238ed8f,api.league-pro.com,OK,0957c4f214d55144600a3fea9d00512f5daa0e9096661494abc9803d010182bf
302557,35845,Tournament A18. League 350-400,350-400,2026-08-10T09:00:21.062000+00:00,2026-08-10T03:00:21.062000-06:00,2026-08-10T11:00:21.062000+02:00,3,COMPLETED,1219,Josef Toth,1733,Zdenek Luksa,3,1,1219,Josef Toth,,,2026-08-10T09:16:44.089000+00:00,SCHEDULED_START_PLUS_DURATION,2026-08-09T17:42:16.359403+00:00,2026-08-10T17:42:26.319685+00:00,d4933441f0cd48f7947739de62d15fec0501fe876cb151a0b474fa3ca238ed8f,api.league-pro.com,OK,8f6dad17938724aadd55734b9a741bbcbc77f188cd70ad89cba343528166bbff
302489,35837,Tournament A16. League 1000-1100,1000-1100,2026-08-10T09:00:21.304000+00:00,2026-08-10T03:00:21.304000-06:00,2026-08-10T11:00:21.304000+02:00,3,COMPLETED,1121,Matyas Navedla,1016,Michal Kratochvil,1,3,1016,Michal Kratochvil,,,2026-08-10T09:15:22.690000+00:00,SCHEDULED_START_PLUS_DURATION,2026-08-09T17:42:16.359403+00:00,2026-08-10T17:42:26.319685+00:00,d4933441f0cd48f7947739de62d15fec0501fe876cb151a0b474fa3ca238ed8f,api.league-pro.com,OK,372efad6ad41bd4fbbb3a945863114b7359a70c0130e88836e423e4104f39f65
302465,35834,Tournament A17. League 450-500,450-500,2026-08-10T09:00:48.885000+00:00,2026-08-10T03:00:48.885000-06:00,2026-08-10T11:00:48.885000+02:00,3,COMPLETED,825,Milan Regner,1499,Milan Chalupnicek,2,3,1499,Milan Chalupnicek,,,2026-08-10T09:21:04.374000+00:00,SCHEDULED_START_PLUS_DURATION,2026-08-09T17:42:16.359403+00:00,2026-08-10T17:42:26.319685+00:00,d4933441f0cd48f7947739de62d15fec0501fe876cb151a0b474fa3ca238ed8f,api.league-pro.com,OK,8db3e0c6b0ca42ac35475d86984c287ad8aa76fa4d0a48d802f042506c8f1999
302402,35826,Tournament A12. League 250-300,250-300,2026-08-10T09:30:08.397000+00:00,2026-08-10T03:30:08.397000-06:00,2026-08-10T11:30:08.397000+02:00,3,COMPLETED,1321,Alexander Hejduk,1144,Jaroslav Strnad,3,1,1321,Alexander Hejduk,,,2026-08-10T09:47:28.711000+00:00,SCHEDULED_START_PLUS_DURATION,2026-08-09T17:42:16.359403+00:00,2026-08-10T17:42:26.319685+00:00,d4933441f0cd48f7947739de62d15fec0501fe876cb151a0b474fa3ca238ed8f,api.league-pro.com,OK,18237baeb73ebe1bbac5e0d69af24f99e6851180685ea4728c25fb6001b7d982
302466,35834,Tournament A17. League 450-500,450-500,2026-08-10T09:30:08.599000+00:00,2026-08-10T03:30:08.599000-06:00,2026-08-10T11:30:08.599000+02:00,3,COMPLETED,894,Lubor Sulava,1285,Jan Pleskot,3,0,894,Lubor Sulava,,,2026-08-10T09:41:30.105000+00:00,SCHEDULED_START_PLUS_DURATION,2026-08-09T17:42:16.359403+00:00,2026-08-10T17:42:26.319685+00:00,d4933441f0cd48f7947739de62d15fec0501fe876cb151a0b474fa3ca238ed8f,api.league-pro.com,OK,340e15740a80109f537f5b461ddce3bffbdf9556067d04b95864e7b0c17d9698
302558,35845,Tournament A18. League 350-400,350-400,2026-08-10T09:30:12.903000+00:00,2026-08-10T03:30:12.903000-06:00,2026-08-10T11:30:12.903000+02:00,3,COMPLETED,1853,Radek Adamczyk,1701,David Vavrecka,3,1,1853,Radek Adamczyk,,,2026-08-10T09:44:21.728000+00:00,SCHEDULED_START_PLUS_DURATION,2026-08-09T17:42:16.359403+00:00,2026-08-10T17:42:26.319685+00:00,d4933441f0cd48f7947739de62d15fec0501fe876cb151a0b474fa3ca238ed8f,api.league-pro.com,OK,4864994257caf3069d635b4151f56fde8cb9e71290576d76f7f8c0f139e79c0a
302434,35830,Tournament A14. League 800-900,800-900,2026-08-10T09:30:26.342000+00:00,2026-08-10T03:30:26.342000-06:00,2026-08-10T11:30:26.342000+02:00,3,COMPLETED,885,Denis Hofman,1692,Petr Sebera,1,3,1692,Petr Sebera,,,2026-08-10T09:43:04.116000+00:00,SCHEDULED_START_PLUS_DURATION,2026-08-09T17:42:16.359403+00:00,2026-08-10T17:42:26.319685+00:00,d4933441f0cd48f7947739de62d15fec0501fe876cb151a0b474fa3ca238ed8f,api.league-pro.com,OK,a9f24e3b52f7617c01197dbd3977758ff056e34eed4f8842401c585756125017
302490,35837,Tournament A16. League 1000-1100,1000-1100,2026-08-10T09:30:29.849000+00:00,2026-08-10T03:30:29.849000-06:00,2026-08-10T11:30:29.849000+02:00,3,COMPLETED,1796,Libor Prikasky,1283,Radovan Polasek,1,3,1283,Radovan Polasek,,,2026-08-10T09:49:04.027000+00:00,SCHEDULED_START_PLUS_DURATION,2026-08-09T17:42:16.359403+00:00,2026-08-10T17:42:26.319685+00:00,d4933441f0cd48f7947739de62d15fec0501fe876cb151a0b474fa3ca238ed8f,api.league-pro.com,OK,77d55bca14204ade20b367c7c6e5016e35e6ea860725a426e0d586012d0b663e
302403,35827,Tournament A12. League 1000-1100,1000-1100,2026-08-10T10:00:06.479000+00:00,2026-08-10T04:00:06.479000-06:00,2026-08-10T12:00:06.479000+02:00,3,COMPLETED,683,Jan Mecl,688,Erik Mares,0,3,688,Erik Mares,,,2026-08-10T10:11:51.714000+00:00,SCHEDULED_START_PLUS_DURATION,2026-08-09T17:42:16.359403+00:00,2026-08-10T17:42:26.319685+00:00,d4933441f0cd48f7947739de62d15fec0501fe876cb151a0b474fa3ca238ed8f,api.league-pro.com,OK,f90104397154847f83eb5bf197ad87b34a99105609d83dc2d1d6beec1a8b9cf6
302435,35831,Tournament A14. League 800-900,800-900,2026-08-10T10:00:12.832000+00:00,2026-08-10T04:00:12.832000-06:00,2026-08-10T12:00:12.832000+02:00,3,COMPLETED,1093,Sebastian Kasnik,1869,Richard Wagner,3,2,1093,Sebastian Kasnik,,,2026-08-10T10:19:10.703000+00:00,SCHEDULED_START_PLUS_DURATION,2026-08-09T17:42:16.359403+00:00,2026-08-10T17:42:26.319685+00:00,d4933441f0cd48f7947739de62d15fec0501fe876cb151a0b474fa3ca238ed8f,api.league-pro.com,OK,36db86997b13a9685aa03adbaa5bb4d1bde116dffc948eb14c8a621325cacf92
302527,35842,Tournament A18. League 400-450,400-450,2026-08-10T10:00:13.344000+00:00,2026-08-10T04:00:13.344000-06:00,2026-08-10T12:00:13.344000+02:00,3,COMPLETED,1845,Petr Banot,1870,Vaclav Rybar,1,3,1870,Vaclav Rybar,,,2026-08-10T10:18:37.207000+00:00,SCHEDULED_START_PLUS_DURATION,2026-08-09T17:42:16.359403+00:00,2026-08-10T17:42:26.319685+00:00,d4933441f0cd48f7947739de62d15fec0501fe876cb151a0b474fa3ca238ed8f,api.league-pro.com,OK,b55fcc48c719f81dd8b130c2b5ecdd5d5726818329024d519679169dd840cad9
302467,35835,Tournament A17. League 600-700,600-700,2026-08-10T10:00:13.587000+00:00,2026-08-10T04:00:13.587000-06:00,2026-08-10T12:00:13.587000+02:00,3,COMPLETED,1173,Dominik Oborny,1725,Marcel Heczko,2,3,1725,Marcel Heczko,,,2026-08-10T10:19:16.284000+00:00,SCHEDULED_START_PLUS_DURATION,2026-08-09T17:42:16.359403+00:00,2026-08-10T17:42:26.319685+00:00,d4933441f0cd48f7947739de62d15fec0501fe876cb151a0b474fa3ca238ed8f,api.league-pro.com,OK,e06719d08e87701ad1aaba786e96b4e4c1a4be1582f872d8013c66761d7e3909
302491,35838,Tournament A16. League 1000-1100,1000-1100,2026-08-10T10:00:21.570000+00:00,2026-08-10T04:00:21.570000-06:00,2026-08-10T12:00:21.570000+02:00,3,COMPLETED,1702,Jan Szotkowski,996,Tadeas Zika,3,0,1702,Jan Szotkowski,,,2026-08-10T10:11:23.192000+00:00,SCHEDULED_START_PLUS_DURATION,2026-08-09T17:42:16.359403+00:00,2026-08-10T17:42:26.319685+00:00,d4933441f0cd48f7947739de62d15fec0501fe876cb151a0b474fa3ca238ed8f,api.league-pro.com,OK,001370ed8416d47b7bf32f1426d141b3b3503c3445751e9575e9f01bca728012
302404,35827,Tournament A12. League 1000-1100,1000-1100,2026-08-10T10:30:08.471000+00:00,2026-08-10T04:30:08.471000-06:00,2026-08-10T12:30:08.471000+02:00,3,COMPLETED,854,Lukas Jindrak,1668,Oleksandr Kolisnyk,3,1,854,Lukas Jindrak,,,2026-08-10T10:45:40.177000+00:00,SCHEDULED_START_PLUS_DURATION,2026-08-09T17:42:16.359403+00:00,2026-08-10T17:42:26.319685+00:00,d4933441f0cd48f7947739de62d15fec0501fe876cb151a0b474fa3ca238ed8f,api.league-pro.com,OK,26580cbc9942ae2d073d8357343f58ebb2bbce8feabcc695ba7aa71c61495a04
302528,35842,Tournament A18. League 400-450,400-450,2026-08-10T10:30:17.179000+00:00,2026-08-10T04:30:17.179000-06:00,2026-08-10T12:30:17.179000+02:00,3,COMPLETED,1744,Michal Derco,1701,David Vavrecka,0,3,1701,David Vavrecka,,,2026-08-10T10:43:25.947000+00:00,SCHEDULED_START_PLUS_DURATION,2026-08-09T17:42:16.359403+00:00,2026-08-10T17:42:26.319685+00:00,d4933441f0cd48f7947739de62d15fec0501fe876cb151a0b474fa3ca238ed8f,api.league-pro.com,OK,059e7a3810338c35dfed3284016ee9757ec6e88f7861eb8838d8e08fca7bd554
302492,35838,Tournament A16. League 1000-1100,1000-1100,2026-08-10T10:30:17.805000+00:00,2026-08-10T04:30:17.805000-06:00,2026-08-10T12:30:17.805000+02:00,3,COMPLETED,1164,Michael Sedlacek,1046,Radomir Revay,3,1,1164,Michael Sedlacek,,,2026-08-10T10:47:14.925000+00:00,SCHEDULED_START_PLUS_DURATION,2026-08-09T17:42:16.359403+00:00,2026-08-10T17:42:26.319685+00:00,d4933441f0cd48f7947739de62d15fec0501fe876cb151a0b474fa3ca238ed8f,api.league-pro.com,OK,518382db9f5603920db577c69b42c165f7a0ecf9052a3ceeb951359c80566e96
302436,35831,Tournament A14. League 800-900,800-900,2026-08-10T10:30:22.796000+00:00,2026-08-10T04:30:22.796000-06:00,2026-08-10T12:30:22.796000+02:00,3,COMPLETED,885,Denis Hofman,1692,Petr Sebera,3,1,885,Denis Hofman,,,2026-08-10T10:43:52.441000+00:00,SCHEDULED_START_PLUS_DURATION,2026-08-09T17:42:16.359403+00:00,2026-08-10T17:42:26.319685+00:00,d4933441f0cd48f7947739de62d15fec0501fe876cb151a0b474fa3ca238ed8f,api.league-pro.com,OK,baff3f4a1512057c63ea8dc1e18780e39e43ebc7ff13e6c1babdf336e5439238
302468,35835,Tournament A17. League 600-700,600-700,2026-08-10T10:30:23.139000+00:00,2026-08-10T04:30:23.139000-06:00,2026-08-10T12:30:23.139000+02:00,3,COMPLETED,1078,Kyryl Darin,1545,Yurii Holovatiuk,3,1,1078,Kyryl Darin,,,2026-08-10T10:42:28.240000+00:00,SCHEDULED_START_PLUS_DURATION,2026-08-09T17:42:16.359403+00:00,2026-08-10T17:42:26.319685+00:00,d4933441f0cd48f7947739de62d15fec0501fe876cb151a0b474fa3ca238ed8f,api.league-pro.com,OK,381444b06d83ecf3260d17056f32f36edacb6435cd0e3fb9c4de74640c9f327e
302437,35831,Tournament A14. League 800-900,800-900,2026-08-10T11:00:06.533000+00:00,2026-08-10T05:00:06.533000-06:00,2026-08-10T13:00:06.533000+02:00,3,COMPLETED,1869,Richard Wagner,885,Denis Hofman,0,3,885,Denis Hofman,,,2026-08-10T11:12:44.950000+00:00,SCHEDULED_START_PLUS_DURATION,2026-08-09T17:42:16.359403+00:00,2026-08-10T17:42:26.319685+00:00,d4933441f0cd48f7947739de62d15fec0501fe876cb151a0b474fa3ca238ed8f,api.league-pro.com,OK,cfff4dbf6e795e3cd38f3e72773fd1d36d5c49ac05e683843a05f9253edaca09
302405,35827,Tournament A12. League 1000-1100,1000-1100,2026-08-10T11:00:11.916000+00:00,2026-08-10T05:00:11.916000-06:00,2026-08-10T13:00:11.916000+02:00,3,COMPLETED,688,Erik Mares,854,Lukas Jindrak,0,3,854,Lukas Jindrak,,,2026-08-10T11:12:06.039000+00:00,SCHEDULED_START_PLUS_DURATION,2026-08-09T17:42:16.359403+00:00,2026-08-10T17:42:26.319685+00:00,d4933441f0cd48f7947739de62d15fec0501fe876cb151a0b474fa3ca238ed8f,api.league-pro.com,OK,a7c84ec206b729c72ca7198933864d6722e58537176e8717107423762328c839
302529,35842,Tournament A18. League 400-450,400-450,2026-08-10T11:00:12.063000+00:00,2026-08-10T05:00:12.063000-06:00,2026-08-10T13:00:12.063000+02:00,3,COMPLETED,1870,Vaclav Rybar,1744,Michal Derco,2,3,1744,Michal Derco,,,2026-08-10T11:22:51.171000+00:00,SCHEDULED_START_PLUS_DURATION,2026-08-09T17:42:16.359403+00:00,2026-08-10T17:42:26.319685+00:00,d4933441f0cd48f7947739de62d15fec0501fe876cb151a0b474fa3ca238ed8f,api.league-pro.com,OK,9324f1f726d83a0e2980729028384f8caecd65e811f4b5fcb64a49f77da95096
302469,35835,Tournament A17. League 600-700,600-700,2026-08-10T11:00:13.127000+00:00,2026-08-10T05:00:13.127000-06:00,2026-08-10T13:00:13.127000+02:00,3,COMPLETED,1725,Marcel Heczko,1078,Kyryl Darin,3,1,1725,Marcel Heczko,,,2026-08-10T11:14:51.824000+00:00,SCHEDULED_START_PLUS_DURATION,2026-08-09T17:42:16.359403+00:00,2026-08-10T17:42:26.319685+00:00,d4933441f0cd48f7947739de62d15fec0501fe876cb151a0b474fa3ca238ed8f,api.league-pro.com,OK,65dc415ce77d6c752d66dd65f03f9b521e3e87bfb944904d2d8448c51394967e
302493,35838,Tournament A16. League 1000-1100,1000-1100,2026-08-10T11:00:26.892000+00:00,2026-08-10T05:00:26.892000-06:00,2026-08-10T13:00:26.892000+02:00,3,COMPLETED,996,Tadeas Zika,1164,Michael Sedlacek,1,3,1164,Michael Sedlacek,,,2026-08-10T11:15:26.299000+00:00,SCHEDULED_START_PLUS_DURATION,2026-08-09T17:42:16.359403+00:00,2026-08-10T17:42:26.319685+00:00,d4933441f0cd48f7947739de62d15fec0501fe876cb151a0b474fa3ca238ed8f,api.league-pro.com,OK,b157c987b810b3abc2e088e673350df9dd7de70a364dbfe3b12e37ddb541815d
302406,35827,Tournament A12. League 1000-1100,1000-1100,2026-08-10T11:30:07.263000+00:00,2026-08-10T05:30:07.263000-06:00,2026-08-10T13:30:07.263000+02:00,3,COMPLETED,1668,Oleksandr Kolisnyk,683,Jan Mecl,2,3,683,Jan Mecl,,,2026-08-10T11:47:27.301000+00:00,SCHEDULED_START_PLUS_DURATION,2026-08-09T17:42:16.359403+00:00,2026-08-10T17:42:26.319685+00:00,d4933441f0cd48f7947739de62d15fec0501fe876cb151a0b474fa3ca238ed8f,api.league-pro.com,OK,15472e4aed2d674d6bc59629ef049ebc7dfb9a65e060546d58c22c55bbacbd3a
302438,35831,Tournament A14. League 800-900,800-900,2026-08-10T11:30:07.656000+00:00,2026-08-10T05:30:07.656000-06:00,2026-08-10T13:30:07.656000+02:00,3,COMPLETED,1692,Petr Sebera,1093,Sebastian Kasnik,3,0,1692,Petr Sebera,,,2026-08-10T11:41:02.759000+00:00,SCHEDULED_START_PLUS_DURATION,2026-08-09T17:42:16.359403+00:00,2026-08-10T17:42:26.319685+00:00,d4933441f0cd48f7947739de62d15fec0501fe876cb151a0b474fa3ca238ed8f,api.league-pro.com,OK,4226b323c468ae710d5d68dfd66ec58d1eee7fb7be0a72645da4ab1bf25e91bd
302530,35842,Tournament A18. League 400-450,400-450,2026-08-10T11:30:12.439000+00:00,2026-08-10T05:30:12.439000-06:00,2026-08-10T13:30:12.439000+02:00,3,COMPLETED,1701,David Vavrecka,1845,Petr Banot,0,3,1845,Petr Banot,,,2026-08-10T11:41:15.694000+00:00,SCHEDULED_START_PLUS_DURATION,2026-08-09T17:42:16.359403+00:00,2026-08-10T17:42:26.319685+00:00,d4933441f0cd48f7947739de62d15fec0501fe876cb151a0b474fa3ca238ed8f,api.league-pro.com,OK,1801990359a339a96f458c5ffb74c5ead6a5ed34607253eefe5aa2cd98153c20
302470,35835,Tournament A17. League 600-700,600-700,2026-08-10T11:30:14.529000+00:00,2026-08-10T05:30:14.529000-06:00,2026-08-10T13:30:14.529000+02:00,3,COMPLETED,1545,Yurii Holovatiuk,1173,Dominik Oborny,0,3,1173,Dominik Oborny,,,2026-08-10T11:40:41.503000+00:00,SCHEDULED_START_PLUS_DURATION,2026-08-09T17:42:16.359403+00:00,2026-08-10T17:42:26.319685+00:00,d4933441f0cd48f7947739de62d15fec0501fe876cb151a0b474fa3ca238ed8f,api.league-pro.com,OK,9a394798677b564c73c3b57e7e5533d0171387b639fdee718cdd809bcc43eaef
302494,35838,Tournament A16. League 1000-1100,1000-1100,2026-08-10T11:30:18.151000+00:00,2026-08-10T05:30:18.151000-06:00,2026-08-10T13:30:18.151000+02:00,3,COMPLETED,1046,Radomir Revay,1702,Jan Szotkowski,3,1,1046,Radomir Revay,,,2026-08-10T11:46:30.603000+00:00,SCHEDULED_START_PLUS_DURATION,2026-08-09T17:42:16.359403+00:00,2026-08-10T17:42:26.319685+00:00,d4933441f0cd48f7947739de62d15fec0501fe876cb151a0b474fa3ca238ed8f,api.league-pro.com,OK,38108af0ae0e24cab7d12fe9ffdee3dd16a90f83280ec423da95d78088809611
302407,35827,Tournament A12. League 1000-1100,1000-1100,2026-08-10T12:00:05.994000+00:00,2026-08-10T06:00:05.994000-06:00,2026-08-10T14:00:05.994000+02:00,3,COMPLETED,683,Jan Mecl,854,Lukas Jindrak,3,0,683,Jan Mecl,,,2026-08-10T12:09:59.858000+00:00,SCHEDULED_START_PLUS_DURATION,2026-08-09T17:42:16.359403+00:00,2026-08-10T17:42:26.319685+00:00,d4933441f0cd48f7947739de62d15fec0501fe876cb151a0b474fa3ca238ed8f,api.league-pro.com,OK,b9f56551aabe67b2eb0a1e2bf0af9cac2ff620d50e31fbb055aea914914fdfd6
302471,35835,Tournament A17. League 600-700,600-700,2026-08-10T12:00:11.683000+00:00,2026-08-10T06:00:11.683000-06:00,2026-08-10T14:00:11.683000+02:00,3,COMPLETED,1173,Dominik Oborny,1078,Kyryl Darin,3,0,1173,Dominik Oborny,,,2026-08-10T12:10:44.391000+00:00,SCHEDULED_START_PLUS_DURATION,2026-08-09T17:42:16.359403+00:00,2026-08-10T17:42:26.319685+00:00,d4933441f0cd48f7947739de62d15fec0501fe876cb151a0b474fa3ca238ed8f,api.league-pro.com,OK,facd7ed7d2f24c6803a1abd7bbcac59867264f20b4df6af6fd8242170100d911
302531,35842,Tournament A18. League 400-450,400-450,2026-08-10T12:00:12.676000+00:00,2026-08-10T06:00:12.676000-06:00,2026-08-10T14:00:12.676000+02:00,3,COMPLETED,1845,Petr Banot,1744,Michal Derco,3,1,1845,Petr Banot,,,2026-08-10T12:15:34.513000+00:00,SCHEDULED_START_PLUS_DURATION,2026-08-09T17:42:16.359403+00:00,2026-08-10T17:42:26.319685+00:00,d4933441f0cd48f7947739de62d15fec0501fe876cb151a0b474fa3ca238ed8f,api.league-pro.com,OK,4c1f3a1dce3d150a8e7c8760bec1037560ce665c56ede9dc44ca3440ae2858ac
302439,35831,Tournament A14. League 800-900,800-900,2026-08-10T12:00:15.969000+00:00,2026-08-10T06:00:15.969000-06:00,2026-08-10T14:00:15.969000+02:00,3,COMPLETED,1093,Sebastian Kasnik,885,Denis Hofman,3,1,1093,Sebastian Kasnik,,,2026-08-10T12:14:45.918000+00:00,SCHEDULED_START_PLUS_DURATION,2026-08-09T17:42:16.359403+00:00,2026-08-10T17:42:26.319685+00:00,d4933441f0cd48f7947739de62d15fec0501fe876cb151a0b474fa3ca238ed8f,api.league-pro.com,OK,5c4f32515e554ec133f4723cc160f5a1b09371d1a0573976fb476a1db4db2d00
302495,35838,Tournament A16. League 1000-1100,1000-1100,2026-08-10T12:00:36.730000+00:00,2026-08-10T06:00:36.730000-06:00,2026-08-10T14:00:36.730000+02:00,3,COMPLETED,1702,Jan Szotkowski,1164,Michael Sedlacek,3,2,1702,Jan Szotkowski,,,2026-08-10T12:26:05.108000+00:00,SCHEDULED_START_PLUS_DURATION,2026-08-09T17:42:16.359403+00:00,2026-08-10T17:42:26.319685+00:00,d4933441f0cd48f7947739de62d15fec0501fe876cb151a0b474fa3ca238ed8f,api.league-pro.com,OK,203801abb330e086106220bd18a2ce9effbf91a6d0a7776072d4dae7f24c6cb3
302440,35831,Tournament A14. League 800-900,800-900,2026-08-10T12:30:03.847000+00:00,2026-08-10T06:30:03.847000-06:00,2026-08-10T14:30:03.847000+02:00,3,COMPLETED,1869,Richard Wagner,1692,Petr Sebera,1,3,1692,Petr Sebera,,,2026-08-10T12:43:33.128000+00:00,SCHEDULED_START_PLUS_DURATION,2026-08-09T17:42:16.359403+00:00,2026-08-10T17:42:26.319685+00:00,d4933441f0cd48f7947739de62d15fec0501fe876cb151a0b474fa3ca238ed8f,api.league-pro.com,OK,c48deec11147e4139706d84b8327e786f24e812b2f28c6f3d5d2af4eddf49d2e
302408,35827,Tournament A12. League 1000-1100,1000-1100,2026-08-10T12:30:12.935000+00:00,2026-08-10T06:30:12.935000-06:00,2026-08-10T14:30:12.935000+02:00,3,COMPLETED,688,Erik Mares,1668,Oleksandr Kolisnyk,3,0,688,Erik Mares,,,2026-08-10T12:40:34.958000+00:00,SCHEDULED_START_PLUS_DURATION,2026-08-09T17:42:16.359403+00:00,2026-08-10T17:42:26.319685+00:00,d4933441f0cd48f7947739de62d15fec0501fe876cb151a0b474fa3ca238ed8f,api.league-pro.com,OK,51558afe45e27566469fb36a7bbec836741ab4dbb7072b7995c3c9775231f8ff
302472,35835,Tournament A17. League 600-700,600-700,2026-08-10T12:30:14.667000+00:00,2026-08-10T06:30:14.667000-06:00,2026-08-10T14:30:14.667000+02:00,3,COMPLETED,1725,Marcel Heczko,1545,Yurii Holovatiuk,3,1,1725,Marcel Heczko,,,2026-08-10T12:49:32.870000+00:00,SCHEDULED_START_PLUS_DURATION,2026-08-09T17:42:16.359403+00:00,2026-08-10T17:42:26.319685+00:00,d4933441f0cd48f7947739de62d15fec0501fe876cb151a0b474fa3ca238ed8f,api.league-pro.com,OK,09b62f64dc558dd27be34f065fa99b59436ebd44d398577da4e3149742d7798d
302532,35842,Tournament A18. League 400-450,400-450,2026-08-10T12:30:15.166000+00:00,2026-08-10T06:30:15.166000-06:00,2026-08-10T14:30:15.166000+02:00,3,COMPLETED,1870,Vaclav Rybar,1701,David Vavrecka,3,0,1870,Vaclav Rybar,,,2026-08-10T12:43:12.123000+00:00,SCHEDULED_START_PLUS_DURATION,2026-08-09T17:42:16.359403+00:00,2026-08-10T17:42:26.319685+00:00,d4933441f0cd48f7947739de62d15fec0501fe876cb151a0b474fa3ca238ed8f,api.league-pro.com,OK,8378c03c30a8376ea67cf23b3600a6c9e25a30717db2852c863eeac796e19968
302496,35838,Tournament A16. League 1000-1100,1000-1100,2026-08-10T12:30:21.498000+00:00,2026-08-10T06:30:21.498000-06:00,2026-08-10T14:30:21.498000+02:00,3,COMPLETED,996,Tadeas Zika,1046,Radomir Revay,2,3,1046,Radomir Revay,,,2026-08-10T12:57:47.507000+00:00,SCHEDULED_START_PLUS_DURATION,2026-08-09T17:42:16.359403+00:00,2026-08-10T17:42:26.319685+00:00,d4933441f0cd48f7947739de62d15fec0501fe876cb151a0b474fa3ca238ed8f,api.league-pro.com,OK,e0c54f2bf97d615d3f55d292abc8c770b2b9440f37ab3d7c81f302d256df8b85
302409,35827,Tournament A12. League 1000-1100,1000-1100,2026-08-10T13:00:08.207000+00:00,2026-08-10T07:00:08.207000-06:00,2026-08-10T15:00:08.207000+02:00,3,COMPLETED,683,Jan Mecl,1668,Oleksandr Kolisnyk,3,0,683,Jan Mecl,,,2026-08-10T13:10:24.062000+00:00,SCHEDULED_START_PLUS_DURATION,2026-08-09T17:42:16.359403+00:00,2026-08-10T17:42:26.319685+00:00,d4933441f0cd48f7947739de62d15fec0501fe876cb151a0b474fa3ca238ed8f,api.league-pro.com,OK,1c3d546d9a7d1a711b934616f9bec8931fa1f31fe1d29812c094e2abda16bbd9
302533,35842,Tournament A18. League 400-450,400-450,2026-08-10T13:00:10.608000+00:00,2026-08-10T07:00:10.608000-06:00,2026-08-10T15:00:10.608000+02:00,3,COMPLETED,1744,Michal Derco,1701,David Vavrecka,3,1,1744,Michal Derco,,,2026-08-10T13:18:17.911000+00:00,SCHEDULED_START_PLUS_DURATION,2026-08-09T17:42:16.359403+00:00,2026-08-10T17:42:26.319685+00:00,d4933441f0cd48f7947739de62d15fec0501fe876cb151a0b474fa3ca238ed8f,api.league-pro.com,OK,bde7ff64c35bb9b890469778e6ab6db2d6748926b9591ab1a54808526bd79393
302441,35831,Tournament A14. League 800-900,800-900,2026-08-10T13:00:10.943000+00:00,2026-08-10T07:00:10.943000-06:00,2026-08-10T15:00:10.943000+02:00,3,COMPLETED,1093,Sebastian Kasnik,1869,Richard Wagner,2,3,1869,Richard Wagner,,,2026-08-10T13:20:09.188000+00:00,SCHEDULED_START_PLUS_DURATION,2026-08-09T17:42:16.359403+00:00,2026-08-10T17:42:26.319685+00:00,d4933441f0cd48f7947739de62d15fec0501fe876cb151a0b474fa3ca238ed8f,api.league-pro.com,OK,b2e75e552690f0d69c0c9b607fc052f389d0182f099dbf7ea6bdc71887156c3c
302473,35835,Tournament A17. League 600-700,600-700,2026-08-10T13:00:54.314000+00:00,2026-08-10T07:00:54.314000-06:00,2026-08-10T15:00:54.314000+02:00,3,COMPLETED,1078,Kyryl Darin,1545,Yurii Holovatiuk,3,2,1078,Kyryl Darin,,,2026-08-10T13:18:01.863000+00:00,SCHEDULED_START_PLUS_DURATION,2026-08-09T17:42:16.359403+00:00,2026-08-10T17:42:26.319685+00:00,d4933441f0cd48f7947739de62d15fec0501fe876cb151a0b474fa3ca238ed8f,api.league-pro.com,OK,7f798bb4a43294875348ab4276a32a43c92c76451c0d4b352ac68e07ff793b36
302497,35838,Tournament A16. League 1000-1100,1000-1100,2026-08-10T13:06:15.980000+00:00,2026-08-10T07:06:15.980000-06:00,2026-08-10T15:06:15.980000+02:00,3,COMPLETED,1046,Radomir Revay,996,Tadeas Zika,3,0,1046,Radomir Revay,,,2026-08-10T13:23:21.165000+00:00,SCHEDULED_START_PLUS_DURATION,2026-08-09T17:42:16.359403+00:00,2026-08-10T17:42:26.319685+00:00,d4933441f0cd48f7947739de62d15fec0501fe876cb151a0b474fa3ca238ed8f,api.league-pro.com,OK,12877325c731f469ca370fe92068deea1939d9dbaf350af9da37e8a2257b7bf5
302442,35831,Tournament A14. League 800-900,800-900,2026-08-10T13:30:09.535000+00:00,2026-08-10T07:30:09.535000-06:00,2026-08-10T15:30:09.535000+02:00,3,COMPLETED,1692,Petr Sebera,885,Denis Hofman,1,3,885,Denis Hofman,,,2026-08-10T13:44:18.744000+00:00,SCHEDULED_START_PLUS_DURATION,2026-08-09T17:42:16.359403+00:00,2026-08-10T17:42:26.319685+00:00,d4933441f0cd48f7947739de62d15fec0501fe876cb151a0b474fa3ca238ed8f,api.league-pro.com,OK,e231bfed9b322b275d38b0d9fe6617df32fed08e90c5f7eb231bc02b930b2c5d
302410,35827,Tournament A12. League 1000-1100,1000-1100,2026-08-10T13:30:12.346000+00:00,2026-08-10T07:30:12.346000-06:00,2026-08-10T15:30:12.346000+02:00,3,COMPLETED,688,Erik Mares,854,Lukas Jindrak,3,1,688,Erik Mares,,,2026-08-10T13:45:00.098000+00:00,SCHEDULED_START_PLUS_DURATION,2026-08-09T17:42:16.359403+00:00,2026-08-10T17:42:26.319685+00:00,d4933441f0cd48f7947739de62d15fec0501fe876cb151a0b474fa3ca238ed8f,api.league-pro.com,OK,f1ac4aa3272d5d061e37096715a9b25ae80bf1a2a30af8fc97ade0086d36b678
302534,35842,Tournament A18. League 400-450,400-450,2026-08-10T13:30:12.805000+00:00,2026-08-10T07:30:12.805000-06:00,2026-08-10T15:30:12.805000+02:00,3,COMPLETED,1870,Vaclav Rybar,1845,Petr Banot,0,3,1845,Petr Banot,,,2026-08-10T13:41:38.579000+00:00,SCHEDULED_START_PLUS_DURATION,2026-08-09T17:42:16.359403+00:00,2026-08-10T17:42:26.319685+00:00,d4933441f0cd48f7947739de62d15fec0501fe876cb151a0b474fa3ca238ed8f,api.league-pro.com,OK,3efb9382731abc7a3182f6357c860b23122b44a9bc56db392756967d4f441c5b
302474,35835,Tournament A17. League 600-700,600-700,2026-08-10T13:30:20.700000+00:00,2026-08-10T07:30:20.700000-06:00,2026-08-10T15:30:20.700000+02:00,3,COMPLETED,1725,Marcel Heczko,1173,Dominik Oborny,1,3,1173,Dominik Oborny,,,2026-08-10T13:44:15.122000+00:00,SCHEDULED_START_PLUS_DURATION,2026-08-09T17:42:16.359403+00:00,2026-08-10T17:42:26.319685+00:00,d4933441f0cd48f7947739de62d15fec0501fe876cb151a0b474fa3ca238ed8f,api.league-pro.com,OK,78e2cb961d9a5e98540841c6d1f8721b605f7ff85947a8bde463b5281567b1a7
302498,35838,Tournament A16. League 1000-1100,1000-1100,2026-08-10T13:30:22.393000+00:00,2026-08-10T07:30:22.393000-06:00,2026-08-10T15:30:22.393000+02:00,3,COMPLETED,1164,Michael Sedlacek,1702,Jan Szotkowski,3,2,1164,Michael Sedlacek,,,2026-08-10T13:49:23.144000+00:00,SCHEDULED_START_PLUS_DURATION,2026-08-09T17:42:16.359403+00:00,2026-08-10T17:42:26.319685+00:00,d4933441f0cd48f7947739de62d15fec0501fe876cb151a0b474fa3ca238ed8f,api.league-pro.com,OK,382567425456b9757e2a3db3601f959d0039d61e380522b1fa71bdf77f82c6b9
302411,35828,Tournament A12. League 1000-1100,1000-1100,2026-08-10T14:00:07.721000+00:00,2026-08-10T08:00:07.721000-06:00,2026-08-10T16:00:07.721000+02:00,3,COMPLETED,864,Tomas Postelt,854,Lukas Jindrak,2,3,854,Lukas Jindrak,,,2026-08-10T14:18:54.023000+00:00,SCHEDULED_START_PLUS_DURATION,2026-08-09T17:42:16.359403+00:00,2026-08-10T17:42:26.319685+00:00,d4933441f0cd48f7947739de62d15fec0501fe876cb151a0b474fa3ca238ed8f,api.league-pro.com,OK,c4392c73c06f2114eb055beeea2f1f7f3d4a203c4c5887bdb02b2ef6662dcaf7
302499,35839,Tournament A16. League 1000-1100,1000-1100,2026-08-10T14:00:12.536000+00:00,2026-08-10T08:00:12.536000-06:00,2026-08-10T16:00:12.536000+02:00,3,COMPLETED,1020,Martin Biolek,1114,Michal Vavrecka,3,0,1020,Martin Biolek,,,2026-08-10T14:14:37.123000+00:00,SCHEDULED_START_PLUS_DURATION,2026-08-09T17:42:16.359403+00:00,2026-08-10T17:42:26.319685+00:00,d4933441f0cd48f7947739de62d15fec0501fe876cb151a0b474fa3ca238ed8f,api.league-pro.com,OK,96ddbd676a726d4236276d6904cd626f6fd54a1eee01f3c762d6bfcf3489d023
302535,35843,Tournament A18. League 800-900,800-900,2026-08-10T14:00:14.603000+00:00,2026-08-10T08:00:14.603000-06:00,2026-08-10T16:00:14.603000+02:00,3,COMPLETED,1209,David Szotek,1709,Michal Chalupa,1,3,1709,Michal Chalupa,,,2026-08-10T14:19:59.144000+00:00,SCHEDULED_START_PLUS_DURATION,2026-08-09T17:42:16.359403+00:00,2026-08-10T17:42:26.319685+00:00,d4933441f0cd48f7947739de62d15fec0501fe876cb151a0b474fa3ca238ed8f,api.league-pro.com,OK,8273e3601c6053381fccb49401ca92f4c4cb9842f6b1cbc796a14eee1e06d1a2
302475,35836,Tournament A17. League 600-700,600-700,2026-08-10T14:00:22.393000+00:00,2026-08-10T08:00:22.393000-06:00,2026-08-10T16:00:22.393000+02:00,3,COMPLETED,1078,Kyryl Darin,1173,Dominik Oborny,3,1,1078,Kyryl Darin,,,2026-08-10T14:16:56.333000+00:00,SCHEDULED_START_PLUS_DURATION,2026-08-09T17:42:16.359403+00:00,2026-08-10T17:42:26.319685+00:00,d4933441f0cd48f7947739de62d15fec0501fe876cb151a0b474fa3ca238ed8f,api.league-pro.com,OK,10e05f3fe6d92481a646ad746b17179898304ef0b1c9106f3ac7d7cdaabb07f0
302443,35832,Tournament A14. League 350-400,350-400,2026-08-10T14:00:31.421000+00:00,2026-08-10T08:00:31.421000-06:00,2026-08-10T16:00:31.421000+02:00,3,COMPLETED,938,Jiri Hyrsl,828,Jiri Svec,3,1,938,Jiri Hyrsl,,,2026-08-10T14:20:16.762000+00:00,SCHEDULED_START_PLUS_DURATION,2026-08-09T17:42:16.359403+00:00,2026-08-10T17:42:26.319685+00:00,d4933441f0cd48f7947739de62d15fec0501fe876cb151a0b474fa3ca238ed8f,api.league-pro.com,OK,448404c3cf77acc4b17eafb999db97a377d71f371327530176b2454497bdf0bf
302476,35836,Tournament A17. League 600-700,600-700,2026-08-10T14:30:08.625000+00:00,2026-08-10T08:30:08.625000-06:00,2026-08-10T16:30:08.625000+02:00,3,COMPLETED,1418,Tomas Dousa,1725,Marcel Heczko,3,2,1418,Tomas Dousa,,,2026-08-10T14:48:01.573000+00:00,SCHEDULED_START_PLUS_DURATION,2026-08-09T17:42:16.359403+00:00,2026-08-10T17:42:26.319685+00:00,d4933441f0cd48f7947739de62d15fec0501fe876cb151a0b474fa3ca238ed8f,api.league-pro.com,OK,c2f2ff68c5bd54535ba352abe1e776989d33bd4bf9c69cf9e825676a56e6b6e4
302536,35843,Tournament A18. League 800-900,800-900,2026-08-10T14:30:10.804000+00:00,2026-08-10T08:30:10.804000-06:00,2026-08-10T16:30:10.804000+02:00,3,COMPLETED,1875,Frantisek Nadymacek,1294,Zbynek Pagac,1,3,1294,Zbynek Pagac,,,2026-08-10T14:46:03.606000+00:00,SCHEDULED_START_PLUS_DURATION,2026-08-09T17:42:16.359403+00:00,2026-08-10T17:42:26.319685+00:00,d4933441f0cd48f7947739de62d15fec0501fe876cb151a0b474fa3ca238ed8f,api.league-pro.com,OK,b0c7fa144d0b275e010a3179964ceedf19a9f6b2757153ca743b1c99f9c7a133
302412,35828,Tournament A12. League 1000-1100,1000-1100,2026-08-10T14:30:14.618000+00:00,2026-08-10T08:30:14.618000-06:00,2026-08-10T16:30:14.618000+02:00,3,COMPLETED,688,Erik Mares,1295,Vojtech Koubek,0,3,1295,Vojtech Koubek,,,2026-08-10T14:44:13.644000+00:00,SCHEDULED_START_PLUS_DURATION,2026-08-09T17:42:16.359403+00:00,2026-08-10T17:42:26.319685+00:00,d4933441f0cd48f7947739de62d15fec0501fe876cb151a0b474fa3ca238ed8f,api.league-pro.com,OK,fc7e68149c900622a3ec120d6b27eed3fa6636b08b6067e8836d04fde4384e1f
302500,35839,Tournament A16. League 1000-1100,1000-1100,2026-08-10T14:30:22.273000+00:00,2026-08-10T08:30:22.273000-06:00,2026-08-10T16:30:22.273000+02:00,3,COMPLETED,1702,Jan Szotkowski,996,Tadeas Zika,1,3,996,Tadeas Zika,,,2026-08-10T14:48:34.906000+00:00,SCHEDULED_START_PLUS_DURATION,2026-08-09T17:42:16.359403+00:00,2026-08-10T17:42:26.319685+00:00,d4933441f0cd48f7947739de62d15fec0501fe876cb151a0b474fa3ca238ed8f,api.league-pro.com,OK,6dfdbaed28e54aaece03d16ecc13ac1aa31660cea62f2c6e7ed026e343ec709a
302444,35832,Tournament A14. League 350-400,350-400,2026-08-10T14:30:24.596000+00:00,2026-08-10T08:30:24.596000-06:00,2026-08-10T16:30:24.596000+02:00,3,COMPLETED,1416,Jindrich Vrba,1251,Leos Havrda,1,3,1251,Leos Havrda,,,2026-08-10T14:46:27.690000+00:00,SCHEDULED_START_PLUS_DURATION,2026-08-09T17:42:16.359403+00:00,2026-08-10T17:42:26.319685+00:00,d4933441f0cd48f7947739de62d15fec0501fe876cb151a0b474fa3ca238ed8f,api.league-pro.com,OK,c5af7d017e2daac49d0574f0d2dfeaab5cb1d3495fb58bf7b9c788996c43ea0e
302501,35839,Tournament A16. League 1000-1100,1000-1100,2026-08-10T15:00:05.488000+00:00,2026-08-10T09:00:05.488000-06:00,2026-08-10T17:00:05.488000+02:00,3,COMPLETED,1114,Michal Vavrecka,1702,Jan Szotkowski,1,3,1702,Jan Szotkowski,,,2026-08-10T15:13:21.312000+00:00,SCHEDULED_START_PLUS_DURATION,2026-08-09T17:42:16.359403+00:00,2026-08-10T17:42:26.319685+00:00,d4933441f0cd48f7947739de62d15fec0501fe876cb151a0b474fa3ca238ed8f,api.league-pro.com,OK,c685ae66ba6e0a9d6e9079342badabb2fd14b87af6909a675362819eb409fbd0
302537,35843,Tournament A18. League 800-900,800-900,2026-08-10T15:00:07.978000+00:00,2026-08-10T09:00:07.978000-06:00,2026-08-10T17:00:07.978000+02:00,3,COMPLETED,1709,Michal Chalupa,1875,Frantisek Nadymacek,2,3,1875,Frantisek Nadymacek,,,2026-08-10T15:21:48.368000+00:00,SCHEDULED_START_PLUS_DURATION,2026-08-09T17:42:16.359403+00:00,2026-08-10T17:42:26.319685+00:00,d4933441f0cd48f7947739de62d15fec0501fe876cb151a0b474fa3ca238ed8f,api.league-pro.com,OK,99c475ac016765b74eeb6a7d827e9b11b5057797fde6d151c6460bedc137b9de
302413,35828,Tournament A12. League 1000-1100,1000-1100,2026-08-10T15:00:08.102000+00:00,2026-08-10T09:00:08.102000-06:00,2026-08-10T17:00:08.102000+02:00,3,COMPLETED,854,Lukas Jindrak,688,Erik Mares,3,1,854,Lukas Jindrak,,,2026-08-10T15:09:52.254000+00:00,SCHEDULED_START_PLUS_DURATION,2026-08-09T17:42:16.359403+00:00,2026-08-10T17:42:26.319685+00:00,d4933441f0cd48f7947739de62d15fec0501fe876cb151a0b474fa3ca238ed8f,api.league-pro.com,OK,cd76036ed318066cf4c45a2649ecece7b4b9871089e840e5e7ab71a8583e4ea3
302477,35836,Tournament A17. League 600-700,600-700,2026-08-10T15:00:09.661000+00:00,2026-08-10T09:00:09.661000-06:00,2026-08-10T17:00:09.661000+02:00,3,COMPLETED,1173,Dominik Oborny,1418,Tomas Dousa,3,2,1173,Dominik Oborny,,,2026-08-10T15:17:37.449000+00:00,SCHEDULED_START_PLUS_DURATION,2026-08-09T17:42:16.359403+00:00,2026-08-10T17:42:26.319685+00:00,d4933441f0cd48f7947739de62d15fec0501fe876cb151a0b474fa3ca238ed8f,api.league-pro.com,OK,903336b0823fd7f2edb548d2376da3905fbac6c1d562f0ac9766cd7ca0d4380a
302445,35832,Tournament A14. League 350-400,350-400,2026-08-10T15:00:18.449000+00:00,2026-08-10T09:00:18.449000-06:00,2026-08-10T17:00:18.449000+02:00,3,COMPLETED,828,Jiri Svec,1416,Jindrich Vrba,3,2,828,Jiri Svec,,,2026-08-10T15:29:45.638000+00:00,SCHEDULED_START_PLUS_DURATION,2026-08-09T17:42:16.359403+00:00,2026-08-10T17:42:26.319685+00:00,d4933441f0cd48f7947739de62d15fec0501fe876cb151a0b474fa3ca238ed8f,api.league-pro.com,OK,0d233b15998e579b075c6e58ca9c3ed9fd7ee5ba87160eb0b2eab9f0c1634de3
302414,35828,Tournament A12. League 1000-1100,1000-1100,2026-08-10T15:30:09.423000+00:00,2026-08-10T09:30:09.423000-06:00,2026-08-10T17:30:09.423000+02:00,3,COMPLETED,1295,Vojtech Koubek,864,Tomas Postelt,3,1,1295,Vojtech Koubek,,,2026-08-10T15:47:54.392000+00:00,SCHEDULED_START_PLUS_DURATION,2026-08-09T17:42:16.359403+00:00,2026-08-10T17:42:26.319685+00:00,d4933441f0cd48f7947739de62d15fec0501fe876cb151a0b474fa3ca238ed8f,api.league-pro.com,OK,9dc6ebee3003182b33a9e4a78494d91a5acc01579c11b61f569e752320c585ce
302478,35836,Tournament A17. League 600-700,600-700,2026-08-10T15:30:10.060000+00:00,2026-08-10T09:30:10.060000-06:00,2026-08-10T17:30:10.060000+02:00,3,COMPLETED,1725,Marcel Heczko,1078,Kyryl Darin,3,1,1725,Marcel Heczko,,,2026-08-10T15:44:47.715000+00:00,SCHEDULED_START_PLUS_DURATION,2026-08-09T17:42:16.359403+00:00,2026-08-10T17:42:26.319685+00:00,d4933441f0cd48f7947739de62d15fec0501fe876cb151a0b474fa3ca238ed8f,api.league-pro.com,OK,e36eb72e5eb5442ed6d84c609c0ee7b915ddace08c8308e0902813d7c90f1309
302538,35843,Tournament A18. League 800-900,800-900,2026-08-10T15:30:13.050000+00:00,2026-08-10T09:30:13.050000-06:00,2026-08-10T17:30:13.050000+02:00,3,COMPLETED,1294,Zbynek Pagac,1209,David Szotek,3,1,1294,Zbynek Pagac,,,2026-08-10T15:46:16.757000+00:00,SCHEDULED_START_PLUS_DURATION,2026-08-09T17:42:16.359403+00:00,2026-08-10T17:42:26.319685+00:00,d4933441f0cd48f7947739de62d15fec0501fe876cb151a0b474fa3ca238ed8f,api.league-pro.com,OK,c24616c9bd333fbfd0f302b93eeba0b7e1a9a16f3eae3154a059441672bdc362
302502,35839,Tournament A16. League 1000-1100,1000-1100,2026-08-10T15:30:14.017000+00:00,2026-08-10T09:30:14.017000-06:00,2026-08-10T17:30:14.017000+02:00,3,COMPLETED,996,Tadeas Zika,1020,Martin Biolek,3,1,996,Tadeas Zika,,,2026-08-10T15:54:03.512000+00:00,SCHEDULED_START_PLUS_DURATION,2026-08-09T17:42:16.359403+00:00,2026-08-10T17:42:26.319685+00:00,d4933441f0cd48f7947739de62d15fec0501fe876cb151a0b474fa3ca238ed8f,api.league-pro.com,OK,d3cbc50909e29766f09973a100a1f44c262f0c4e389c81699cfd1bff9584f865
302446,35832,Tournament A14. League 350-400,350-400,2026-08-10T15:31:08.776000+00:00,2026-08-10T09:31:08.776000-06:00,2026-08-10T17:31:08.776000+02:00,3,COMPLETED,1251,Leos Havrda,938,Jiri Hyrsl,1,3,938,Jiri Hyrsl,,,2026-08-10T15:51:46.326000+00:00,SCHEDULED_START_PLUS_DURATION,2026-08-09T17:42:16.359403+00:00,2026-08-10T17:42:26.319685+00:00,d4933441f0cd48f7947739de62d15fec0501fe876cb151a0b474fa3ca238ed8f,api.league-pro.com,OK,e16afc9f69225b825558287f6e9e3c14cd764eb9b39525d5f17c2fdb1ddfa299
302503,35839,Tournament A16. League 1000-1100,1000-1100,2026-08-10T16:00:03.017000+00:00,2026-08-10T10:00:03.017000-06:00,2026-08-10T18:00:03.017000+02:00,3,COMPLETED,1020,Martin Biolek,1702,Jan Szotkowski,1,3,1702,Jan Szotkowski,,,2026-08-10T16:23:17.133000+00:00,SCHEDULED_START_PLUS_DURATION,2026-08-09T17:42:16.359403+00:00,2026-08-10T17:42:26.319685+00:00,d4933441f0cd48f7947739de62d15fec0501fe876cb151a0b474fa3ca238ed8f,api.league-pro.com,OK,9025ed0abbfcfda3ff792ce80ef9bbada7cec3e939cad6bb7e1a93d97d92fa65
302479,35836,Tournament A17. League 600-700,600-700,2026-08-10T16:00:11.316000+00:00,2026-08-10T10:00:11.316000-06:00,2026-08-10T18:00:11.316000+02:00,3,COMPLETED,1078,Kyryl Darin,1418,Tomas Dousa,3,2,1078,Kyryl Darin,,,2026-08-10T16:21:55.114000+00:00,SCHEDULED_START_PLUS_DURATION,2026-08-09T17:42:16.359403+00:00,2026-08-10T17:42:26.319685+00:00,d4933441f0cd48f7947739de62d15fec0501fe876cb151a0b474fa3ca238ed8f,api.league-pro.com,OK,4f5b2a9d09df93d847858edf102769510ab6977c1498bc5fa2dccf5bce3ea0e6
302539,35843,Tournament A18. League 800-900,800-900,2026-08-10T16:00:13.723000+00:00,2026-08-10T10:00:13.723000-06:00,2026-08-10T18:00:13.723000+02:00,3,COMPLETED,1209,David Szotek,1875,Frantisek Nadymacek,0,3,1875,Frantisek Nadymacek,,,2026-08-10T16:11:35.797000+00:00,SCHEDULED_START_PLUS_DURATION,2026-08-09T17:42:16.359403+00:00,2026-08-10T17:42:26.319685+00:00,d4933441f0cd48f7947739de62d15fec0501fe876cb151a0b474fa3ca238ed8f,api.league-pro.com,OK,fd03fa1a0ff81107c517b90dd395b748e9ab989c49cf711b9528ffa75a8dfbcd
302415,35828,Tournament A12. League 1000-1100,1000-1100,2026-08-10T16:00:15.026000+00:00,2026-08-10T10:00:15.026000-06:00,2026-08-10T18:00:15.026000+02:00,3,COMPLETED,864,Tomas Postelt,688,Erik Mares,3,2,864,Tomas Postelt,,,2026-08-10T16:18:35.693000+00:00,SCHEDULED_START_PLUS_DURATION,2026-08-09T17:42:16.359403+00:00,2026-08-10T17:42:26.319685+00:00,d4933441f0cd48f7947739de62d15fec0501fe876cb151a0b474fa3ca238ed8f,api.league-pro.com,OK,631b0450d2fcbe95d433746a33d48ae8728a5cc672860ce5d5c4d7a85710fabb
302447,35832,Tournament A14. League 350-400,350-400,2026-08-10T16:01:29.358000+00:00,2026-08-10T10:01:29.358000-06:00,2026-08-10T18:01:29.358000+02:00,3,COMPLETED,938,Jiri Hyrsl,1416,Jindrich Vrba,3,0,938,Jiri Hyrsl,,,2026-08-10T16:16:34.600000+00:00,SCHEDULED_START_PLUS_DURATION,2026-08-09T17:42:16.359403+00:00,2026-08-10T17:42:26.319685+00:00,d4933441f0cd48f7947739de62d15fec0501fe876cb151a0b474fa3ca238ed8f,api.league-pro.com,OK,e1bf6f1ff29b06c499445804e6b5546510f2635328d3ffb441efc453ce267adc
302416,35828,Tournament A12. League 1000-1100,1000-1100,2026-08-10T16:30:07.098000+00:00,2026-08-10T10:30:07.098000-06:00,2026-08-10T18:30:07.098000+02:00,3,COMPLETED,854,Lukas Jindrak,1295,Vojtech Koubek,3,0,854,Lukas Jindrak,,,2026-08-10T16:40:57.477000+00:00,SCHEDULED_START_PLUS_DURATION,2026-08-09T17:42:16.359403+00:00,2026-08-10T17:42:26.319685+00:00,d4933441f0cd48f7947739de62d15fec0501fe876cb151a0b474fa3ca238ed8f,api.league-pro.com,OK,a31b7479cfd2be1ead2fc47c88738de2aaf04b8a92bd381d96605f1e73c9fc37
302480,35836,Tournament A17. League 600-700,600-700,2026-08-10T16:30:07.486000+00:00,2026-08-10T10:30:07.486000-06:00,2026-08-10T18:30:07.486000+02:00,3,COMPLETED,1173,Dominik Oborny,1725,Marcel Heczko,3,1,1173,Dominik Oborny,,,2026-08-10T16:46:25.838000+00:00,SCHEDULED_START_PLUS_DURATION,2026-08-09T17:42:16.359403+00:00,2026-08-10T17:42:26.319685+00:00,d4933441f0cd48f7947739de62d15fec0501fe876cb151a0b474fa3ca238ed8f,api.league-pro.com,OK,e3faf533db3fafaf6e703426d8c4237c026a50b87180ce30fe41b4b93ee60cf5
302540,35843,Tournament A18. League 800-900,800-900,2026-08-10T16:30:08.522000+00:00,2026-08-10T10:30:08.522000-06:00,2026-08-10T18:30:08.522000+02:00,3,COMPLETED,1709,Michal Chalupa,1294,Zbynek Pagac,3,2,1709,Michal Chalupa,,,2026-08-10T16:55:37.182000+00:00,SCHEDULED_START_PLUS_DURATION,2026-08-09T17:42:16.359403+00:00,2026-08-10T17:42:26.319685+00:00,d4933441f0cd48f7947739de62d15fec0501fe876cb151a0b474fa3ca238ed8f,api.league-pro.com,OK,eb3dfa83772828fffe483675f104f850708629b81d7a9047e300225e17e944db
302504,35839,Tournament A16. League 1000-1100,1000-1100,2026-08-10T16:30:09.779000+00:00,2026-08-10T10:30:09.779000-06:00,2026-08-10T18:30:09.779000+02:00,3,COMPLETED,1114,Michal Vavrecka,996,Tadeas Zika,2,3,996,Tadeas Zika,,,2026-08-10T16:48:07.674000+00:00,SCHEDULED_START_PLUS_DURATION,2026-08-09T17:42:16.359403+00:00,2026-08-10T17:42:26.319685+00:00,d4933441f0cd48f7947739de62d15fec0501fe876cb151a0b474fa3ca238ed8f,api.league-pro.com,OK,ed0c3e37e068555f69658dd5220e48cefa23c767ab2f3ca83ac01e0d843dee11
302448,35832,Tournament A14. League 350-400,350-400,2026-08-10T16:30:16.447000+00:00,2026-08-10T10:30:16.447000-06:00,2026-08-10T18:30:16.447000+02:00,3,COMPLETED,828,Jiri Svec,1251,Leos Havrda,3,1,828,Jiri Svec,,,2026-08-10T16:52:38.730000+00:00,SCHEDULED_START_PLUS_DURATION,2026-08-09T17:42:16.359403+00:00,2026-08-10T17:42:26.319685+00:00,d4933441f0cd48f7947739de62d15fec0501fe876cb151a0b474fa3ca238ed8f,api.league-pro.com,OK,9a92c734198ab0f4b4e07414688b99634ad5580ec67445a3195e5bf8f0943d03
302505,35839,Tournament A16. League 1000-1100,1000-1100,2026-08-10T17:00:28.945000+00:00,2026-08-10T11:00:28.945000-06:00,2026-08-10T19:00:28.945000+02:00,3,COMPLETED,1020,Martin Biolek,1114,Michal Vavrecka,2,3,1114,Michal Vavrecka,,,2026-08-10T17:22:39.717000+00:00,SCHEDULED_START_PLUS_DURATION,2026-08-09T17:42:16.359403+00:00,2026-08-10T17:42:26.319685+00:00,d4933441f0cd48f7947739de62d15fec0501fe876cb151a0b474fa3ca238ed8f,api.league-pro.com,OK,6519565fa681713d673e1385194cf26f8738c8d9dd7fac6743b2004108a28168
302481,35836,Tournament A17. League 600-700,600-700,2026-08-10T17:00:28.993000+00:00,2026-08-10T11:00:28.993000-06:00,2026-08-10T19:00:28.993000+02:00,3,COMPLETED,1418,Tomas Dousa,1725,Marcel Heczko,0,3,1725,Marcel Heczko,,,2026-08-10T17:09:56.351000+00:00,SCHEDULED_START_PLUS_DURATION,2026-08-09T17:42:16.359403+00:00,2026-08-10T17:42:26.319685+00:00,d4933441f0cd48f7947739de62d15fec0501fe876cb151a0b474fa3ca238ed8f,api.league-pro.com,OK,7856b2148407c3c829c8007d7c881d8fae669f424e8a2fec62a62c6db0e195da
302449,35832,Tournament A14. League 350-400,350-400,2026-08-10T17:00:32.057000+00:00,2026-08-10T11:00:32.057000-06:00,2026-08-10T19:00:32.057000+02:00,3,COMPLETED,1251,Leos Havrda,1416,Jindrich Vrba,3,1,1251,Leos Havrda,,,2026-08-10T17:19:44.341000+00:00,SCHEDULED_START_PLUS_DURATION,2026-08-09T17:42:16.359403+00:00,2026-08-10T17:42:26.319685+00:00,d4933441f0cd48f7947739de62d15fec0501fe876cb151a0b474fa3ca238ed8f,api.league-pro.com,OK,562b714461063eb416cb4b6dafc3a7d04ebb7cdb6a7171b3b6530eaea1acbec6
302417,35828,Tournament A12. League 1000-1100,1000-1100,2026-08-10T17:00:41.339000+00:00,2026-08-10T11:00:41.339000-06:00,2026-08-10T19:00:41.339000+02:00,3,COMPLETED,864,Tomas Postelt,688,Erik Mares,1,3,688,Erik Mares,,,2026-08-10T17:15:36.094000+00:00,SCHEDULED_START_PLUS_DURATION,2026-08-09T17:42:16.359403+00:00,2026-08-10T17:42:26.319685+00:00,d4933441f0cd48f7947739de62d15fec0501fe876cb151a0b474fa3ca238ed8f,api.league-pro.com,OK,74832ac0b1357dd6ad0aeff7c47adfeab94974cd466e258a3b94938a03564e14
302541,35843,Tournament A18. League 800-900,800-900,2026-08-10T17:04:21.920000+00:00,2026-08-10T11:04:21.920000-06:00,2026-08-10T19:04:21.920000+02:00,3,COMPLETED,1875,Frantisek Nadymacek,1209,David Szotek,2,3,1209,David Szotek,,,2026-08-10T17:24:54.403000+00:00,SCHEDULED_START_PLUS_DURATION,2026-08-09T17:42:16.359403+00:00,2026-08-10T17:42:26.319685+00:00,d4933441f0cd48f7947739de62d15fec0501fe876cb151a0b474fa3ca238ed8f,api.league-pro.com,OK,402c5f25865715b430902ca042511f2ce34744af122709f5c5580da391f9e5a2
302506,35839,Tournament A16. League 1000-1100,1000-1100,2026-08-10T17:30:05.810000+00:00,2026-08-10T11:30:05.810000-06:00,2026-08-10T19:30:05.810000+02:00,3,COMPLETED,996,Tadeas Zika,1702,Jan Szotkowski,2,3,1702,Jan Szotkowski,,,2026-08-10T17:51:28.648000+00:00,SCHEDULED_START_PLUS_DURATION,2026-08-09T17:42:16.359403+00:00,2026-08-11T05:42:16.341305+00:00,7aa68bedb00aba4bd70930adb33a70963142e2d62e59744e4214c72327755814,api.league-pro.com,OK,b0314e748d96c24a8363687db4e0e709e83b488b7cd43203ad554481d31914ea
302418,35828,Tournament A12. League 1000-1100,1000-1100,2026-08-10T17:30:09.236000+00:00,2026-08-10T11:30:09.236000-06:00,2026-08-10T19:30:09.236000+02:00,3,COMPLETED,854,Lukas Jindrak,1295,Vojtech Koubek,3,0,854,Lukas Jindrak,,,2026-08-10T17:39:27.002000+00:00,SCHEDULED_START_PLUS_DURATION,2026-08-09T17:42:16.359403+00:00,2026-08-10T17:42:26.319685+00:00,d4933441f0cd48f7947739de62d15fec0501fe876cb151a0b474fa3ca238ed8f,api.league-pro.com,OK,29bcc193c8eb5367233bbef532cd0ec14ec788d84de4daa7856cf3b07bc55cf2
302450,35832,Tournament A14. League 350-400,350-400,2026-08-10T17:30:13.923000+00:00,2026-08-10T11:30:13.923000-06:00,2026-08-10T19:30:13.923000+02:00,3,COMPLETED,938,Jiri Hyrsl,828,Jiri Svec,3,1,938,Jiri Hyrsl,,,2026-08-10T17:47:36.151000+00:00,SCHEDULED_START_PLUS_DURATION,2026-08-09T17:42:16.359403+00:00,2026-08-11T05:42:16.341305+00:00,7aa68bedb00aba4bd70930adb33a70963142e2d62e59744e4214c72327755814,api.league-pro.com,OK,dc2f4d4b049442f9d4de9b3bc6465281aa5416f22b25dd0931a65e943282f3f0
302482,35836,Tournament A17. League 600-700,600-700,2026-08-10T17:30:16.861000+00:00,2026-08-10T11:30:16.861000-06:00,2026-08-10T19:30:16.861000+02:00,3,COMPLETED,1173,Dominik Oborny,1078,Kyryl Darin,3,1,1173,Dominik Oborny,,,2026-08-10T17:45:46.347000+00:00,SCHEDULED_START_PLUS_DURATION,2026-08-09T17:42:16.359403+00:00,2026-08-11T05:42:16.341305+00:00,7aa68bedb00aba4bd70930adb33a70963142e2d62e59744e4214c72327755814,api.league-pro.com,OK,ffcdecd37fad36a3f775b37a8046fbf33f800093c70907d4906a6c5a7b5a9781
302542,35843,Tournament A18. League 800-900,800-900,2026-08-10T17:30:40.788000+00:00,2026-08-10T11:30:40.788000-06:00,2026-08-10T19:30:40.788000+02:00,3,COMPLETED,1294,Zbynek Pagac,1709,Michal Chalupa,3,2,1294,Zbynek Pagac,,,2026-08-10T17:56:23.152000+00:00,SCHEDULED_START_PLUS_DURATION,2026-08-09T17:42:16.359403+00:00,2026-08-11T05:42:16.341305+00:00,7aa68bedb00aba4bd70930adb33a70963142e2d62e59744e4214c72327755814,api.league-pro.com,OK,870c0a5bc12be5620fa1336a3345cbc3af695a563f3f64c6a5af4f3d9459a309
302543,35844,Tournament A18. League 550-600,550-600,2026-08-10T18:00:10.577000+00:00,2026-08-10T12:00:10.577000-06:00,2026-08-10T20:00:10.577000+02:00,3,COMPLETED,1724,Radim Adam,1858,Patrik Hanel,3,0,1724,Radim Adam,,,2026-08-10T18:13:55.839000+00:00,SCHEDULED_START_PLUS_DURATION,2026-08-09T17:42:16.359403+00:00,2026-08-11T05:42:16.341305+00:00,7aa68bedb00aba4bd70930adb33a70963142e2d62e59744e4214c72327755814,api.league-pro.com,OK,dbdc6162cad50801c72c9acefc4cbcf399242f4d575079cccf8a939f9f156b7a
302571,35847,Tournament A17. League 550-600,550-600,2026-08-10T18:00:11.428000+00:00,2026-08-10T12:00:11.428000-06:00,2026-08-10T20:00:11.428000+02:00,3,COMPLETED,1635,Julius Didi,1217,Martin Stefek,3,0,1635,Julius Didi,,,2026-08-10T18:13:56.709000+00:00,SCHEDULED_START_PLUS_DURATION,2026-08-09T17:42:16.359403+00:00,2026-08-11T05:42:16.341305+00:00,7aa68bedb00aba4bd70930adb33a70963142e2d62e59744e4214c72327755814,api.league-pro.com,OK,6efe992bc5af987da61ac1db18a405a42bfe9124bfb76811e92c85b96820305f
302507,35840,Tournament A16. League 600-700,600-700,2026-08-10T18:00:11.893000+00:00,2026-08-10T12:00:11.893000-06:00,2026-08-10T20:00:11.893000+02:00,3,COMPLETED,1177,Marek Volny,1844,Miroslav Kowolowski,3,1,1177,Marek Volny,,,2026-08-10T18:19:14.576000+00:00,SCHEDULED_START_PLUS_DURATION,2026-08-09T17:42:16.359403+00:00,2026-08-11T05:42:16.341305+00:00,7aa68bedb00aba4bd70930adb33a70963142e2d62e59744e4214c72327755814,api.league-pro.com,OK,e8f609b2038a05af230598097aa8016a182324930ca735cb640098f687dce5c7
302451,35833,Tournament A14. League 700-800,700-800,2026-08-10T18:00:14.232000+00:00,2026-08-10T12:00:14.232000-06:00,2026-08-10T20:00:14.232000+02:00,3,COMPLETED,1743,Adrian Walek,1714,Samuel Byrtus,1,3,1714,Samuel Byrtus,,,2026-08-10T18:18:41.984000+00:00,SCHEDULED_START_PLUS_DURATION,2026-08-09T17:42:16.359403+00:00,2026-08-11T05:42:16.341305+00:00,7aa68bedb00aba4bd70930adb33a70963142e2d62e59744e4214c72327755814,api.league-pro.com,OK,52a181b3dbf8173275dfdf7ce937efb46d0a18bfc50ffaf6a4ff35ab47ab7f1f
302419,35829,Tournament A12. League 900-1000,900-1000,2026-08-10T18:00:20.001000+00:00,2026-08-10T12:00:20.001000-06:00,2026-08-10T20:00:20.001000+02:00,3,COMPLETED,1128,Radim Urbaniec,1324,Ondrej Svacha,3,2,1128,Radim Urbaniec,,,2026-08-10T18:20:28.639000+00:00,SCHEDULED_START_PLUS_DURATION,2026-08-09T17:42:16.359403+00:00,2026-08-11T05:42:16.341305+00:00,7aa68bedb00aba4bd70930adb33a70963142e2d62e59744e4214c72327755814,api.league-pro.com,OK,ab779089bf66db86b5746e131c318148567f8d3c84389c81edbab91f90993109
302508,35840,Tournament A16. League 600-700,600-700,2026-08-10T18:30:03.214000+00:00,2026-08-10T12:30:03.214000-06:00,2026-08-10T20:30:03.214000+02:00,3,COMPLETED,1719,Lukas Velicka,1014,Jakub Levicky,2,3,1014,Jakub Levicky,,,2026-08-10T18:55:02.553000+00:00,SCHEDULED_START_PLUS_DURATION,2026-08-09T17:42:16.359403+00:00,2026-08-11T05:42:16.341305+00:00,7aa68bedb00aba4bd70930adb33a70963142e2d62e59744e4214c72327755814,api.league-pro.com,OK,dd0834444a10a4e0fc2119f2795fb632658c644b518a3e2e200e101e3712c721
302572,35847,Tournament A17. League 550-600,550-600,2026-08-10T18:30:08.073000+00:00,2026-08-10T12:30:08.073000-06:00,2026-08-10T20:30:08.073000+02:00,3,COMPLETED,1393,Milan Fisera,798,Radek Bartunek,3,0,1393,Milan Fisera,,,2026-08-10T18:44:03.532000+00:00,SCHEDULED_START_PLUS_DURATION,2026-08-09T17:42:16.359403+00:00,2026-08-11T05:42:16.341305+00:00,7aa68bedb00aba4bd70930adb33a70963142e2d62e59744e4214c72327755814,api.league-pro.com,OK,cb057854b6b275f5998aad3baf77fc76d6ccc47b49b86f6cb46748f80aa6586a
302544,35844,Tournament A18. League 550-600,550-600,2026-08-10T18:30:08.738000+00:00,2026-08-10T12:30:08.738000-06:00,2026-08-10T20:30:08.738000+02:00,3,COMPLETED,1788,Vitezslav Bosak,1736,Roman Guliak,3,1,1788,Vitezslav Bosak,,,2026-08-10T18:56:15.710000+00:00,SCHEDULED_START_PLUS_DURATION,2026-08-09T17:42:16.359403+00:00,2026-08-11T05:42:16.341305+00:00,7aa68bedb00aba4bd70930adb33a70963142e2d62e59744e4214c72327755814,api.league-pro.com,OK,c2a9b6a40b25de27e30769fcebcef2fd1edfab7cac32fdea947aca3f3919966b
302420,35829,Tournament A12. League 900-1000,900-1000,2026-08-10T18:30:10.820000+00:00,2026-08-10T12:30:10.820000-06:00,2026-08-10T20:30:10.820000+02:00,3,COMPLETED,711,Radek Rose,1869,Richard Wagner,3,2,711,Radek Rose,,,2026-08-10T18:53:57.412000+00:00,SCHEDULED_START_PLUS_DURATION,2026-08-09T17:42:16.359403+00:00,2026-08-11T05:42:16.341305+00:00,7aa68bedb00aba4bd70930adb33a70963142e2d62e59744e4214c72327755814,api.league-pro.com,OK,0e5ded06784f271cf8476712726d04e132e1d70f728a6eba299c57dfa5d59003
302452,35833,Tournament A14. League 700-800,700-800,2026-08-10T18:30:43.661000+00:00,2026-08-10T12:30:43.661000-06:00,2026-08-10T20:30:43.661000+02:00,3,COMPLETED,1757,David Heczko,824,Milan Kolar,3,1,1757,David Heczko,,,2026-08-10T19:03:57.657000+00:00,SCHEDULED_START_PLUS_DURATION,2026-08-09T17:42:16.359403+00:00,2026-08-11T05:42:16.341305+00:00,7aa68bedb00aba4bd70930adb33a70963142e2d62e59744e4214c72327755814,api.league-pro.com,OK,a1dc2697d1bf5bc7ca5095b3fb8813895b91751d9af295f1d9f5fc6e93ee0dac
302421,35829,Tournament A12. League 900-1000,900-1000,2026-08-10T19:00:11.025000+00:00,2026-08-10T13:00:11.025000-06:00,2026-08-10T21:00:11.025000+02:00,3,COMPLETED,1324,Ondrej Svacha,711,Radek Rose,3,0,1324,Ondrej Svacha,,,2026-08-10T19:12:24.939000+00:00,SCHEDULED_START_PLUS_DURATION,2026-08-09T17:42:16.359403+00:00,2026-08-11T05:42:16.341305+00:00,7aa68bedb00aba4bd70930adb33a70963142e2d62e59744e4214c72327755814,api.league-pro.com,OK,2c47135979e82b60cf92c1e067274f18c0b16d1d4aa966c4a05b4b42b43393c1
302509,35840,Tournament A16. League 600-700,600-700,2026-08-10T19:00:11.910000+00:00,2026-08-10T13:00:11.910000-06:00,2026-08-10T21:00:11.910000+02:00,3,COMPLETED,1844,Miroslav Kowolowski,1719,Lukas Velicka,3,1,1844,Miroslav Kowolowski,,,2026-08-10T19:19:14.783000+00:00,SCHEDULED_START_PLUS_DURATION,2026-08-09T17:42:16.359403+00:00,2026-08-11T05:42:16.341305+00:00,7aa68bedb00aba4bd70930adb33a70963142e2d62e59744e4214c72327755814,api.league-pro.com,OK,d1f9c2b4dcb549ff4bc173c624ba7902ea928d7a5dc95b7ec6720c74232ec581
302545,35844,Tournament A18. League 550-600,550-600,2026-08-10T19:00:17.395000+00:00,2026-08-10T13:00:17.395000-06:00,2026-08-10T21:00:17.395000+02:00,3,COMPLETED,1858,Patrik Hanel,1788,Vitezslav Bosak,3,2,1858,Patrik Hanel,,,2026-08-10T19:27:45.079000+00:00,SCHEDULED_START_PLUS_DURATION,2026-08-09T17:42:16.359403+00:00,2026-08-11T05:42:16.341305+00:00,7aa68bedb00aba4bd70930adb33a70963142e2d62e59744e4214c72327755814,api.league-pro.com,OK,60f27f641aac255470f0038e77eac00d2c7eae32d2dbc04d4f3c7faf0eb99ff2
302573,35847,Tournament A17. League 550-600,550-600,2026-08-10T19:00:38.597000+00:00,2026-08-10T13:00:38.597000-06:00,2026-08-10T21:00:38.597000+02:00,3,COMPLETED,1217,Martin Stefek,1393,Milan Fisera,3,2,1217,Martin Stefek,,,2026-08-10T19:26:58.867000+00:00,SCHEDULED_START_PLUS_DURATION,2026-08-09T17:42:16.359403+00:00,2026-08-11T05:42:16.341305+00:00,7aa68bedb00aba4bd70930adb33a70963142e2d62e59744e4214c72327755814,api.league-pro.com,OK,30e852c818a26b7fc09feb30845d8ff2e4635f53bf19a2f4a42deecb6acba8a5
302453,35833,Tournament A14. League 700-800,700-800,2026-08-10T19:07:01.807000+00:00,2026-08-10T13:07:01.807000-06:00,2026-08-10T21:07:01.807000+02:00,3,COMPLETED,1714,Samuel Byrtus,1757,David Heczko,3,2,1714,Samuel Byrtus,,,2026-08-10T19:24:26.540000+00:00,SCHEDULED_START_PLUS_DURATION,2026-08-09T17:42:16.359403+00:00,2026-08-11T05:42:16.341305+00:00,7aa68bedb00aba4bd70930adb33a70963142e2d62e59744e4214c72327755814,api.league-pro.com,OK,c315dadb2defdff9880655053035d79261199c43e8dece2f1071318f191b2e06
302510,35840,Tournament A16. League 600-700,600-700,2026-08-10T19:30:08.353000+00:00,2026-08-10T13:30:08.353000-06:00,2026-08-10T21:30:08.353000+02:00,3,COMPLETED,1014,Jakub Levicky,1177,Marek Volny,3,1,1014,Jakub Levicky,,,2026-08-10T19:50:38.291000+00:00,SCHEDULED_START_PLUS_DURATION,2026-08-09T17:42:16.359403+00:00,2026-08-11T05:42:16.341305+00:00,7aa68bedb00aba4bd70930adb33a70963142e2d62e59744e4214c72327755814,api.league-pro.com,OK,fb108191ee9a2ddbcbf58aca7208a335ecb74f13466c293bec0bd9a04e2251c2
302422,35829,Tournament A12. League 900-1000,900-1000,2026-08-10T19:30:08.481000+00:00,2026-08-10T13:30:08.481000-06:00,2026-08-10T21:30:08.481000+02:00,3,COMPLETED,1869,Richard Wagner,1128,Radim Urbaniec,1,3,1128,Radim Urbaniec,,,2026-08-10T19:42:19.277000+00:00,SCHEDULED_START_PLUS_DURATION,2026-08-09T17:42:16.359403+00:00,2026-08-11T05:42:16.341305+00:00,7aa68bedb00aba4bd70930adb33a70963142e2d62e59744e4214c72327755814,api.league-pro.com,OK,0ad9614c84b185b3bd1c79f4d6e624eec3d81c8eefe5cff5b1d2f2623eb8ae58
302574,35847,Tournament A17. League 550-600,550-600,2026-08-10T19:30:09.021000+00:00,2026-08-10T13:30:09.021000-06:00,2026-08-10T21:30:09.021000+02:00,3,COMPLETED,798,Radek Bartunek,1635,Julius Didi,3,2,798,Radek Bartunek,,,2026-08-10T19:59:27.821000+00:00,SCHEDULED_START_PLUS_DURATION,2026-08-09T17:42:16.359403+00:00,2026-08-11T05:42:16.341305+00:00,7aa68bedb00aba4bd70930adb33a70963142e2d62e59744e4214c72327755814,api.league-pro.com,OK,64c9441aeb045e2f8751c76a5b84b703f8137ab4e6eff4cb4884ab4b78ff924d
302454,35833,Tournament A14. League 700-800,700-800,2026-08-10T19:30:10.039000+00:00,2026-08-10T13:30:10.039000-06:00,2026-08-10T21:30:10.039000+02:00,3,COMPLETED,824,Milan Kolar,1743,Adrian Walek,1,3,1743,Adrian Walek,,,2026-08-10T19:49:55.406000+00:00,SCHEDULED_START_PLUS_DURATION,2026-08-09T17:42:16.359403+00:00,2026-08-11T05:42:16.341305+00:00,7aa68bedb00aba4bd70930adb33a70963142e2d62e59744e4214c72327755814,api.league-pro.com,OK,df68ce820891cd2572bd9c4169ac4e0bba0c93717067890512bf7eb8293415c4
302546,35844,Tournament A18. League 550-600,550-600,2026-08-10T19:30:10.851000+00:00,2026-08-10T13:30:10.851000-06:00,2026-08-10T21:30:10.851000+02:00,3,COMPLETED,1736,Roman Guliak,1724,Radim Adam,2,3,1724,Radim Adam,,,2026-08-10T19:54:17.505000+00:00,SCHEDULED_START_PLUS_DURATION,2026-08-09T17:42:16.359403+00:00,2026-08-11T05:42:16.341305+00:00,7aa68bedb00aba4bd70930adb33a70963142e2d62e59744e4214c72327755814,api.league-pro.com,OK,4090e21bc1c01e62c9ff86e2023732f016536e884fb78b7f8636fa1cea1ecfd7
302547,35844,Tournament A18. League 550-600,550-600,2026-08-10T20:00:08.983000+00:00,2026-08-10T14:00:08.983000-06:00,2026-08-10T22:00:08.983000+02:00,3,COMPLETED,1724,Radim Adam,1788,Vitezslav Bosak,3,0,1724,Radim Adam,,,2026-08-10T20:12:53.762000+00:00,SCHEDULED_START_PLUS_DURATION,2026-08-09T17:42:16.359403+00:00,2026-08-11T05:42:16.341305+00:00,7aa68bedb00aba4bd70930adb33a70963142e2d62e59744e4214c72327755814,api.league-pro.com,OK,3020770169b6b2ef4959ecc57c831961fb6b5064ea0ebf900c1f9708664fbaa4
302511,35840,Tournament A16. League 600-700,600-700,2026-08-10T20:00:11.518000+00:00,2026-08-10T14:00:11.518000-06:00,2026-08-10T22:00:11.518000+02:00,3,COMPLETED,1177,Marek Volny,1719,Lukas Velicka,3,1,1177,Marek Volny,,,2026-08-10T20:20:33.523000+00:00,SCHEDULED_START_PLUS_DURATION,2026-08-09T17:42:16.359403+00:00,2026-08-11T05:42:16.341305+00:00,7aa68bedb00aba4bd70930adb33a70963142e2d62e59744e4214c72327755814,api.league-pro.com,OK,4530aee670c04f202e7e1fb6194898b941a5d75f8ba7e9908d0e5aaaee30c68d
302455,35833,Tournament A14. League 700-800,700-800,2026-08-10T20:00:15.959000+00:00,2026-08-10T14:00:15.959000-06:00,2026-08-10T22:00:15.959000+02:00,3,COMPLETED,1743,Adrian Walek,1757,David Heczko,0,3,1757,David Heczko,,,2026-08-10T20:14:12.155000+00:00,SCHEDULED_START_PLUS_DURATION,2026-08-09T17:42:16.359403+00:00,2026-08-11T05:42:16.341305+00:00,7aa68bedb00aba4bd70930adb33a70963142e2d62e59744e4214c72327755814,api.league-pro.com,OK,984d0a53e604d60027006a7b5929cb82d0a09d5b8fa3354164075e7d08ea6507
302423,35829,Tournament A12. League 900-1000,900-1000,2026-08-10T20:00:22.256000+00:00,2026-08-10T14:00:22.256000-06:00,2026-08-10T22:00:22.256000+02:00,3,COMPLETED,1128,Radim Urbaniec,711,Radek Rose,0,3,711,Radek Rose,,,2026-08-10T20:16:33.807000+00:00,SCHEDULED_START_PLUS_DURATION,2026-08-09T17:42:16.359403+00:00,2026-08-11T05:42:16.341305+00:00,7aa68bedb00aba4bd70930adb33a70963142e2d62e59744e4214c72327755814,api.league-pro.com,OK,ae8d0e93e089cba341400ffee0cc365a19108fde4e45ff48ae1d1ef3725cce54
302575,35847,Tournament A17. League 550-600,550-600,2026-08-10T20:01:45.075000+00:00,2026-08-10T14:01:45.075000-06:00,2026-08-10T22:01:45.075000+02:00,3,COMPLETED,1635,Julius Didi,1393,Milan Fisera,3,2,1635,Julius Didi,,,2026-08-10T20:38:49.289000+00:00,SCHEDULED_START_PLUS_DURATION,2026-08-09T17:42:16.359403+00:00,2026-08-11T05:42:16.341305+00:00,7aa68bedb00aba4bd70930adb33a70963142e2d62e59744e4214c72327755814,api.league-pro.com,OK,c4192e8ccac9c7ec4a90c2f138d34e496026ce7d1f3118e34fe258141865a8bb
302548,35844,Tournament A18. League 550-600,550-600,2026-08-10T20:30:08.111000+00:00,2026-08-10T14:30:08.111000-06:00,2026-08-10T22:30:08.111000+02:00,3,COMPLETED,1858,Patrik Hanel,1736,Roman Guliak,2,3,1736,Roman Guliak,,,2026-08-10T20:53:59.996000+00:00,SCHEDULED_START_PLUS_DURATION,2026-08-09T17:42:16.359403+00:00,2026-08-11T05:42:16.341305+00:00,7aa68bedb00aba4bd70930adb33a70963142e2d62e59744e4214c72327755814,api.league-pro.com,OK,04c8833a91f88b786d61762f0dd4da55a8315c9ff515660528a4e9927c46213c
302512,35840,Tournament A16. League 600-700,600-700,2026-08-10T20:30:09.986000+00:00,2026-08-10T14:30:09.986000-06:00,2026-08-10T22:30:09.986000+02:00,3,COMPLETED,1844,Miroslav Kowolowski,1014,Jakub Levicky,1,3,1014,Jakub Levicky,,,2026-08-10T20:47:47.019000+00:00,SCHEDULED_START_PLUS_DURATION,2026-08-09T17:42:16.359403+00:00,2026-08-11T05:42:16.341305+00:00,7aa68bedb00aba4bd70930adb33a70963142e2d62e59744e4214c72327755814,api.league-pro.com,OK,5cda8c6006df3ba0d283c8f257193ca3504e5776fcbdbe3ccb9b721d1bf84d60
302424,35829,Tournament A12. League 900-1000,900-1000,2026-08-10T20:30:25.709000+00:00,2026-08-10T14:30:25.709000-06:00,2026-08-10T22:30:25.709000+02:00,3,COMPLETED,1324,Ondrej Svacha,1869,Richard Wagner,3,0,1324,Ondrej Svacha,,,2026-08-10T20:41:17.875000+00:00,SCHEDULED_START_PLUS_DURATION,2026-08-09T17:42:16.359403+00:00,2026-08-11T05:42:16.341305+00:00,7aa68bedb00aba4bd70930adb33a70963142e2d62e59744e4214c72327755814,api.league-pro.com,OK,05a64bb592d6dacf7ecb0f2f4cd404a6f0b9d8cd97b421dca05eb3e3df7ec33e
302456,35833,Tournament A14. League 700-800,700-800,2026-08-10T20:30:26.011000+00:00,2026-08-10T14:30:26.011000-06:00,2026-08-10T22:30:26.011000+02:00,3,COMPLETED,1714,Samuel Byrtus,824,Milan Kolar,3,2,1714,Samuel Byrtus,,,2026-08-10T21:08:00.469000+00:00,SCHEDULED_START_PLUS_DURATION,2026-08-09T17:42:16.359403+00:00,2026-08-11T05:42:16.341305+00:00,7aa68bedb00aba4bd70930adb33a70963142e2d62e59744e4214c72327755814,api.league-pro.com,OK,e26d8d4510abb90646ec8b6221f8bad4b230a0d54a1015cd74edb4a87f456afe
302576,35847,Tournament A17. League 550-600,550-600,2026-08-10T20:39:54.526000+00:00,2026-08-10T14:39:54.526000-06:00,2026-08-10T22:39:54.526000+02:00,3,COMPLETED,1217,Martin Stefek,798,Radek Bartunek,3,2,1217,Martin Stefek,,,2026-08-10T21:03:16.352000+00:00,SCHEDULED_START_PLUS_DURATION,2026-08-09T17:42:16.359403+00:00,2026-08-11T05:42:16.341305+00:00,7aa68bedb00aba4bd70930adb33a70963142e2d62e59744e4214c72327755814,api.league-pro.com,OK,829a1d1b2f37f5270d92b8f0bd8ffdd9b8431bf5b4f6190fe4c18f2b1daa200c
302425,35829,Tournament A12. League 900-1000,900-1000,2026-08-10T21:00:41.136000+00:00,2026-08-10T15:00:41.136000-06:00,2026-08-10T23:00:41.136000+02:00,3,COMPLETED,1128,Radim Urbaniec,1869,Richard Wagner,3,2,1128,Radim Urbaniec,,,2026-08-10T21:18:27.752000+00:00,SCHEDULED_START_PLUS_DURATION,2026-08-09T17:42:16.359403+00:00,2026-08-11T05:42:16.341305+00:00,7aa68bedb00aba4bd70930adb33a70963142e2d62e59744e4214c72327755814,api.league-pro.com,OK,1b07dfbbabc0244da80f80326ffadb4f4961098684a9db8632b499307c5bf383
302513,35840,Tournament A16. League 600-700,600-700,2026-08-10T21:00:43.205000+00:00,2026-08-10T15:00:43.205000-06:00,2026-08-10T23:00:43.205000+02:00,3,COMPLETED,1844,Miroslav Kowolowski,1719,Lukas Velicka,3,2,1844,Miroslav Kowolowski,,,2026-08-10T21:24:34.380000+00:00,SCHEDULED_START_PLUS_DURATION,2026-08-09T17:42:16.359403+00:00,2026-08-11T05:42:16.341305+00:00,7aa68bedb00aba4bd70930adb33a70963142e2d62e59744e4214c72327755814,api.league-pro.com,OK,60e8c5d07d9e4cd3a943f3a50e842ffcb6335828943023cd9df89eace988ca06
302549,35844,Tournament A18. League 550-600,550-600,2026-08-10T21:04:57.543000+00:00,2026-08-10T15:04:57.543000-06:00,2026-08-10T23:04:57.543000+02:00,3,COMPLETED,1788,Vitezslav Bosak,1858,Patrik Hanel,3,1,1788,Vitezslav Bosak,,,2026-08-10T21:33:08.470000+00:00,SCHEDULED_START_PLUS_DURATION,2026-08-09T17:42:16.359403+00:00,2026-08-11T05:42:16.341305+00:00,7aa68bedb00aba4bd70930adb33a70963142e2d62e59744e4214c72327755814,api.league-pro.com,OK,49a632933b15e5ad0a9653380839fbf694c46fd2d2a2dd7da52de67d23a54822
302577,35847,Tournament A17. League 550-600,550-600,2026-08-10T21:13:32.149000+00:00,2026-08-10T15:13:32.149000-06:00,2026-08-10T23:13:32.149000+02:00,3,COMPLETED,1393,Milan Fisera,798,Radek Bartunek,3,0,1393,Milan Fisera,,,2026-08-10T21:30:40.645000+00:00,SCHEDULED_START_PLUS_DURATION,2026-08-09T17:42:16.359403+00:00,2026-08-11T05:42:16.341305+00:00,7aa68bedb00aba4bd70930adb33a70963142e2d62e59744e4214c72327755814,api.league-pro.com,OK,89bea3f1dae64d6655dcd600bd705dbabee131a87c5671143e23cad482e25315
302457,35833,Tournament A14. League 700-800,700-800,2026-08-10T21:15:22.502000+00:00,2026-08-10T15:15:22.502000-06:00,2026-08-10T23:15:22.502000+02:00,3,COMPLETED,1743,Adrian Walek,824,Milan Kolar,3,0,1743,Adrian Walek,,,2026-08-10T21:28:03.614000+00:00,SCHEDULED_START_PLUS_DURATION,2026-08-09T17:42:16.359403+00:00,2026-08-11T05:42:16.341305+00:00,7aa68bedb00aba4bd70930adb33a70963142e2d62e59744e4214c72327755814,api.league-pro.com,OK,844324044f70483e9223fd6d86213546aa1d9631a8225e3689139ffaa2fd3d1e
302514,35840,Tournament A16. League 600-700,600-700,2026-08-10T21:30:08.641000+00:00,2026-08-10T15:30:08.641000-06:00,2026-08-10T23:30:08.641000+02:00,3,COMPLETED,1014,Jakub Levicky,1177,Marek Volny,2,3,1177,Marek Volny,,,2026-08-10T21:52:08.420000+00:00,SCHEDULED_START_PLUS_DURATION,2026-08-09T17:42:16.359403+00:00,2026-08-11T05:42:16.341305+00:00,7aa68bedb00aba4bd70930adb33a70963142e2d62e59744e4214c72327755814,api.league-pro.com,OK,6d8156fbf797423d09088425d721b9c8b5da67959b7ca1492092b010836615b6
302426,35829,Tournament A12. League 900-1000,900-1000,2026-08-10T21:30:35.768000+00:00,2026-08-10T15:30:35.768000-06:00,2026-08-10T23:30:35.768000+02:00,3,COMPLETED,1324,Ondrej Svacha,711,Radek Rose,3,1,1324,Ondrej Svacha,,,2026-08-10T21:51:34.999000+00:00,SCHEDULED_START_PLUS_DURATION,2026-08-09T17:42:16.359403+00:00,2026-08-11T05:42:16.341305+00:00,7aa68bedb00aba4bd70930adb33a70963142e2d62e59744e4214c72327755814,api.league-pro.com,OK,5d83737d37a1673849e932c062060983109d10b65ca0bfa3318e26e66e56fcfb
302458,35833,Tournament A14. League 700-800,700-800,2026-08-10T21:30:50.057000+00:00,2026-08-10T15:30:50.057000-06:00,2026-08-10T23:30:50.057000+02:00,3,COMPLETED,1714,Samuel Byrtus,1757,David Heczko,3,1,1714,Samuel Byrtus,,,2026-08-10T21:46:40.808000+00:00,SCHEDULED_START_PLUS_DURATION,2026-08-09T17:42:16.359403+00:00,2026-08-11T05:42:16.341305+00:00,7aa68bedb00aba4bd70930adb33a70963142e2d62e59744e4214c72327755814,api.league-pro.com,OK,a6cddd35eb10cb69722e4d5504bcac24acc21210eb8b4014355d89a6b194c94a
302578,35847,Tournament A17. League 550-600,550-600,2026-08-10T21:32:16.917000+00:00,2026-08-10T15:32:16.917000-06:00,2026-08-10T23:32:16.917000+02:00,3,COMPLETED,1635,Julius Didi,1217,Martin Stefek,3,2,1635,Julius Didi,,,2026-08-10T21:50:26.687000+00:00,SCHEDULED_START_PLUS_DURATION,2026-08-09T17:42:16.359403+00:00,2026-08-11T05:42:16.341305+00:00,7aa68bedb00aba4bd70930adb33a70963142e2d62e59744e4214c72327755814,api.league-pro.com,OK,459b7e0494bf8389be67939f9b0c037de8539831ba437369bad19d16cbe313b8
302550,35844,Tournament A18. League 550-600,550-600,2026-08-10T21:35:16.514000+00:00,2026-08-10T15:35:16.514000-06:00,2026-08-10T23:35:16.514000+02:00,3,COMPLETED,1724,Radim Adam,1736,Roman Guliak,0,3,1736,Roman Guliak,,,2026-08-10T21:48:53.108000+00:00,SCHEDULED_START_PLUS_DURATION,2026-08-09T17:42:16.359403+00:00,2026-08-11T05:42:16.341305+00:00,7aa68bedb00aba4bd70930adb33a70963142e2d62e59744e4214c72327755814,api.league-pro.com,OK,abab6cf4bd19f205f4e4d4b0ed1fa9505f62f081e0de6e7f81bdeb82862953c6
302559,35846,Tournament A14. League 700-800,700-800,2026-08-10T22:00:02.874000+00:00,2026-08-10T16:00:02.874000-06:00,2026-08-11T00:00:02.874000+02:00,3,COMPLETED,863,Daniel Tuma,1425,Petr Zmuda,0,3,1425,Petr Zmuda,,,2026-08-10T22:11:58.738000+00:00,SCHEDULED_START_PLUS_DURATION,2026-08-10T17:42:26.319685+00:00,2026-08-11T05:42:16.341305+00:00,7aa68bedb00aba4bd70930adb33a70963142e2d62e59744e4214c72327755814,api.league-pro.com,OK,0fdc79dcbbad83ca54612be6e2472afc86468f20c36be77fcec94e230873a0c5
302579,35848,Tournament A17. League 600-700,600-700,2026-08-10T22:00:24.718000+00:00,2026-08-10T16:00:24.718000-06:00,2026-08-11T00:00:24.718000+02:00,3,COMPLETED,950,Jan Varcl,834,Tomas Andrle,1,3,834,Tomas Andrle,,,2026-08-10T22:15:15.560000+00:00,SCHEDULED_START_PLUS_DURATION,2026-08-10T17:42:26.319685+00:00,2026-08-11T05:42:16.341305+00:00,7aa68bedb00aba4bd70930adb33a70963142e2d62e59744e4214c72327755814,api.league-pro.com,OK,ee779288403a7b3205f0f32f8bab30e00de4a9e12c01aca0e1b1e4f8d6eeea0b
302515,35841,Tournament A12. League 500-550,500-550,2026-08-10T22:00:56.075000+00:00,2026-08-10T16:00:56.075000-06:00,2026-08-11T00:00:56.075000+02:00,3,COMPLETED,1285,Jan Pleskot,1341,Michal Syroha,3,2,1285,Jan Pleskot,,,2026-08-10T22:30:35.670000+00:00,SCHEDULED_START_PLUS_DURATION,2026-08-10T17:42:26.319685+00:00,2026-08-11T05:42:16.341305+00:00,7aa68bedb00aba4bd70930adb33a70963142e2d62e59744e4214c72327755814,api.league-pro.com,OK,e55a3664f7a43a9229eeece76f5b683732e1ce991f24222b69c78629140a1a2d
302580,35848,Tournament A17. League 600-700,600-700,2026-08-10T22:30:02.046000+00:00,2026-08-10T16:30:02.046000-06:00,2026-08-11T00:30:02.046000+02:00,3,COMPLETED,1412,Jan Steffan,805,Ondrej Kucirek,3,1,1412,Jan Steffan,,,2026-08-10T22:46:14.257000+00:00,SCHEDULED_START_PLUS_DURATION,2026-08-10T17:42:26.319685+00:00,2026-08-11T05:42:16.341305+00:00,7aa68bedb00aba4bd70930adb33a70963142e2d62e59744e4214c72327755814,api.league-pro.com,OK,828019f1175b36574319fa00018d480c2e58ac50790854e989640724283712b9
302560,35846,Tournament A14. League 700-800,700-800,2026-08-10T22:30:11.492000+00:00,2026-08-10T16:30:11.492000-06:00,2026-08-11T00:30:11.492000+02:00,3,COMPLETED,875,Martin Sobisek,1403,Ales Hlawatschke,3,1,875,Martin Sobisek,,,2026-08-10T22:48:15.058000+00:00,SCHEDULED_START_PLUS_DURATION,2026-08-10T17:42:26.319685+00:00,2026-08-11T05:42:16.341305+00:00,7aa68bedb00aba4bd70930adb33a70963142e2d62e59744e4214c72327755814,api.league-pro.com,OK,9ace68bc52d6c10002dfdfd3749d43b2844113c85548144caba7c33b0e2bb81b
302516,35841,Tournament A12. League 500-550,500-550,2026-08-10T22:34:17.329000+00:00,2026-08-10T16:34:17.329000-06:00,2026-08-11T00:34:17.329000+02:00,3,COMPLETED,894,Lubor Sulava,1566,Vaclav Kosar,3,0,894,Lubor Sulava,,,2026-08-10T22:47:51.936000+00:00,SCHEDULED_START_PLUS_DURATION,2026-08-10T17:42:26.319685+00:00,2026-08-11T05:42:16.341305+00:00,7aa68bedb00aba4bd70930adb33a70963142e2d62e59744e4214c72327755814,api.league-pro.com,OK,5087e55e1163ae90c0f188151547cacbd9989c12fea84544610ef340e3958a51
302581,35848,Tournament A17. League 600-700,600-700,2026-08-10T22:59:47.399000+00:00,2026-08-10T16:59:47.399000-06:00,2026-08-11T00:59:47.399000+02:00,3,COMPLETED,834,Tomas Andrle,1545,Yurii Holovatiuk,3,2,834,Tomas Andrle,,,2026-08-10T23:24:31.575000+00:00,SCHEDULED_START_PLUS_DURATION,2026-08-10T17:42:26.319685+00:00,2026-08-11T05:42:16.341305+00:00,7aa68bedb00aba4bd70930adb33a70963142e2d62e59744e4214c72327755814,api.league-pro.com,OK,615756442c00e142f04a5352673ca45540bc30c4a36853e514cd5f8f73b2c428
302561,35846,Tournament A14. League 700-800,700-800,2026-08-10T23:00:15.443000+00:00,2026-08-10T17:00:15.443000-06:00,2026-08-11T01:00:15.443000+02:00,3,COMPLETED,1425,Petr Zmuda,843,Tomas Janata,0,3,843,Tomas Janata,,,2026-08-10T23:15:44.718000+00:00,SCHEDULED_START_PLUS_DURATION,2026-08-10T17:42:26.319685+00:00,2026-08-11T05:42:16.341305+00:00,7aa68bedb00aba4bd70930adb33a70963142e2d62e59744e4214c72327755814,api.league-pro.com,OK,35d3ed47c784b152d7fa4c58168c1ecffca96bcb5eebbbe17f7e26a8ba72b9a0
302517,35841,Tournament A12. League 500-550,500-550,2026-08-10T23:00:19.313000+00:00,2026-08-10T17:00:19.313000-06:00,2026-08-11T01:00:19.313000+02:00,3,COMPLETED,1341,Michal Syroha,812,Rostislav Hasmanda,2,3,812,Rostislav Hasmanda,,,2026-08-10T23:30:15.029000+00:00,SCHEDULED_START_PLUS_DURATION,2026-08-10T17:42:26.319685+00:00,2026-08-11T05:42:16.341305+00:00,7aa68bedb00aba4bd70930adb33a70963142e2d62e59744e4214c72327755814,api.league-pro.com,OK,a922c6823a28a8a15c321cbf3398fc72649b68688dd9676775e68cdf63ebcb52
302582,35848,Tournament A17. League 600-700,600-700,2026-08-10T23:30:00.266000+00:00,2026-08-10T17:30:00.266000-06:00,2026-08-11T01:30:00.266000+02:00,3,COMPLETED,950,Jan Varcl,1412,Jan Steffan,0,3,1412,Jan Steffan,,,2026-08-10T23:43:21.939000+00:00,SCHEDULED_START_PLUS_DURATION,2026-08-10T17:42:26.319685+00:00,2026-08-11T05:42:16.341305+00:00,7aa68bedb00aba4bd70930adb33a70963142e2d62e59744e4214c72327755814,api.league-pro.com,OK,3f516ba0e8520980c9ae9639d666ace3146b11968ff9a32f4d10d0ce9f3a4eb9
302562,35846,Tournament A14. League 700-800,700-800,2026-08-10T23:30:12.483000+00:00,2026-08-10T17:30:12.483000-06:00,2026-08-11T01:30:12.483000+02:00,3,COMPLETED,863,Daniel Tuma,875,Martin Sobisek,2,3,875,Martin Sobisek,,,2026-08-10T23:51:26.331000+00:00,SCHEDULED_START_PLUS_DURATION,2026-08-10T17:42:26.319685+00:00,2026-08-11T05:42:16.341305+00:00,7aa68bedb00aba4bd70930adb33a70963142e2d62e59744e4214c72327755814,api.league-pro.com,OK,637209e1707e9f8460a20503210c402864f5ba7ab0c5fabc36b94faa3a44831a
302518,35841,Tournament A12. League 500-550,500-550,2026-08-10T23:33:53.502000+00:00,2026-08-10T17:33:53.502000-06:00,2026-08-11T01:33:53.502000+02:00,3,COMPLETED,1285,Jan Pleskot,894,Lubor Sulava,0,3,894,Lubor Sulava,,,2026-08-10T23:46:53.416000+00:00,SCHEDULED_START_PLUS_DURATION,2026-08-10T17:42:26.319685+00:00,2026-08-11T05:42:16.341305+00:00,7aa68bedb00aba4bd70930adb33a70963142e2d62e59744e4214c72327755814,api.league-pro.com,OK,db3417214a814dfeb1e238ae2f53459df48453e155198981e2959a5174783cab
302583,35848,Tournament A17. League 600-700,600-700,2026-08-10T23:59:52.120000+00:00,2026-08-10T17:59:52.120000-06:00,2026-08-11T01:59:52.120000+02:00,3,COMPLETED,1545,Yurii Holovatiuk,805,Ondrej Kucirek,0,3,805,Ondrej Kucirek,,,2026-08-11T00:10:48.501000+00:00,SCHEDULED_START_PLUS_DURATION,2026-08-10T17:42:26.319685+00:00,2026-08-11T05:42:16.341305+00:00,7aa68bedb00aba4bd70930adb33a70963142e2d62e59744e4214c72327755814,api.league-pro.com,OK,2a7321a359ef43e892d766c5472bba4f6e85b5f311d15adb422a34e942775d7a
