match_id,tournament_id,tournament_name,league_band,scheduled_start_utc,scheduled_start_mountain,scheduled_start_prague,official_status,normalized_status,player_1_id,player_1_name,player_2_id,player_2_name,player_1_sets,player_2_sets,winner_player_id,winner_player_name,set_scores,completed_at_utc,calculated_finish_utc,calculated_finish_method,first_seen_at_utc,last_changed_at_utc,source_snapshot_id,source,data_quality,content_hash
205216,24427,Tournament A12. league 550-600,,2025-04-04T00:00:00+00:00,2025-04-03T18:00:00-06:00,2025-04-04T02:00:00+02:00,3,COMPLETED,1198,Vlastimil Pszczolka,805,Ondrej Kucirek,3,1,1198,Vlastimil Pszczolka,,,2025-04-04T00:18:29+00:00,SCHEDULED_START_PLUS_DURATION,2026-08-15T13:36:43.615280+00:00,2026-08-15T13:36:43.615280+00:00,9159bb08a9097485a81138d7ca55f213d24ad1c18e5f2c3185c13df86a35fb84,api.league-pro.com,OK,f8ff4b82ccd5a6e5493e65202ede50c22fd0a3968855bba98f7564f8de2af40a
205250,24432,Tournament A14. league 450-500,,2025-04-04T00:00:00+00:00,2025-04-03T18:00:00-06:00,2025-04-04T02:00:00+02:00,3,COMPLETED,937,Pavel Sprynar,1224,Stanislav Mazanek,0,3,1224,Stanislav Mazanek,,,2025-04-04T00:11:21+00:00,SCHEDULED_START_PLUS_DURATION,2026-08-15T13:36:43.615280+00:00,2026-08-15T13:36:43.615280+00:00,9159bb08a9097485a81138d7ca55f213d24ad1c18e5f2c3185c13df86a35fb84,api.league-pro.com,OK,3131f154c2f532ca78170b5acf29de136a3d8f75db9ea494bf9d6c64ce76c078
205308,24441,Tournament A17. league 800-900,,2025-04-04T00:00:00+00:00,2025-04-03T18:00:00-06:00,2025-04-04T02:00:00+02:00,3,COMPLETED,1114,Michal Vavrecka,809,Michal Regner,3,2,1114,Michal Vavrecka,,,2025-04-04T00:22:49+00:00,SCHEDULED_START_PLUS_DURATION,2026-08-15T13:36:43.615280+00:00,2026-08-15T13:36:43.615280+00:00,9159bb08a9097485a81138d7ca55f213d24ad1c18e5f2c3185c13df86a35fb84,api.league-pro.com,OK,23e8929c29a04c9a2c4e6510827bcb8b00a484466545d314dbed9f3ded8188c2
205217,24427,Tournament A12. league 550-600,,2025-04-04T00:30:00+00:00,2025-04-03T18:30:00-06:00,2025-04-04T02:30:00+02:00,3,COMPLETED,1412,Jan Steffan,1015,Michal Vedmoch,0,3,1015,Michal Vedmoch,,,2025-04-04T00:40:49+00:00,SCHEDULED_START_PLUS_DURATION,2026-08-15T13:36:43.615280+00:00,2026-08-15T13:36:43.615280+00:00,9159bb08a9097485a81138d7ca55f213d24ad1c18e5f2c3185c13df86a35fb84,api.league-pro.com,OK,a4963f2e865d20e6bcee60e8d809c492d0524f06aa6dfafc097af1586f736a94
205251,24432,Tournament A14. league 450-500,,2025-04-04T00:30:00+00:00,2025-04-03T18:30:00-06:00,2025-04-04T02:30:00+02:00,3,COMPLETED,1341,Michal Syroha,1321,Alexander Hejduk,0,3,1321,Alexander Hejduk,,,2025-04-04T00:47:06+00:00,SCHEDULED_START_PLUS_DURATION,2026-08-15T13:36:43.615280+00:00,2026-08-15T13:36:43.615280+00:00,9159bb08a9097485a81138d7ca55f213d24ad1c18e5f2c3185c13df86a35fb84,api.league-pro.com,OK,cdb7953d3b7da1552506333af8a1669c95dff6c4173abd9a9b92bcded26587f3
205309,24441,Tournament A17. league 800-900,,2025-04-04T00:30:00+00:00,2025-04-03T18:30:00-06:00,2025-04-04T02:30:00+02:00,3,COMPLETED,714,Jiri Louda,685,Ales Bayer,2,3,685,Ales Bayer,,,2025-04-04T00:56:40+00:00,SCHEDULED_START_PLUS_DURATION,2026-08-15T13:36:43.615280+00:00,2026-08-15T13:36:43.615280+00:00,9159bb08a9097485a81138d7ca55f213d24ad1c18e5f2c3185c13df86a35fb84,api.league-pro.com,OK,ab779937b1a8f8951654e901643df091d62e56e3e48523ed94870987f37bc92c
205218,24427,Tournament A12. league 550-600,,2025-04-04T01:00:00+00:00,2025-04-03T19:00:00-06:00,2025-04-04T03:00:00+02:00,3,COMPLETED,805,Ondrej Kucirek,1078,Kyryl Darin,3,1,805,Ondrej Kucirek,,,2025-04-04T01:15:56+00:00,SCHEDULED_START_PLUS_DURATION,2026-08-15T13:36:43.615280+00:00,2026-08-15T13:36:43.615280+00:00,9159bb08a9097485a81138d7ca55f213d24ad1c18e5f2c3185c13df86a35fb84,api.league-pro.com,OK,e16be1e69de826b1783a283e9bc127b294ee3ec35944788335cf9c03e1f72e95
205252,24432,Tournament A14. league 450-500,,2025-04-04T01:00:00+00:00,2025-04-03T19:00:00-06:00,2025-04-04T03:00:00+02:00,3,COMPLETED,1224,Stanislav Mazanek,1603,Oleg Vitrovyj,3,2,1224,Stanislav Mazanek,,,2025-04-04T01:21:33+00:00,SCHEDULED_START_PLUS_DURATION,2026-08-15T13:36:43.615280+00:00,2026-08-15T13:36:43.615280+00:00,9159bb08a9097485a81138d7ca55f213d24ad1c18e5f2c3185c13df86a35fb84,api.league-pro.com,OK,06231a08ec8da576d0a9d883eb1c21399316a7d85a61be11761aadeaff9c1b3a
205310,24441,Tournament A17. league 800-900,,2025-04-04T01:00:00+00:00,2025-04-03T19:00:00-06:00,2025-04-04T03:00:00+02:00,3,COMPLETED,809,Michal Regner,1294,Zbynek Pagac,1,3,1294,Zbynek Pagac,,,2025-04-04T01:13:06+00:00,SCHEDULED_START_PLUS_DURATION,2026-08-15T13:36:43.615280+00:00,2026-08-15T13:36:43.615280+00:00,9159bb08a9097485a81138d7ca55f213d24ad1c18e5f2c3185c13df86a35fb84,api.league-pro.com,OK,16ad4230089ffd31b80a7188f12c76f31456b58035aca8ba45dca853f225a681
205219,24427,Tournament A12. league 550-600,,2025-04-04T01:30:00+00:00,2025-04-03T19:30:00-06:00,2025-04-04T03:30:00+02:00,3,COMPLETED,1015,Michal Vedmoch,1198,Vlastimil Pszczolka,1,3,1198,Vlastimil Pszczolka,,,2025-04-04T01:44:44+00:00,SCHEDULED_START_PLUS_DURATION,2026-08-15T13:36:43.615280+00:00,2026-08-15T13:36:43.615280+00:00,9159bb08a9097485a81138d7ca55f213d24ad1c18e5f2c3185c13df86a35fb84,api.league-pro.com,OK,ad7cf2b6e8043fb5c82ed5e8de32a9110ee39049ca72812711c54ccb595c2499
205253,24432,Tournament A14. league 450-500,,2025-04-04T01:30:00+00:00,2025-04-03T19:30:00-06:00,2025-04-04T03:30:00+02:00,3,COMPLETED,1321,Alexander Hejduk,937,Pavel Sprynar,2,3,937,Pavel Sprynar,,,2025-04-04T01:55:25+00:00,SCHEDULED_START_PLUS_DURATION,2026-08-15T13:36:43.615280+00:00,2026-08-15T13:36:43.615280+00:00,9159bb08a9097485a81138d7ca55f213d24ad1c18e5f2c3185c13df86a35fb84,api.league-pro.com,OK,52d106175ef8103221a213b9660682c53dd226d4ff871b395d2a142bb78180f1
205311,24441,Tournament A17. league 800-900,,2025-04-04T01:30:00+00:00,2025-04-03T19:30:00-06:00,2025-04-04T03:30:00+02:00,3,COMPLETED,685,Ales Bayer,1114,Michal Vavrecka,2,3,1114,Michal Vavrecka,,,2025-04-04T01:55:35+00:00,SCHEDULED_START_PLUS_DURATION,2026-08-15T13:36:43.615280+00:00,2026-08-15T13:36:43.615280+00:00,9159bb08a9097485a81138d7ca55f213d24ad1c18e5f2c3185c13df86a35fb84,api.league-pro.com,OK,2ea7a90d12d6e229e3fce7651170cf61f171a44052a281ef3a9d91b36a779838
205220,24427,Tournament A12. league 550-600,,2025-04-04T02:00:00+00:00,2025-04-03T20:00:00-06:00,2025-04-04T04:00:00+02:00,3,COMPLETED,805,Ondrej Kucirek,1412,Jan Steffan,0,3,1412,Jan Steffan,,,2025-04-04T02:10:15+00:00,SCHEDULED_START_PLUS_DURATION,2026-08-15T13:36:43.615280+00:00,2026-08-15T13:36:43.615280+00:00,9159bb08a9097485a81138d7ca55f213d24ad1c18e5f2c3185c13df86a35fb84,api.league-pro.com,OK,59b680063602940a4d3f4f1640778b3acd3fe21ed6b6723d96a23286153a5ce3
205254,24432,Tournament A14. league 450-500,,2025-04-04T02:00:00+00:00,2025-04-03T20:00:00-06:00,2025-04-04T04:00:00+02:00,3,COMPLETED,1224,Stanislav Mazanek,1341,Michal Syroha,3,1,1224,Stanislav Mazanek,,,2025-04-04T02:16:14+00:00,SCHEDULED_START_PLUS_DURATION,2026-08-15T13:36:43.615280+00:00,2026-08-15T13:36:43.615280+00:00,9159bb08a9097485a81138d7ca55f213d24ad1c18e5f2c3185c13df86a35fb84,api.league-pro.com,OK,098675dfc26078120cb3c0a40f2f5861e2ed036d107117e3629113137973134e
205312,24441,Tournament A17. league 800-900,,2025-04-04T02:00:00+00:00,2025-04-03T20:00:00-06:00,2025-04-04T04:00:00+02:00,3,COMPLETED,809,Michal Regner,714,Jiri Louda,3,0,809,Michal Regner,,,2025-04-04T02:14:27+00:00,SCHEDULED_START_PLUS_DURATION,2026-08-15T13:36:43.615280+00:00,2026-08-15T13:36:43.615280+00:00,9159bb08a9097485a81138d7ca55f213d24ad1c18e5f2c3185c13df86a35fb84,api.league-pro.com,OK,e5a26da2fe2910fca88842e3bf2c4234bd4971510c20e0307dfa5dfc6fe4734f
205221,24427,Tournament A12. league 550-600,,2025-04-04T02:30:00+00:00,2025-04-03T20:30:00-06:00,2025-04-04T04:30:00+02:00,3,COMPLETED,1198,Vlastimil Pszczolka,1078,Kyryl Darin,3,2,1198,Vlastimil Pszczolka,,,2025-04-04T02:51:25+00:00,SCHEDULED_START_PLUS_DURATION,2026-08-15T13:36:43.615280+00:00,2026-08-15T13:36:43.615280+00:00,9159bb08a9097485a81138d7ca55f213d24ad1c18e5f2c3185c13df86a35fb84,api.league-pro.com,OK,f369aa2f5e7dbaadbe76557d0e6f5d14507b45daf76cd29ef59bc2426bb9681a
205255,24432,Tournament A14. league 450-500,,2025-04-04T02:30:00+00:00,2025-04-03T20:30:00-06:00,2025-04-04T04:30:00+02:00,3,COMPLETED,937,Pavel Sprynar,1603,Oleg Vitrovyj,3,1,937,Pavel Sprynar,,,2025-04-04T02:46:38+00:00,SCHEDULED_START_PLUS_DURATION,2026-08-15T13:36:43.615280+00:00,2026-08-15T13:36:43.615280+00:00,9159bb08a9097485a81138d7ca55f213d24ad1c18e5f2c3185c13df86a35fb84,api.league-pro.com,OK,cec50a1ca8074497f8f7edd41a38ae320b9288e80b3e52372250de547f7b63e2
205313,24441,Tournament A17. league 800-900,,2025-04-04T02:30:00+00:00,2025-04-03T20:30:00-06:00,2025-04-04T04:30:00+02:00,3,COMPLETED,1114,Michal Vavrecka,1294,Zbynek Pagac,3,0,1114,Michal Vavrecka,,,2025-04-04T02:38:48+00:00,SCHEDULED_START_PLUS_DURATION,2026-08-15T13:36:43.615280+00:00,2026-08-15T13:36:43.615280+00:00,9159bb08a9097485a81138d7ca55f213d24ad1c18e5f2c3185c13df86a35fb84,api.league-pro.com,OK,ae2b08efa0a00860bbefad2690326e83909a64a194fcc86cb368fc48686b0a17
205578,24427,Tournament A12. league 550-600,,2025-04-04T03:00:00+00:00,2025-04-03T21:00:00-06:00,2025-04-04T05:00:00+02:00,3,COMPLETED,1412,Jan Steffan,1078,Kyryl Darin,0,3,1078,Kyryl Darin,,,2025-04-04T03:09:56+00:00,SCHEDULED_START_PLUS_DURATION,2026-08-15T13:36:43.615280+00:00,2026-08-15T13:36:43.615280+00:00,9159bb08a9097485a81138d7ca55f213d24ad1c18e5f2c3185c13df86a35fb84,api.league-pro.com,OK,c844253de39ceb34aa38f7e356dee17df69da0dc281f1b311f517841fcd36d33
205576,24432,Tournament A14. league 450-500,,2025-04-04T03:00:00+00:00,2025-04-03T21:00:00-06:00,2025-04-04T05:00:00+02:00,3,COMPLETED,1321,Alexander Hejduk,1603,Oleg Vitrovyj,1,3,1603,Oleg Vitrovyj,,,2025-04-04T03:24:03+00:00,SCHEDULED_START_PLUS_DURATION,2026-08-15T13:36:43.615280+00:00,2026-08-15T13:36:43.615280+00:00,9159bb08a9097485a81138d7ca55f213d24ad1c18e5f2c3185c13df86a35fb84,api.league-pro.com,OK,a3dfbf59546f68113698d47ebfd28d0edbcb22a748af1d9632fe625e05bf3be7
205574,24441,Tournament A17. league 800-900,,2025-04-04T03:00:00+00:00,2025-04-03T21:00:00-06:00,2025-04-04T05:00:00+02:00,3,COMPLETED,1294,Zbynek Pagac,809,Michal Regner,3,1,1294,Zbynek Pagac,,,2025-04-04T03:16:00+00:00,SCHEDULED_START_PLUS_DURATION,2026-08-15T13:36:43.615280+00:00,2026-08-15T13:36:43.615280+00:00,9159bb08a9097485a81138d7ca55f213d24ad1c18e5f2c3185c13df86a35fb84,api.league-pro.com,OK,0e97443b244e7183e043ae8a8e8bb13af6cdc681b7501fdba2c8e7631d9a1840
205579,24427,Tournament A12. league 550-600,,2025-04-04T03:30:00+00:00,2025-04-03T21:30:00-06:00,2025-04-04T05:30:00+02:00,3,COMPLETED,1198,Vlastimil Pszczolka,1015,Michal Vedmoch,3,1,1198,Vlastimil Pszczolka,,,2025-04-04T03:47:10+00:00,SCHEDULED_START_PLUS_DURATION,2026-08-15T13:36:43.615280+00:00,2026-08-15T13:36:43.615280+00:00,9159bb08a9097485a81138d7ca55f213d24ad1c18e5f2c3185c13df86a35fb84,api.league-pro.com,OK,54a035bb320e49bdb57f1adbd8fa07a3ad8537c8a151c6ea1a32c3ec3e5cee27
205577,24432,Tournament A14. league 450-500,,2025-04-04T03:30:00+00:00,2025-04-03T21:30:00-06:00,2025-04-04T05:30:00+02:00,3,COMPLETED,1224,Stanislav Mazanek,937,Pavel Sprynar,3,1,1224,Stanislav Mazanek,,,2025-04-04T03:44:58+00:00,SCHEDULED_START_PLUS_DURATION,2026-08-15T13:36:43.615280+00:00,2026-08-15T13:36:43.615280+00:00,9159bb08a9097485a81138d7ca55f213d24ad1c18e5f2c3185c13df86a35fb84,api.league-pro.com,OK,12e4f4b1b36e9cdea1609ad5901bb5d185d829f5fcf0217e2970e34cf2e6bbf3
205575,24441,Tournament A17. league 800-900,,2025-04-04T03:30:00+00:00,2025-04-03T21:30:00-06:00,2025-04-04T05:30:00+02:00,3,COMPLETED,1114,Michal Vavrecka,685,Ales Bayer,3,2,1114,Michal Vavrecka,,,2025-04-04T03:53:52+00:00,SCHEDULED_START_PLUS_DURATION,2026-08-15T13:36:43.615280+00:00,2026-08-15T13:36:43.615280+00:00,9159bb08a9097485a81138d7ca55f213d24ad1c18e5f2c3185c13df86a35fb84,api.league-pro.com,OK,27955edeb0eeb1fc1ff5f55b615ef2d07bed78a537d05fd80f123e5c60ebe120
205384,24446,Tournament A12. league 450-500,,2025-04-04T06:00:00+00:00,2025-04-04T00:00:00-06:00,2025-04-04T08:00:00+02:00,3,COMPLETED,1145,Jan Potensky,1239,Ladislav Havel,1,3,1239,Ladislav Havel,,,2025-04-04T06:16:48+00:00,SCHEDULED_START_PLUS_DURATION,2026-08-15T13:36:43.615280+00:00,2026-08-15T13:36:43.615280+00:00,9159bb08a9097485a81138d7ca55f213d24ad1c18e5f2c3185c13df86a35fb84,api.league-pro.com,OK,ed2a285da95724addccb2ed00ed328550b7429ec7a18edec8f8e7c404e2b496b
205418,24451,Tournament A14. league 600-700,,2025-04-04T06:00:00+00:00,2025-04-04T00:00:00-06:00,2025-04-04T08:00:00+02:00,3,COMPLETED,789,Josef Belovsky,847,Milan Smrcek,5,2,,,,,2025-04-04T06:14:21+00:00,SCHEDULED_START_PLUS_DURATION,2026-08-15T13:36:43.615280+00:00,2026-08-15T13:36:43.615280+00:00,9159bb08a9097485a81138d7ca55f213d24ad1c18e5f2c3185c13df86a35fb84,api.league-pro.com,QUARANTINED_INVALID_SCORE,7a01e82296a5a765d7ae42dfc1d29a67dd623a4d7215969c60397aff11171818
205452,24456,Tournament A16. league 700-800,,2025-04-04T06:00:00+00:00,2025-04-04T00:00:00-06:00,2025-04-04T08:00:00+02:00,3,COMPLETED,1357,Jaroslav Hajek,968,Ladislav Svanda,3,2,1357,Jaroslav Hajek,,,2025-04-04T06:21:41+00:00,SCHEDULED_START_PLUS_DURATION,2026-08-15T13:36:43.615280+00:00,2026-08-15T13:36:43.615280+00:00,9159bb08a9097485a81138d7ca55f213d24ad1c18e5f2c3185c13df86a35fb84,api.league-pro.com,OK,ce9c0396bc4d8032992554a7b5c80caebaddef8a3a5e965f10ff49f1e6a5b3d3
205476,24460,Tournament A17. league 700-800,,2025-04-04T06:00:00+00:00,2025-04-04T00:00:00-06:00,2025-04-04T08:00:00+02:00,3,COMPLETED,1403,Ales Hlawatschke,1286,Jan Przybyla,3,3,,,,,2025-04-04T06:20:37+00:00,SCHEDULED_START_PLUS_DURATION,2026-08-15T13:36:43.615280+00:00,2026-08-15T13:36:43.615280+00:00,9159bb08a9097485a81138d7ca55f213d24ad1c18e5f2c3185c13df86a35fb84,api.league-pro.com,QUARANTINED_INVALID_SCORE,845ab706334dc76965ec9240f515476454a5df16f5bb62c7c1e8187e8747fd0a
205510,24465,Tournament A18. league 900-1000,,2025-04-04T06:00:00+00:00,2025-04-04T00:00:00-06:00,2025-04-04T08:00:00+02:00,3,COMPLETED,1111,Radek Benes,1001,Michal Moravec,3,2,1111,Radek Benes,,,2025-04-04T06:14:08+00:00,SCHEDULED_START_PLUS_DURATION,2026-08-15T13:36:43.615280+00:00,2026-08-15T13:36:43.615280+00:00,9159bb08a9097485a81138d7ca55f213d24ad1c18e5f2c3185c13df86a35fb84,api.league-pro.com,OK,f2fad2c2e6e33570666487761b0988de2458e169688269e3058eb4ac9c2c9ed8
205385,24446,Tournament A12. league 450-500,,2025-04-04T06:30:00+00:00,2025-04-04T00:30:00-06:00,2025-04-04T08:30:00+02:00,3,COMPLETED,1372,David Tomasch,814,Zdenek Kasinski,3,2,1372,David Tomasch,,,2025-04-04T06:58:20+00:00,SCHEDULED_START_PLUS_DURATION,2026-08-15T13:36:43.615280+00:00,2026-08-15T13:36:43.615280+00:00,9159bb08a9097485a81138d7ca55f213d24ad1c18e5f2c3185c13df86a35fb84,api.league-pro.com,OK,ae6c7dd2ae36a792fecfe641d755bd350d1dc26caaf28b39216ff79d01710fb8
205419,24451,Tournament A14. league 600-700,,2025-04-04T06:30:00+00:00,2025-04-04T00:30:00-06:00,2025-04-04T08:30:00+02:00,3,COMPLETED,808,Vladimir Havlicek,1632,Martin Jonas,1,3,1632,Martin Jonas,,,2025-04-04T06:45:51+00:00,SCHEDULED_START_PLUS_DURATION,2026-08-15T13:36:43.615280+00:00,2026-08-15T13:36:43.615280+00:00,9159bb08a9097485a81138d7ca55f213d24ad1c18e5f2c3185c13df86a35fb84,api.league-pro.com,OK,05d9b5255655b2562edc63788624cfaa8a954337fe80cadb6b065b522c9c7e56
205453,24456,Tournament A16. league 700-800,,2025-04-04T06:30:00+00:00,2025-04-04T00:30:00-06:00,2025-04-04T08:30:00+02:00,3,COMPLETED,980,Vitezslav Malina,1487,Milan Flesar,3,0,980,Vitezslav Malina,,,2025-04-04T06:42:36+00:00,SCHEDULED_START_PLUS_DURATION,2026-08-15T13:36:43.615280+00:00,2026-08-15T13:36:43.615280+00:00,9159bb08a9097485a81138d7ca55f213d24ad1c18e5f2c3185c13df86a35fb84,api.league-pro.com,OK,b3c945beec8fb389b7c74ce8ac99d7cf59e65db972c99519676e4761f2cf06ee
205477,24460,Tournament A17. league 700-800,,2025-04-04T06:30:00+00:00,2025-04-04T00:30:00-06:00,2025-04-04T08:30:00+02:00,3,COMPLETED,873,Jan Sucharda,1411,Simon Kadavy,1,3,1411,Simon Kadavy,,,2025-04-04T06:46:50+00:00,SCHEDULED_START_PLUS_DURATION,2026-08-15T13:36:43.615280+00:00,2026-08-15T13:36:43.615280+00:00,9159bb08a9097485a81138d7ca55f213d24ad1c18e5f2c3185c13df86a35fb84,api.league-pro.com,OK,ebe4c9b0697ad567a80ab5da6a6fb5e0ee76a18145ce569297e6e0c9abaaabc5
205511,24465,Tournament A18. league 900-1000,,2025-04-04T06:30:00+00:00,2025-04-04T00:30:00-06:00,2025-04-04T08:30:00+02:00,3,COMPLETED,1132,Jan Pribyl,1003,David Stusek,3,0,1132,Jan Pribyl,,,2025-04-04T06:45:32+00:00,SCHEDULED_START_PLUS_DURATION,2026-08-15T13:36:43.615280+00:00,2026-08-15T13:36:43.615280+00:00,9159bb08a9097485a81138d7ca55f213d24ad1c18e5f2c3185c13df86a35fb84,api.league-pro.com,OK,ef7c31824e53db4a3da882a77f6c705eaeb72e957855e36ce0e5b0cc27899dce
205386,24446,Tournament A12. league 450-500,,2025-04-04T07:00:00+00:00,2025-04-04T01:00:00-06:00,2025-04-04T09:00:00+02:00,3,COMPLETED,1239,Ladislav Havel,1372,David Tomasch,3,1,1239,Ladislav Havel,,,2025-04-04T07:16:16+00:00,SCHEDULED_START_PLUS_DURATION,2026-08-15T13:36:43.615280+00:00,2026-08-15T13:36:43.615280+00:00,9159bb08a9097485a81138d7ca55f213d24ad1c18e5f2c3185c13df86a35fb84,api.league-pro.com,OK,eaf2cc66b749ac8d8bad54f5a96b4b3edf66b895c0187db5d6fb122a8ad75ff5
205420,24451,Tournament A14. league 600-700,,2025-04-04T07:00:00+00:00,2025-04-04T01:00:00-06:00,2025-04-04T09:00:00+02:00,3,COMPLETED,847,Milan Smrcek,808,Vladimir Havlicek,0,3,808,Vladimir Havlicek,,,2025-04-04T07:14:13+00:00,SCHEDULED_START_PLUS_DURATION,2026-08-15T13:36:43.615280+00:00,2026-08-15T13:36:43.615280+00:00,9159bb08a9097485a81138d7ca55f213d24ad1c18e5f2c3185c13df86a35fb84,api.league-pro.com,OK,4039a405b54dcd5148d5b2a1a719d7383527768ad3e4941745f350115d9010d1
205454,24456,Tournament A16. league 700-800,,2025-04-04T07:00:00+00:00,2025-04-04T01:00:00-06:00,2025-04-04T09:00:00+02:00,3,COMPLETED,968,Ladislav Svanda,980,Vitezslav Malina,1,3,980,Vitezslav Malina,,,2025-04-04T07:22:17+00:00,SCHEDULED_START_PLUS_DURATION,2026-08-15T13:36:43.615280+00:00,2026-08-15T13:36:43.615280+00:00,9159bb08a9097485a81138d7ca55f213d24ad1c18e5f2c3185c13df86a35fb84,api.league-pro.com,OK,8c8612e5efe82aacaded2f50255e9f764163880f96fada87fc86a127d8f94862
205478,24460,Tournament A17. league 700-800,,2025-04-04T07:00:00+00:00,2025-04-04T01:00:00-06:00,2025-04-04T09:00:00+02:00,3,COMPLETED,1286,Jan Przybyla,873,Jan Sucharda,2,3,873,Jan Sucharda,,,2025-04-04T07:21:55+00:00,SCHEDULED_START_PLUS_DURATION,2026-08-15T13:36:43.615280+00:00,2026-08-15T13:36:43.615280+00:00,9159bb08a9097485a81138d7ca55f213d24ad1c18e5f2c3185c13df86a35fb84,api.league-pro.com,OK,bb50b2cc07cfefdbcbf9bc4ba29bfdeca382261fc5b7fbe7e0d883e972b5b6e6
205512,24465,Tournament A18. league 900-1000,,2025-04-04T07:00:00+00:00,2025-04-04T01:00:00-06:00,2025-04-04T09:00:00+02:00,3,COMPLETED,1001,Michal Moravec,1132,Jan Pribyl,2,3,1132,Jan Pribyl,,,2025-04-04T07:26:07+00:00,SCHEDULED_START_PLUS_DURATION,2026-08-15T13:36:43.615280+00:00,2026-08-15T13:36:43.615280+00:00,9159bb08a9097485a81138d7ca55f213d24ad1c18e5f2c3185c13df86a35fb84,api.league-pro.com,OK,ab4e1572df7d05218ef3b3f6c93973250895fac25c9e74caffd6c4f88a6301f8
205387,24446,Tournament A12. league 450-500,,2025-04-04T07:30:00+00:00,2025-04-04T01:30:00-06:00,2025-04-04T09:30:00+02:00,3,COMPLETED,814,Zdenek Kasinski,1145,Jan Potensky,3,0,814,Zdenek Kasinski,,,2025-04-04T07:40:08+00:00,SCHEDULED_START_PLUS_DURATION,2026-08-15T13:36:43.615280+00:00,2026-08-15T13:36:43.615280+00:00,9159bb08a9097485a81138d7ca55f213d24ad1c18e5f2c3185c13df86a35fb84,api.league-pro.com,OK,e3b02e45bf39805b03d499705580a43e471d89b1374d7b781bdba757e0e629f0
205421,24451,Tournament A14. league 600-700,,2025-04-04T07:30:00+00:00,2025-04-04T01:30:00-06:00,2025-04-04T09:30:00+02:00,3,COMPLETED,1632,Martin Jonas,789,Josef Belovsky,3,2,1632,Martin Jonas,,,2025-04-04T07:54:10+00:00,SCHEDULED_START_PLUS_DURATION,2026-08-15T13:36:43.615280+00:00,2026-08-15T13:36:43.615280+00:00,9159bb08a9097485a81138d7ca55f213d24ad1c18e5f2c3185c13df86a35fb84,api.league-pro.com,OK,e00a8abf6f041329bcafc788fb34d8c6068a01f5ee010a50e862e3ea863ea76b
205455,24456,Tournament A16. league 700-800,,2025-04-04T07:30:00+00:00,2025-04-04T01:30:00-06:00,2025-04-04T09:30:00+02:00,3,COMPLETED,1487,Milan Flesar,1357,Jaroslav Hajek,3,1,1487,Milan Flesar,,,2025-04-04T07:46:16+00:00,SCHEDULED_START_PLUS_DURATION,2026-08-15T13:36:43.615280+00:00,2026-08-15T13:36:43.615280+00:00,9159bb08a9097485a81138d7ca55f213d24ad1c18e5f2c3185c13df86a35fb84,api.league-pro.com,OK,8a788cdf7f8c866b80f1a818944555749990c291ad140e1d9fa2a9f1fb0e82e0
205479,24460,Tournament A17. league 700-800,,2025-04-04T07:30:00+00:00,2025-04-04T01:30:00-06:00,2025-04-04T09:30:00+02:00,3,COMPLETED,1411,Simon Kadavy,1403,Ales Hlawatschke,0,3,1403,Ales Hlawatschke,,,2025-04-04T07:39:49+00:00,SCHEDULED_START_PLUS_DURATION,2026-08-15T13:36:43.615280+00:00,2026-08-15T13:36:43.615280+00:00,9159bb08a9097485a81138d7ca55f213d24ad1c18e5f2c3185c13df86a35fb84,api.league-pro.com,OK,f67ac339d52c4f296ea7c847a394b9179a1c5bc0ac04176e5b81bbc1dbfbba66
205513,24465,Tournament A18. league 900-1000,,2025-04-04T07:30:00+00:00,2025-04-04T01:30:00-06:00,2025-04-04T09:30:00+02:00,3,COMPLETED,1003,David Stusek,1111,Radek Benes,1,3,1111,Radek Benes,,,2025-04-04T07:52:54+00:00,SCHEDULED_START_PLUS_DURATION,2026-08-15T13:36:43.615280+00:00,2026-08-15T13:36:43.615280+00:00,9159bb08a9097485a81138d7ca55f213d24ad1c18e5f2c3185c13df86a35fb84,api.league-pro.com,OK,1435992e990792d4ad6af2522f516c36fa7ee2094ace19361bc2419bf5816252
205391,24447,Tournament A12. league 500-550,,2025-04-04T07:30:08.529000+00:00,2025-04-04T01:30:08.529000-06:00,2025-04-04T09:30:08.529000+02:00,3,COMPLETED,812,Rostislav Hasmanda,1520,Tomas Regner,3,2,812,Rostislav Hasmanda,,,2025-04-04T07:53:04.244000+00:00,SCHEDULED_START_PLUS_DURATION,2026-08-15T13:36:43.615280+00:00,2026-08-15T13:36:43.615280+00:00,9159bb08a9097485a81138d7ca55f213d24ad1c18e5f2c3185c13df86a35fb84,api.league-pro.com,OK,74ccad9cd7262b978c62f7fe097a819d3ed2c8d2077089114cf3ed008cffcd5f
205459,24457,Tournament A16. league 800-900,,2025-04-04T07:30:22.995000+00:00,2025-04-04T01:30:22.995000-06:00,2025-04-04T09:30:22.995000+02:00,3,COMPLETED,1147,Stanislav Hudec,1282,Jan Lovl,3,0,1147,Stanislav Hudec,,,2025-04-04T07:48:49.632000+00:00,SCHEDULED_START_PLUS_DURATION,2026-08-15T13:36:43.615280+00:00,2026-08-15T13:36:43.615280+00:00,9159bb08a9097485a81138d7ca55f213d24ad1c18e5f2c3185c13df86a35fb84,api.league-pro.com,OK,a3f9af847d24608939bd05987fa6dcbe9f741805ac9a262b064afeaf6e2b62e0
205483,24461,Tournament A17. league 600-700,,2025-04-04T07:30:25.358000+00:00,2025-04-04T01:30:25.358000-06:00,2025-04-04T09:30:25.358000+02:00,3,COMPLETED,1070,Jan Briska,1522,Tomas Barta,3,2,1070,Jan Briska,,,2025-04-04T07:52:20.994000+00:00,SCHEDULED_START_PLUS_DURATION,2026-08-15T13:36:43.615280+00:00,2026-08-15T13:36:43.615280+00:00,9159bb08a9097485a81138d7ca55f213d24ad1c18e5f2c3185c13df86a35fb84,api.league-pro.com,OK,34cce95f6519ed2ed2402cb6262ce788a36e098531eb100ca471efb7f14a8aec
205388,24446,Tournament A12. league 450-500,,2025-04-04T08:00:00+00:00,2025-04-04T02:00:00-06:00,2025-04-04T10:00:00+02:00,3,COMPLETED,1145,Jan Potensky,1372,David Tomasch,3,0,1145,Jan Potensky,,,2025-04-04T08:16:33+00:00,SCHEDULED_START_PLUS_DURATION,2026-08-15T13:36:43.615280+00:00,2026-08-15T13:36:43.615280+00:00,9159bb08a9097485a81138d7ca55f213d24ad1c18e5f2c3185c13df86a35fb84,api.league-pro.com,OK,c38324c3c080683a7175be279eda2b2e7696ff4aa0216bb3a79a2b289b5d40f2
205422,24451,Tournament A14. league 600-700,,2025-04-04T08:00:00+00:00,2025-04-04T02:00:00-06:00,2025-04-04T10:00:00+02:00,3,COMPLETED,789,Josef Belovsky,808,Vladimir Havlicek,0,3,808,Vladimir Havlicek,,,2025-04-04T08:15:31+00:00,SCHEDULED_START_PLUS_DURATION,2026-08-15T13:36:43.615280+00:00,2026-08-15T13:36:43.615280+00:00,9159bb08a9097485a81138d7ca55f213d24ad1c18e5f2c3185c13df86a35fb84,api.league-pro.com,OK,6fc0060756c59682e13f28299902c9fe8811448493ff08f784d7793cc5ed0c60
205456,24456,Tournament A16. league 700-800,,2025-04-04T08:00:00+00:00,2025-04-04T02:00:00-06:00,2025-04-04T10:00:00+02:00,3,COMPLETED,1357,Jaroslav Hajek,980,Vitezslav Malina,3,1,1357,Jaroslav Hajek,,,2025-04-04T08:20:25+00:00,SCHEDULED_START_PLUS_DURATION,2026-08-15T13:36:43.615280+00:00,2026-08-15T13:36:43.615280+00:00,9159bb08a9097485a81138d7ca55f213d24ad1c18e5f2c3185c13df86a35fb84,api.league-pro.com,OK,ce890befb89e8023f7a5e655cf88aecf053c3c89ee03ffc25f86b66dae5ac5ac
205480,24460,Tournament A17. league 700-800,,2025-04-04T08:00:00+00:00,2025-04-04T02:00:00-06:00,2025-04-04T10:00:00+02:00,3,COMPLETED,1403,Ales Hlawatschke,873,Jan Sucharda,3,1,1403,Ales Hlawatschke,,,2025-04-04T08:17:21+00:00,SCHEDULED_START_PLUS_DURATION,2026-08-15T13:36:43.615280+00:00,2026-08-15T13:36:43.615280+00:00,9159bb08a9097485a81138d7ca55f213d24ad1c18e5f2c3185c13df86a35fb84,api.league-pro.com,OK,be4e26b562868c16f9b27c5d0b75ab602ed46819fbe53e966a8205c40b7b67b6
205514,24465,Tournament A18. league 900-1000,,2025-04-04T08:00:00+00:00,2025-04-04T02:00:00-06:00,2025-04-04T10:00:00+02:00,3,COMPLETED,1111,Radek Benes,1132,Jan Pribyl,1,3,1132,Jan Pribyl,,,2025-04-04T08:22:46+00:00,SCHEDULED_START_PLUS_DURATION,2026-08-15T13:36:43.615280+00:00,2026-08-15T13:36:43.615280+00:00,9159bb08a9097485a81138d7ca55f213d24ad1c18e5f2c3185c13df86a35fb84,api.league-pro.com,OK,7f3098d2af026d4c6be04fe40a872eea4519d5b5aab8010e4db5ecb0c31cc409
205518,24466,Tournament A18. league 800-900,,2025-04-04T08:00:06.947000+00:00,2025-04-04T02:00:06.947000-06:00,2025-04-04T10:00:06.947000+02:00,3,COMPLETED,1100,Filip Theodor,1642,David Skulina,3,1,1100,Filip Theodor,,,2025-04-04T08:15:20.421000+00:00,SCHEDULED_START_PLUS_DURATION,2026-08-15T13:36:43.615280+00:00,2026-08-15T13:36:43.615280+00:00,9159bb08a9097485a81138d7ca55f213d24ad1c18e5f2c3185c13df86a35fb84,api.league-pro.com,OK,3d3666718b5b67399717ebc802a3e15fff38018b53ed75d8986530b959bfbe9e
205392,24447,Tournament A12. league 500-550,,2025-04-04T08:00:09.280000+00:00,2025-04-04T02:00:09.280000-06:00,2025-04-04T10:00:09.280000+02:00,3,COMPLETED,866,Vaclav Dolezal,812,Rostislav Hasmanda,0,3,812,Rostislav Hasmanda,,,2025-04-04T08:12:13.861000+00:00,SCHEDULED_START_PLUS_DURATION,2026-08-15T13:36:43.615280+00:00,2026-08-15T13:36:43.615280+00:00,9159bb08a9097485a81138d7ca55f213d24ad1c18e5f2c3185c13df86a35fb84,api.league-pro.com,OK,726473897e90f146ea939b1cdb0f65435e85e1cb0d9c74c2726e6ce81bbd38c9
205484,24461,Tournament A17. league 600-700,,2025-04-04T08:00:09.484000+00:00,2025-04-04T02:00:09.484000-06:00,2025-04-04T10:00:09.484000+02:00,3,COMPLETED,716,Miroslav Svedik,1070,Jan Briska,3,1,716,Miroslav Svedik,,,2025-04-04T08:17:34.239000+00:00,SCHEDULED_START_PLUS_DURATION,2026-08-15T13:36:43.615280+00:00,2026-08-15T13:36:43.615280+00:00,9159bb08a9097485a81138d7ca55f213d24ad1c18e5f2c3185c13df86a35fb84,api.league-pro.com,OK,0d38f46b9f57c668d42ffa8f35861c199acfedbfa7b4a588e20010c2a60edf30
205426,24452,Tournament A14. league 900-1000,,2025-04-04T08:00:18.861000+00:00,2025-04-04T02:00:18.861000-06:00,2025-04-04T10:00:18.861000+02:00,3,COMPLETED,930,Michal Zahradka,684,Martin Huk,2,3,684,Martin Huk,,,2025-04-04T08:20:01.808000+00:00,SCHEDULED_START_PLUS_DURATION,2026-08-15T13:36:43.615280+00:00,2026-08-15T13:36:43.615280+00:00,9159bb08a9097485a81138d7ca55f213d24ad1c18e5f2c3185c13df86a35fb84,api.league-pro.com,OK,9da74500164df9c79890f84139b17131539f7f911b0db5f2d6ba1ee71006e109
205460,24457,Tournament A16. league 800-900,,2025-04-04T08:00:25.520000+00:00,2025-04-04T02:00:25.520000-06:00,2025-04-04T10:00:25.520000+02:00,3,COMPLETED,1508,Radek Vosyka,1147,Stanislav Hudec,1,3,1147,Stanislav Hudec,,,2025-04-04T08:20:55.096000+00:00,SCHEDULED_START_PLUS_DURATION,2026-08-15T13:36:43.615280+00:00,2026-08-15T13:36:43.615280+00:00,9159bb08a9097485a81138d7ca55f213d24ad1c18e5f2c3185c13df86a35fb84,api.league-pro.com,OK,f1ae7e11e8e3b0514a736715d3d905866b9b22558e60db0ec25c929dc666b834
205389,24446,Tournament A12. league 450-500,,2025-04-04T08:30:00+00:00,2025-04-04T02:30:00-06:00,2025-04-04T10:30:00+02:00,3,COMPLETED,1239,Ladislav Havel,814,Zdenek Kasinski,0,3,814,Zdenek Kasinski,,,2025-04-04T08:41:06+00:00,SCHEDULED_START_PLUS_DURATION,2026-08-15T13:36:43.615280+00:00,2026-08-15T13:36:43.615280+00:00,9159bb08a9097485a81138d7ca55f213d24ad1c18e5f2c3185c13df86a35fb84,api.league-pro.com,OK,e708e435ab85a9e5abb95baa95535e81a7fe61a40233e837dd1e696b079fe0ca
205423,24451,Tournament A14. league 600-700,,2025-04-04T08:30:00+00:00,2025-04-04T02:30:00-06:00,2025-04-04T10:30:00+02:00,3,COMPLETED,847,Milan Smrcek,1632,Martin Jonas,0,3,1632,Martin Jonas,,,2025-04-04T08:44:14+00:00,SCHEDULED_START_PLUS_DURATION,2026-08-15T13:36:43.615280+00:00,2026-08-15T13:36:43.615280+00:00,9159bb08a9097485a81138d7ca55f213d24ad1c18e5f2c3185c13df86a35fb84,api.league-pro.com,OK,a16bbaaba0e331a788389f22640ad6a6d52cb18db66d21f2f4558cbf1bc84a7e
205457,24456,Tournament A16. league 700-800,,2025-04-04T08:30:00+00:00,2025-04-04T02:30:00-06:00,2025-04-04T10:30:00+02:00,3,COMPLETED,968,Ladislav Svanda,1487,Milan Flesar,1,3,1487,Milan Flesar,,,2025-04-04T08:49:38+00:00,SCHEDULED_START_PLUS_DURATION,2026-08-15T13:36:43.615280+00:00,2026-08-15T13:36:43.615280+00:00,9159bb08a9097485a81138d7ca55f213d24ad1c18e5f2c3185c13df86a35fb84,api.league-pro.com,OK,022eb179b6bbe99852cbf28835857ab4fa13d0c9e46385b011a2407ed790de89
205481,24460,Tournament A17. league 700-800,,2025-04-04T08:30:00+00:00,2025-04-04T02:30:00-06:00,2025-04-04T10:30:00+02:00,3,COMPLETED,1286,Jan Przybyla,1411,Simon Kadavy,2,3,1411,Simon Kadavy,,,2025-04-04T08:49:14+00:00,SCHEDULED_START_PLUS_DURATION,2026-08-15T13:36:43.615280+00:00,2026-08-15T13:36:43.615280+00:00,9159bb08a9097485a81138d7ca55f213d24ad1c18e5f2c3185c13df86a35fb84,api.league-pro.com,OK,e8d95c8e08b4a37159b121b3a4496530b5eb7e883f4f159fdb3b9443a0d29617
205515,24465,Tournament A18. league 900-1000,,2025-04-04T08:30:00+00:00,2025-04-04T02:30:00-06:00,2025-04-04T10:30:00+02:00,3,COMPLETED,1001,Michal Moravec,1003,David Stusek,1,3,1003,David Stusek,,,2025-04-04T08:46:38+00:00,SCHEDULED_START_PLUS_DURATION,2026-08-15T13:36:43.615280+00:00,2026-08-15T13:36:43.615280+00:00,9159bb08a9097485a81138d7ca55f213d24ad1c18e5f2c3185c13df86a35fb84,api.league-pro.com,OK,63ca82618dc113b419c4caa2f6bd76b764a198f4972ab5c46bb4d56fe3ae6de6
205519,24466,Tournament A18. league 800-900,,2025-04-04T08:30:06.288000+00:00,2025-04-04T02:30:06.288000-06:00,2025-04-04T10:30:06.288000+02:00,3,COMPLETED,1162,Roman Hudeczek,1135,Tomas Fojtik,3,0,1162,Roman Hudeczek,,,2025-04-04T08:42:13.503000+00:00,SCHEDULED_START_PLUS_DURATION,2026-08-15T13:36:43.615280+00:00,2026-08-15T13:36:43.615280+00:00,9159bb08a9097485a81138d7ca55f213d24ad1c18e5f2c3185c13df86a35fb84,api.league-pro.com,OK,0bffafb99a93e033d6b01b6829f386d1eee9e7ea85ae294bf3b32cd035fb86f3
205393,24447,Tournament A12. league 500-550,,2025-04-04T08:30:07.885000+00:00,2025-04-04T02:30:07.885000-06:00,2025-04-04T10:30:07.885000+02:00,3,COMPLETED,1520,Tomas Regner,1686,Tien Lam,1,3,1686,Tien Lam,,,2025-04-04T08:44:48.673000+00:00,SCHEDULED_START_PLUS_DURATION,2026-08-15T13:36:43.615280+00:00,2026-08-15T13:36:43.615280+00:00,9159bb08a9097485a81138d7ca55f213d24ad1c18e5f2c3185c13df86a35fb84,api.league-pro.com,OK,c3084b88d0917322525d8fa991cb4fc9f9a06079e1f885ca842f48a9f19cae92
205427,24452,Tournament A14. league 900-1000,,2025-04-04T08:30:07.991000+00:00,2025-04-04T02:30:07.991000-06:00,2025-04-04T10:30:07.991000+02:00,3,COMPLETED,1141,Rostyslav Kliuchuk,1527,Vratislav Petracek,0,3,1527,Vratislav Petracek,,,2025-04-04T08:39:25.879000+00:00,SCHEDULED_START_PLUS_DURATION,2026-08-15T13:36:43.615280+00:00,2026-08-15T13:36:43.615280+00:00,9159bb08a9097485a81138d7ca55f213d24ad1c18e5f2c3185c13df86a35fb84,api.league-pro.com,OK,e3d53750c7ccc34e39b4ac28df82340f99084ec816331333cf5d21306b680c19
205485,24461,Tournament A17. league 600-700,,2025-04-04T08:30:17.328000+00:00,2025-04-04T02:30:17.328000-06:00,2025-04-04T10:30:17.328000+02:00,3,COMPLETED,1522,Tomas Barta,1143,Marek Kostal,3,1,1522,Tomas Barta,,,2025-04-04T08:44:55.532000+00:00,SCHEDULED_START_PLUS_DURATION,2026-08-15T13:36:43.615280+00:00,2026-08-15T13:36:43.615280+00:00,9159bb08a9097485a81138d7ca55f213d24ad1c18e5f2c3185c13df86a35fb84,api.league-pro.com,OK,5dbcd7b254702c88283cbb932310f33f304687a2df9db409c420d7b7e00a7643
205461,24457,Tournament A16. league 800-900,,2025-04-04T08:30:23.699000+00:00,2025-04-04T02:30:23.699000-06:00,2025-04-04T10:30:23.699000+02:00,3,COMPLETED,1282,Jan Lovl,981,Radek Fnukal,1,3,981,Radek Fnukal,,,2025-04-04T08:50:41.417000+00:00,SCHEDULED_START_PLUS_DURATION,2026-08-15T13:36:43.615280+00:00,2026-08-15T13:36:43.615280+00:00,9159bb08a9097485a81138d7ca55f213d24ad1c18e5f2c3185c13df86a35fb84,api.league-pro.com,OK,791e842302cc1fac8fd37a40cae8ff929ecb106042e838e6cfd3f6eba8d03edb
205730,24446,Tournament A12. league 450-500,,2025-04-04T09:00:00+00:00,2025-04-04T03:00:00-06:00,2025-04-04T11:00:00+02:00,3,COMPLETED,1145,Jan Potensky,1372,David Tomasch,3,1,1145,Jan Potensky,,,2025-04-04T09:19:22+00:00,SCHEDULED_START_PLUS_DURATION,2026-08-15T13:36:43.615280+00:00,2026-08-15T13:36:43.615280+00:00,9159bb08a9097485a81138d7ca55f213d24ad1c18e5f2c3185c13df86a35fb84,api.league-pro.com,OK,3e6a79e1d3efece256dd8391a3f6036b1ef44ad5d63376865b4e71b0cfa5e2a1
205732,24451,Tournament A14. league 600-700,,2025-04-04T09:00:00+00:00,2025-04-04T03:00:00-06:00,2025-04-04T11:00:00+02:00,3,COMPLETED,789,Josef Belovsky,847,Milan Smrcek,3,1,789,Josef Belovsky,,,2025-04-04T09:19:50+00:00,SCHEDULED_START_PLUS_DURATION,2026-08-15T13:36:43.615280+00:00,2026-08-15T13:36:43.615280+00:00,9159bb08a9097485a81138d7ca55f213d24ad1c18e5f2c3185c13df86a35fb84,api.league-pro.com,OK,72c00583051dc624431c0a864f9bb21194f35312b613edc91f2b7a3a709b19fc
205738,24456,Tournament A16. league 700-800,,2025-04-04T09:00:00+00:00,2025-04-04T03:00:00-06:00,2025-04-04T11:00:00+02:00,3,COMPLETED,1487,Milan Flesar,968,Ladislav Svanda,1,3,968,Ladislav Svanda,,,2025-04-04T09:22:37+00:00,SCHEDULED_START_PLUS_DURATION,2026-08-15T13:36:43.615280+00:00,2026-08-15T13:36:43.615280+00:00,9159bb08a9097485a81138d7ca55f213d24ad1c18e5f2c3185c13df86a35fb84,api.league-pro.com,OK,c6e374247976f1587a62083dd7f9fa9d20f099ffdf27a9cf5ea3f7f9f3cf314b
205736,24460,Tournament A17. league 700-800,,2025-04-04T09:00:00+00:00,2025-04-04T03:00:00-06:00,2025-04-04T11:00:00+02:00,3,COMPLETED,1286,Jan Przybyla,873,Jan Sucharda,2,3,873,Jan Sucharda,,,2025-04-04T09:21:39+00:00,SCHEDULED_START_PLUS_DURATION,2026-08-15T13:36:43.615280+00:00,2026-08-15T13:36:43.615280+00:00,9159bb08a9097485a81138d7ca55f213d24ad1c18e5f2c3185c13df86a35fb84,api.league-pro.com,OK,79b43aef1225174b19855021708de1f1d59a2d572239f6e20434e3afb1f973dc
205734,24465,Tournament A18. league 900-1000,,2025-04-04T09:00:00+00:00,2025-04-04T03:00:00-06:00,2025-04-04T11:00:00+02:00,3,COMPLETED,1003,David Stusek,1001,Michal Moravec,3,1,1003,David Stusek,,,2025-04-04T09:15:46+00:00,SCHEDULED_START_PLUS_DURATION,2026-08-15T13:36:43.615280+00:00,2026-08-15T13:36:43.615280+00:00,9159bb08a9097485a81138d7ca55f213d24ad1c18e5f2c3185c13df86a35fb84,api.league-pro.com,OK,16fccf1ab6708f11dc607fe938950e0895cbcf071d65588b4be1e0795ed20a7d
205520,24466,Tournament A18. league 800-900,,2025-04-04T09:00:06.062000+00:00,2025-04-04T03:00:06.062000-06:00,2025-04-04T11:00:06.062000+02:00,3,COMPLETED,1135,Tomas Fojtik,1642,David Skulina,0,3,1642,David Skulina,,,2025-04-04T09:10:28.759000+00:00,SCHEDULED_START_PLUS_DURATION,2026-08-15T13:36:43.615280+00:00,2026-08-15T13:36:43.615280+00:00,9159bb08a9097485a81138d7ca55f213d24ad1c18e5f2c3185c13df86a35fb84,api.league-pro.com,OK,2b1fbfd2ab56976252689277c9dd266a1c440f00df4db9b02fe162a03c8b6ba0
205394,24447,Tournament A12. league 500-550,,2025-04-04T09:00:08.511000+00:00,2025-04-04T03:00:08.511000-06:00,2025-04-04T11:00:08.511000+02:00,3,COMPLETED,1686,Tien Lam,812,Rostislav Hasmanda,2,3,812,Rostislav Hasmanda,,,2025-04-04T09:30:41.604000+00:00,SCHEDULED_START_PLUS_DURATION,2026-08-15T13:36:43.615280+00:00,2026-08-15T13:36:43.615280+00:00,9159bb08a9097485a81138d7ca55f213d24ad1c18e5f2c3185c13df86a35fb84,api.league-pro.com,OK,a7d90b80f9d8aea8ce5bd013c52e119555769c08356716d187a5b751c35b532b
205428,24452,Tournament A14. league 900-1000,,2025-04-04T09:00:13.287000+00:00,2025-04-04T03:00:13.287000-06:00,2025-04-04T11:00:13.287000+02:00,3,COMPLETED,1527,Vratislav Petracek,684,Martin Huk,3,2,1527,Vratislav Petracek,,,2025-04-04T09:18:22.766000+00:00,SCHEDULED_START_PLUS_DURATION,2026-08-15T13:36:43.615280+00:00,2026-08-15T13:36:43.615280+00:00,9159bb08a9097485a81138d7ca55f213d24ad1c18e5f2c3185c13df86a35fb84,api.league-pro.com,OK,ea9935ff12c36e77f14b5ad0642b8bcfbadf5c38883f20f9691522ea8bb0f458
205462,24457,Tournament A16. league 800-900,,2025-04-04T09:00:15.159000+00:00,2025-04-04T03:00:15.159000-06:00,2025-04-04T11:00:15.159000+02:00,3,COMPLETED,981,Radek Fnukal,1147,Stanislav Hudec,3,2,981,Radek Fnukal,,,2025-04-04T09:21:36.991000+00:00,SCHEDULED_START_PLUS_DURATION,2026-08-15T13:36:43.615280+00:00,2026-08-15T13:36:43.615280+00:00,9159bb08a9097485a81138d7ca55f213d24ad1c18e5f2c3185c13df86a35fb84,api.league-pro.com,OK,b2e41b9f24784a61d93e00a877e66ef32d9ab87f728b3d33e51a743e30971bd5
205486,24461,Tournament A17. league 600-700,,2025-04-04T09:00:33.901000+00:00,2025-04-04T03:00:33.901000-06:00,2025-04-04T11:00:33.901000+02:00,3,COMPLETED,1143,Marek Kostal,1070,Jan Briska,3,1,1143,Marek Kostal,,,2025-04-04T09:15:56.626000+00:00,SCHEDULED_START_PLUS_DURATION,2026-08-15T13:36:43.615280+00:00,2026-08-15T13:36:43.615280+00:00,9159bb08a9097485a81138d7ca55f213d24ad1c18e5f2c3185c13df86a35fb84,api.league-pro.com,OK,4b21be1aeeaeb5fea3a084551cccbb6250778dced2a0c3aaa1daae075d4d9c72
205731,24446,Tournament A12. league 450-500,,2025-04-04T09:30:00+00:00,2025-04-04T03:30:00-06:00,2025-04-04T11:30:00+02:00,3,COMPLETED,814,Zdenek Kasinski,1239,Ladislav Havel,0,3,1239,Ladislav Havel,,,2025-04-04T09:39:47+00:00,SCHEDULED_START_PLUS_DURATION,2026-08-15T13:36:43.615280+00:00,2026-08-15T13:36:43.615280+00:00,9159bb08a9097485a81138d7ca55f213d24ad1c18e5f2c3185c13df86a35fb84,api.league-pro.com,OK,cce30bd1ed64908b52b2e48246e2bf95d8b4c138009c10c91694980c48e365ac
205733,24451,Tournament A14. league 600-700,,2025-04-04T09:30:00+00:00,2025-04-04T03:30:00-06:00,2025-04-04T11:30:00+02:00,3,COMPLETED,1632,Martin Jonas,808,Vladimir Havlicek,1,3,808,Vladimir Havlicek,,,2025-04-04T09:48:50+00:00,SCHEDULED_START_PLUS_DURATION,2026-08-15T13:36:43.615280+00:00,2026-08-15T13:36:43.615280+00:00,9159bb08a9097485a81138d7ca55f213d24ad1c18e5f2c3185c13df86a35fb84,api.league-pro.com,OK,ba8d749bea4b72a2985081f3459ce643e8165aee09418233ddcc0e2f5d6153ef
205739,24456,Tournament A16. league 700-800,,2025-04-04T09:30:00+00:00,2025-04-04T03:30:00-06:00,2025-04-04T11:30:00+02:00,3,COMPLETED,980,Vitezslav Malina,1357,Jaroslav Hajek,0,3,1357,Jaroslav Hajek,,,2025-04-04T09:40:30+00:00,SCHEDULED_START_PLUS_DURATION,2026-08-15T13:36:43.615280+00:00,2026-08-15T13:36:43.615280+00:00,9159bb08a9097485a81138d7ca55f213d24ad1c18e5f2c3185c13df86a35fb84,api.league-pro.com,OK,d5a7ed04f9975c1062a1ee31455b77477c68eb1c37c0640d3934607c77566679
205737,24460,Tournament A17. league 700-800,,2025-04-04T09:30:00+00:00,2025-04-04T03:30:00-06:00,2025-04-04T11:30:00+02:00,3,COMPLETED,1403,Ales Hlawatschke,1411,Simon Kadavy,1,3,1411,Simon Kadavy,,,2025-04-04T09:46:54+00:00,SCHEDULED_START_PLUS_DURATION,2026-08-15T13:36:43.615280+00:00,2026-08-15T13:36:43.615280+00:00,9159bb08a9097485a81138d7ca55f213d24ad1c18e5f2c3185c13df86a35fb84,api.league-pro.com,OK,82808e58213066047df9e436cf10a4ed93523d0aaee1b7600dbb3cd0ed1a1946
205735,24465,Tournament A18. league 900-1000,,2025-04-04T09:30:00+00:00,2025-04-04T03:30:00-06:00,2025-04-04T11:30:00+02:00,3,COMPLETED,1132,Jan Pribyl,1111,Radek Benes,1,3,1111,Radek Benes,,,2025-04-04T09:54:10+00:00,SCHEDULED_START_PLUS_DURATION,2026-08-15T13:36:43.615280+00:00,2026-08-15T13:36:43.615280+00:00,9159bb08a9097485a81138d7ca55f213d24ad1c18e5f2c3185c13df86a35fb84,api.league-pro.com,OK,c70ff407736cdcef8e5b804c28eaab8f72766bec67624e970c5e0bcd0fbe258e
205521,24466,Tournament A18. league 800-900,,2025-04-04T09:30:06.848000+00:00,2025-04-04T03:30:06.848000-06:00,2025-04-04T11:30:06.848000+02:00,3,COMPLETED,1100,Filip Theodor,1162,Roman Hudeczek,3,2,1100,Filip Theodor,,,2025-04-04T09:50:08.813000+00:00,SCHEDULED_START_PLUS_DURATION,2026-08-15T13:36:43.615280+00:00,2026-08-15T13:36:43.615280+00:00,9159bb08a9097485a81138d7ca55f213d24ad1c18e5f2c3185c13df86a35fb84,api.league-pro.com,OK,39b2ac157e30b4775c54f6288027857bb3e18184814b2652cb14d118e1fcdef3
205487,24461,Tournament A17. league 600-700,,2025-04-04T09:30:15.535000+00:00,2025-04-04T03:30:15.535000-06:00,2025-04-04T11:30:15.535000+02:00,3,COMPLETED,716,Miroslav Svedik,1522,Tomas Barta,3,0,716,Miroslav Svedik,,,2025-04-04T09:40:37.832000+00:00,SCHEDULED_START_PLUS_DURATION,2026-08-15T13:36:43.615280+00:00,2026-08-15T13:36:43.615280+00:00,9159bb08a9097485a81138d7ca55f213d24ad1c18e5f2c3185c13df86a35fb84,api.league-pro.com,OK,50e8255e4fe7fc0b87e4bb67d589d01fff96ed30f167a9c310b94706e6e12dfa
205463,24457,Tournament A16. league 800-900,,2025-04-04T09:30:17.301000+00:00,2025-04-04T03:30:17.301000-06:00,2025-04-04T11:30:17.301000+02:00,3,COMPLETED,1508,Radek Vosyka,1282,Jan Lovl,0,3,1282,Jan Lovl,,,2025-04-04T09:45:04.668000+00:00,SCHEDULED_START_PLUS_DURATION,2026-08-15T13:36:43.615280+00:00,2026-08-15T13:36:43.615280+00:00,9159bb08a9097485a81138d7ca55f213d24ad1c18e5f2c3185c13df86a35fb84,api.league-pro.com,OK,5d3be22512d170501538198f450dfe04c69c9c886f6755f0861a65d809f02b22
205429,24452,Tournament A14. league 900-1000,,2025-04-04T09:30:37.567000+00:00,2025-04-04T03:30:37.567000-06:00,2025-04-04T11:30:37.567000+02:00,3,COMPLETED,930,Michal Zahradka,1141,Rostyslav Kliuchuk,1,3,1141,Rostyslav Kliuchuk,,,2025-04-04T09:41:38.129000+00:00,SCHEDULED_START_PLUS_DURATION,2026-08-15T13:36:43.615280+00:00,2026-08-15T13:36:43.615280+00:00,9159bb08a9097485a81138d7ca55f213d24ad1c18e5f2c3185c13df86a35fb84,api.league-pro.com,OK,daee85738a565df8db6ab99ceb1cfc106c1449aad9ee85fd71114bdabf6e3dad
205395,24447,Tournament A12. league 500-550,,2025-04-04T09:32:42.421000+00:00,2025-04-04T03:32:42.421000-06:00,2025-04-04T11:32:42.421000+02:00,3,COMPLETED,866,Vaclav Dolezal,1520,Tomas Regner,3,2,866,Vaclav Dolezal,,,2025-04-04T09:54:48.577000+00:00,SCHEDULED_START_PLUS_DURATION,2026-08-15T13:36:43.615280+00:00,2026-08-15T13:36:43.615280+00:00,9159bb08a9097485a81138d7ca55f213d24ad1c18e5f2c3185c13df86a35fb84,api.league-pro.com,OK,6c3962fb6addfe4997e697f8cd8003dbe032e2585103a3028b4a9871fe7b0479
205390,24447,Tournament A12. league 500-550,,2025-04-04T10:00:00+00:00,2025-04-04T04:00:00-06:00,2025-04-04T12:00:00+02:00,3,COMPLETED,1686,Tien Lam,866,Vaclav Dolezal,2,3,866,Vaclav Dolezal,,,2025-04-04T10:22:45+00:00,SCHEDULED_START_PLUS_DURATION,2026-08-15T13:36:43.615280+00:00,2026-08-15T13:36:43.615280+00:00,9159bb08a9097485a81138d7ca55f213d24ad1c18e5f2c3185c13df86a35fb84,api.league-pro.com,OK,10ff52b4e6b4b0414f512a69f7bb85b35b179664405a5ecd49452a9127d70548
205424,24452,Tournament A14. league 900-1000,,2025-04-04T10:00:00+00:00,2025-04-04T04:00:00-06:00,2025-04-04T12:00:00+02:00,3,COMPLETED,1527,Vratislav Petracek,930,Michal Zahradka,1,3,930,Michal Zahradka,,,2025-04-04T10:16:06+00:00,SCHEDULED_START_PLUS_DURATION,2026-08-15T13:36:43.615280+00:00,2026-08-15T13:36:43.615280+00:00,9159bb08a9097485a81138d7ca55f213d24ad1c18e5f2c3185c13df86a35fb84,api.league-pro.com,OK,6dc294c92fdc75be827d8b3c898837622c18dab6b039027f3ea08d9b0ea0f51b
205458,24457,Tournament A16. league 800-900,,2025-04-04T10:00:00+00:00,2025-04-04T04:00:00-06:00,2025-04-04T12:00:00+02:00,3,COMPLETED,981,Radek Fnukal,1508,Radek Vosyka,1,3,1508,Radek Vosyka,,,2025-04-04T10:21:11+00:00,SCHEDULED_START_PLUS_DURATION,2026-08-15T13:36:43.615280+00:00,2026-08-15T13:36:43.615280+00:00,9159bb08a9097485a81138d7ca55f213d24ad1c18e5f2c3185c13df86a35fb84,api.league-pro.com,OK,35377acca6b4f0aee846444273607c38cee91418ad6d5dcfa28f376364f199a1
205482,24461,Tournament A17. league 600-700,,2025-04-04T10:00:00+00:00,2025-04-04T04:00:00-06:00,2025-04-04T12:00:00+02:00,3,COMPLETED,1143,Marek Kostal,716,Miroslav Svedik,3,1,1143,Marek Kostal,,,2025-04-04T10:16:45+00:00,SCHEDULED_START_PLUS_DURATION,2026-08-15T13:36:43.615280+00:00,2026-08-15T13:36:43.615280+00:00,9159bb08a9097485a81138d7ca55f213d24ad1c18e5f2c3185c13df86a35fb84,api.league-pro.com,OK,9714dd4a42232ae80a3f3415e4a81dfeb025bed6baa0b9f56b426e9b5124312b
205516,24466,Tournament A18. league 800-900,,2025-04-04T10:00:00+00:00,2025-04-04T04:00:00-06:00,2025-04-04T12:00:00+02:00,3,COMPLETED,1135,Tomas Fojtik,1100,Filip Theodor,1,3,1100,Filip Theodor,,,2025-04-04T10:14:05+00:00,SCHEDULED_START_PLUS_DURATION,2026-08-15T13:36:43.615280+00:00,2026-08-15T13:36:43.615280+00:00,9159bb08a9097485a81138d7ca55f213d24ad1c18e5f2c3185c13df86a35fb84,api.league-pro.com,OK,28c5a72143ac5fa73b41a3f6a5dd42f4f7b9310579443eec8d3cd9e67d207ab7
224769,24466,Tournament A18. league 800-900,,2025-04-04T10:00:06.949000+00:00,2025-04-04T04:00:06.949000-06:00,2025-04-04T12:00:06.949000+02:00,3,COMPLETED,1162,Roman Hudeczek,1135,Tomas Fojtik,2,3,1135,Tomas Fojtik,,,2025-04-04T10:19:42.216000+00:00,SCHEDULED_START_PLUS_DURATION,2026-08-15T13:36:43.615280+00:00,2026-08-15T13:36:43.615280+00:00,9159bb08a9097485a81138d7ca55f213d24ad1c18e5f2c3185c13df86a35fb84,api.league-pro.com,OK,f272112a82b95ead768e3707ac71a97878771bd67410111771610c7165a488b5
224803,24452,Tournament A14. league 900-1000,,2025-04-04T10:00:09.275000+00:00,2025-04-04T04:00:09.275000-06:00,2025-04-04T12:00:09.275000+02:00,3,COMPLETED,930,Michal Zahradka,1141,Rostyslav Kliuchuk,0,3,1141,Rostyslav Kliuchuk,,,2025-04-04T10:09:47.499000+00:00,SCHEDULED_START_PLUS_DURATION,2026-08-15T13:36:43.615280+00:00,2026-08-15T13:36:43.615280+00:00,9159bb08a9097485a81138d7ca55f213d24ad1c18e5f2c3185c13df86a35fb84,api.league-pro.com,OK,18b49863a388d6a0dff4e262d6efdb2d8ef712103133370d8f773fbf62762729
224821,24461,Tournament A17. league 600-700,,2025-04-04T10:00:35.492000+00:00,2025-04-04T04:00:35.492000-06:00,2025-04-04T12:00:35.492000+02:00,3,COMPLETED,1522,Tomas Barta,1070,Jan Briska,3,2,1522,Tomas Barta,,,2025-04-04T10:16:16.429000+00:00,SCHEDULED_START_PLUS_DURATION,2026-08-15T13:36:43.615280+00:00,2026-08-15T13:36:43.615280+00:00,9159bb08a9097485a81138d7ca55f213d24ad1c18e5f2c3185c13df86a35fb84,api.league-pro.com,OK,07c0e80d87969e65706dff8b5c21baadd89f677b18269a440010f739540032f3
224767,24457,Tournament A16. league 800-900,,2025-04-04T10:01:01.435000+00:00,2025-04-04T04:01:01.435000-06:00,2025-04-04T12:01:01.435000+02:00,3,COMPLETED,1282,Jan Lovl,1508,Radek Vosyka,0,3,1508,Radek Vosyka,,,2025-04-04T10:19:42.350000+00:00,SCHEDULED_START_PLUS_DURATION,2026-08-15T13:36:43.615280+00:00,2026-08-15T13:36:43.615280+00:00,9159bb08a9097485a81138d7ca55f213d24ad1c18e5f2c3185c13df86a35fb84,api.league-pro.com,OK,4186634950423a1bfc1d88ef0aebac7f2835d886e728e3acce3ac4f9a6221d0f
224781,24447,Tournament A12. league 500-550,,2025-04-04T10:01:29.269000+00:00,2025-04-04T04:01:29.269000-06:00,2025-04-04T12:01:29.269000+02:00,3,COMPLETED,1686,Tien Lam,1520,Tomas Regner,3,2,1686,Tien Lam,,,2025-04-04T10:21:06.556000+00:00,SCHEDULED_START_PLUS_DURATION,2026-08-15T13:36:43.615280+00:00,2026-08-15T13:36:43.615280+00:00,9159bb08a9097485a81138d7ca55f213d24ad1c18e5f2c3185c13df86a35fb84,api.league-pro.com,OK,afad90928909af032017b74c698343eb1ad70b49f6443824f7a6b92c4d42a909
205425,24452,Tournament A14. league 900-1000,,2025-04-04T10:30:00+00:00,2025-04-04T04:30:00-06:00,2025-04-04T12:30:00+02:00,3,COMPLETED,684,Martin Huk,1141,Rostyslav Kliuchuk,3,2,684,Martin Huk,,,2025-04-04T10:45:31+00:00,SCHEDULED_START_PLUS_DURATION,2026-08-15T13:36:43.615280+00:00,2026-08-15T13:36:43.615280+00:00,9159bb08a9097485a81138d7ca55f213d24ad1c18e5f2c3185c13df86a35fb84,api.league-pro.com,OK,87ea9b63020277b43f37dd73c5152c6a07c492a083341704070b755f11e0ccf7
205517,24466,Tournament A18. league 800-900,,2025-04-04T10:30:00+00:00,2025-04-04T04:30:00-06:00,2025-04-04T12:30:00+02:00,3,COMPLETED,1642,David Skulina,1162,Roman Hudeczek,3,0,1642,David Skulina,,,2025-04-04T10:41:27+00:00,SCHEDULED_START_PLUS_DURATION,2026-08-15T13:36:43.615280+00:00,2026-08-15T13:36:43.615280+00:00,9159bb08a9097485a81138d7ca55f213d24ad1c18e5f2c3185c13df86a35fb84,api.league-pro.com,OK,e50c2587c5fabdf3d36ef16acad1770c939ac56e43c9c14f2cabed280ad49b76
224770,24466,Tournament A18. league 800-900,,2025-04-04T10:30:04.296000+00:00,2025-04-04T04:30:04.296000-06:00,2025-04-04T12:30:04.296000+02:00,3,COMPLETED,1100,Filip Theodor,1642,David Skulina,2,3,1642,David Skulina,,,2025-04-04T10:50:05.980000+00:00,SCHEDULED_START_PLUS_DURATION,2026-08-15T13:36:43.615280+00:00,2026-08-15T13:36:43.615280+00:00,9159bb08a9097485a81138d7ca55f213d24ad1c18e5f2c3185c13df86a35fb84,api.league-pro.com,OK,8a8deee560ace805e7e665cbbd8942cf1e6d0d4d12d238b23eb195f2d62b2709
224782,24447,Tournament A12. league 500-550,,2025-04-04T10:30:08.608000+00:00,2025-04-04T04:30:08.608000-06:00,2025-04-04T12:30:08.608000+02:00,3,COMPLETED,812,Rostislav Hasmanda,866,Vaclav Dolezal,3,1,812,Rostislav Hasmanda,,,2025-04-04T10:51:13.126000+00:00,SCHEDULED_START_PLUS_DURATION,2026-08-15T13:36:43.615280+00:00,2026-08-15T13:36:43.615280+00:00,9159bb08a9097485a81138d7ca55f213d24ad1c18e5f2c3185c13df86a35fb84,api.league-pro.com,OK,b93d01e60e8c85e831578ac218dade6c2bc26d2ad486115105e3a24391fcc4f3
224804,24452,Tournament A14. league 900-1000,,2025-04-04T10:30:10.666000+00:00,2025-04-04T04:30:10.666000-06:00,2025-04-04T12:30:10.666000+02:00,3,COMPLETED,684,Martin Huk,1527,Vratislav Petracek,0,3,1527,Vratislav Petracek,,,2025-04-04T10:39:02.216000+00:00,SCHEDULED_START_PLUS_DURATION,2026-08-15T13:36:43.615280+00:00,2026-08-15T13:36:43.615280+00:00,9159bb08a9097485a81138d7ca55f213d24ad1c18e5f2c3185c13df86a35fb84,api.league-pro.com,OK,dd88a8e693451ed71f9ff27dd7aff3b172f3dd6fb336b25724cd566a29266399
224822,24461,Tournament A17. league 600-700,,2025-04-04T10:30:29.484000+00:00,2025-04-04T04:30:29.484000-06:00,2025-04-04T12:30:29.484000+02:00,3,COMPLETED,716,Miroslav Svedik,1143,Marek Kostal,3,0,716,Miroslav Svedik,,,2025-04-04T10:42:13.665000+00:00,SCHEDULED_START_PLUS_DURATION,2026-08-15T13:36:43.615280+00:00,2026-08-15T13:36:43.615280+00:00,9159bb08a9097485a81138d7ca55f213d24ad1c18e5f2c3185c13df86a35fb84,api.league-pro.com,OK,d21532ca53ba94a4abbbbdf35e969422bb057d2545bee3b220e3657f183b8bfd
224768,24457,Tournament A16. league 800-900,,2025-04-04T10:30:58.181000+00:00,2025-04-04T04:30:58.181000-06:00,2025-04-04T12:30:58.181000+02:00,3,COMPLETED,1147,Stanislav Hudec,981,Radek Fnukal,0,3,981,Radek Fnukal,,,2025-04-04T10:44:57.686000+00:00,SCHEDULED_START_PLUS_DURATION,2026-08-15T13:36:43.615280+00:00,2026-08-15T13:36:43.615280+00:00,9159bb08a9097485a81138d7ca55f213d24ad1c18e5f2c3185c13df86a35fb84,api.league-pro.com,OK,5b7f56c1a1055251429050496c6d1ea5a9b58d9529be0d5c24369d9e83efccde
205522,24467,Tournament A18. league 600-700,,2025-04-04T10:59:57.248000+00:00,2025-04-04T04:59:57.248000-06:00,2025-04-04T12:59:57.248000+02:00,3,COMPLETED,1298,Milan Zika,1188,Adolf Huttl,0,3,1188,Adolf Huttl,,,2025-04-04T11:18:26.797000+00:00,SCHEDULED_START_PLUS_DURATION,2026-08-15T13:36:43.615280+00:00,2026-08-15T13:36:43.615280+00:00,9159bb08a9097485a81138d7ca55f213d24ad1c18e5f2c3185c13df86a35fb84,api.league-pro.com,OK,b439cda811b9b619a7e6806287444ee4d65b3a5c6a3128fd3bae7940bed42bb0
205396,24448,Tournament A12. league 550-600,,2025-04-04T11:00:09.072000+00:00,2025-04-04T05:00:09.072000-06:00,2025-04-04T13:00:09.072000+02:00,3,COMPLETED,1198,Vlastimil Pszczolka,1679,Jiri Dedek,3,0,1198,Vlastimil Pszczolka,,,2025-04-04T11:14:18.555000+00:00,SCHEDULED_START_PLUS_DURATION,2026-08-15T13:36:43.615280+00:00,2026-08-15T13:36:43.615280+00:00,9159bb08a9097485a81138d7ca55f213d24ad1c18e5f2c3185c13df86a35fb84,api.league-pro.com,OK,ff3a1ab4c3d7db14a0c48ccd723c998889ad7dbf6ea646f344e9d9f88bbefd9d
205430,24453,Tournament A14. league 1000-1100,,2025-04-04T11:00:13.238000+00:00,2025-04-04T05:00:13.238000-06:00,2025-04-04T13:00:13.238000+02:00,3,COMPLETED,681,Marek Fabini,708,Josef Obeslo,3,2,681,Marek Fabini,,,2025-04-04T11:23:41.309000+00:00,SCHEDULED_START_PLUS_DURATION,2026-08-15T13:36:43.615280+00:00,2026-08-15T13:36:43.615280+00:00,9159bb08a9097485a81138d7ca55f213d24ad1c18e5f2c3185c13df86a35fb84,api.league-pro.com,OK,c93089b7a2ce1769f35e286b07ed2349ea8fd2092713705a986a2faf9ec98f5e
205488,24462,Tournament A17. league 700-800,,2025-04-04T11:00:16.510000+00:00,2025-04-04T05:00:16.510000-06:00,2025-04-04T13:00:16.510000+02:00,3,COMPLETED,1662,Martin Vizek,1671,Karel Schopf,3,0,1662,Martin Vizek,,,2025-04-04T11:10:59.957000+00:00,SCHEDULED_START_PLUS_DURATION,2026-08-15T13:36:43.615280+00:00,2026-08-15T13:36:43.615280+00:00,9159bb08a9097485a81138d7ca55f213d24ad1c18e5f2c3185c13df86a35fb84,api.league-pro.com,OK,b7a86d39d2d786d87e225a9b8e4f59fb58c5c7243a910af7713ca67dd06a2724
205464,24458,Tournament A16. league 350-400,,2025-04-04T11:00:59.262000+00:00,2025-04-04T05:00:59.262000-06:00,2025-04-04T13:00:59.262000+02:00,3,COMPLETED,1553,Jiri Beranek,1640,Vaclav Stinil,3,1,1553,Jiri Beranek,,,2025-04-04T11:21:14.829000+00:00,SCHEDULED_START_PLUS_DURATION,2026-08-15T13:36:43.615280+00:00,2026-08-15T13:36:43.615280+00:00,9159bb08a9097485a81138d7ca55f213d24ad1c18e5f2c3185c13df86a35fb84,api.league-pro.com,OK,bb902fa95ca45464401410fa2e5c8dca9f8e70ed1d74c8661a8d63ca18ca9e01
205523,24467,Tournament A18. league 600-700,,2025-04-04T11:30:00.205000+00:00,2025-04-04T05:30:00.205000-06:00,2025-04-04T13:30:00.205000+02:00,3,COMPLETED,1546,Petr Osvald,1174,Petr Jochym,3,0,1546,Petr Osvald,,,2025-04-04T11:41:59.268000+00:00,SCHEDULED_START_PLUS_DURATION,2026-08-15T13:36:43.615280+00:00,2026-08-15T13:36:43.615280+00:00,9159bb08a9097485a81138d7ca55f213d24ad1c18e5f2c3185c13df86a35fb84,api.league-pro.com,OK,a0a5ed9b40ab6505e465b59ef8980a03eec185ed5f832e9564ee9673261a8eaf
205397,24448,Tournament A12. league 550-600,,2025-04-04T11:30:07.495000+00:00,2025-04-04T05:30:07.495000-06:00,2025-04-04T13:30:07.495000+02:00,3,COMPLETED,1078,Kyryl Darin,1015,Michal Vedmoch,2,3,1015,Michal Vedmoch,,,2025-04-04T11:53:21.932000+00:00,SCHEDULED_START_PLUS_DURATION,2026-08-15T13:36:43.615280+00:00,2026-08-15T13:36:43.615280+00:00,9159bb08a9097485a81138d7ca55f213d24ad1c18e5f2c3185c13df86a35fb84,api.league-pro.com,OK,2802e37934f991838d043f39f7bb847be451af8da5e84b699203f538b5f5d62c
205489,24462,Tournament A17. league 700-800,,2025-04-04T11:30:22.475000+00:00,2025-04-04T05:30:22.475000-06:00,2025-04-04T13:30:22.475000+02:00,3,COMPLETED,1629,Matej Volf,1650,Martin Kir,3,1,1629,Matej Volf,,,2025-04-04T11:49:42.492000+00:00,SCHEDULED_START_PLUS_DURATION,2026-08-15T13:36:43.615280+00:00,2026-08-15T13:36:43.615280+00:00,9159bb08a9097485a81138d7ca55f213d24ad1c18e5f2c3185c13df86a35fb84,api.league-pro.com,OK,0285041bf994d935ad7df7d8d25a49a0bf2db3589b379d41205757c664f24a60
205465,24458,Tournament A16. league 350-400,,2025-04-04T11:30:33.441000+00:00,2025-04-04T05:30:33.441000-06:00,2025-04-04T13:30:33.441000+02:00,3,COMPLETED,1594,Pavel Divis,1652,Valentyn Dzumurat,2,3,1652,Valentyn Dzumurat,,,2025-04-04T11:52:57.931000+00:00,SCHEDULED_START_PLUS_DURATION,2026-08-15T13:36:43.615280+00:00,2026-08-15T13:36:43.615280+00:00,9159bb08a9097485a81138d7ca55f213d24ad1c18e5f2c3185c13df86a35fb84,api.league-pro.com,OK,bd7dbac9b93050bd9ffec740419a463ca86be03d9cd92a52670d22c5789559f3
205431,24453,Tournament A14. league 1000-1100,,2025-04-04T11:30:43.717000+00:00,2025-04-04T05:30:43.717000-06:00,2025-04-04T13:30:43.717000+02:00,3,COMPLETED,1417,Tomas Turek,996,Tadeas Zika,3,0,1417,Tomas Turek,,,2025-04-04T11:44:09.123000+00:00,SCHEDULED_START_PLUS_DURATION,2026-08-15T13:36:43.615280+00:00,2026-08-15T13:36:43.615280+00:00,9159bb08a9097485a81138d7ca55f213d24ad1c18e5f2c3185c13df86a35fb84,api.league-pro.com,OK,8941e47e60849f175e37e38c525cbfb2e7b49bd86884479a1668dc37323e43fc
205524,24467,Tournament A18. league 600-700,,2025-04-04T11:59:53.397000+00:00,2025-04-04T05:59:53.397000-06:00,2025-04-04T13:59:53.397000+02:00,3,COMPLETED,1188,Adolf Huttl,1546,Petr Osvald,3,2,1188,Adolf Huttl,,,2025-04-04T12:24:08.896000+00:00,SCHEDULED_START_PLUS_DURATION,2026-08-15T13:36:43.615280+00:00,2026-08-15T13:36:43.615280+00:00,9159bb08a9097485a81138d7ca55f213d24ad1c18e5f2c3185c13df86a35fb84,api.league-pro.com,OK,bccbb219cc3c7cd65f8f61f2f2519537f18350909fa107debb299465b6cdcf67
205398,24448,Tournament A12. league 550-600,,2025-04-04T12:00:10.364000+00:00,2025-04-04T06:00:10.364000-06:00,2025-04-04T14:00:10.364000+02:00,3,COMPLETED,1679,Jiri Dedek,1078,Kyryl Darin,0,3,1078,Kyryl Darin,,,2025-04-04T12:13:43.442000+00:00,SCHEDULED_START_PLUS_DURATION,2026-08-15T13:36:43.615280+00:00,2026-08-15T13:36:43.615280+00:00,9159bb08a9097485a81138d7ca55f213d24ad1c18e5f2c3185c13df86a35fb84,api.league-pro.com,OK,1a11d1b92caf3b2b166b0b90772e7f5a123a196f4aa36d5c7931cf86ab9ebbfc
205490,24462,Tournament A17. league 700-800,,2025-04-04T12:00:13.373000+00:00,2025-04-04T06:00:13.373000-06:00,2025-04-04T14:00:13.373000+02:00,3,COMPLETED,1671,Karel Schopf,1629,Matej Volf,2,3,1629,Matej Volf,,,2025-04-04T12:19:50.448000+00:00,SCHEDULED_START_PLUS_DURATION,2026-08-15T13:36:43.615280+00:00,2026-08-15T13:36:43.615280+00:00,9159bb08a9097485a81138d7ca55f213d24ad1c18e5f2c3185c13df86a35fb84,api.league-pro.com,OK,67a34a5ae3d6b40ac30865595681ee61ddef163c705b1e4d4eaeed1d5afdfaea
205466,24458,Tournament A16. league 350-400,,2025-04-04T12:00:19.927000+00:00,2025-04-04T06:00:19.927000-06:00,2025-04-04T14:00:19.927000+02:00,3,COMPLETED,1640,Vaclav Stinil,1594,Pavel Divis,1,3,1594,Pavel Divis,,,2025-04-04T12:13:39.383000+00:00,SCHEDULED_START_PLUS_DURATION,2026-08-15T13:36:43.615280+00:00,2026-08-15T13:36:43.615280+00:00,9159bb08a9097485a81138d7ca55f213d24ad1c18e5f2c3185c13df86a35fb84,api.league-pro.com,OK,ad3dacc18f3c2dccf9a8aba136cb3a406c7c15529f732fb88afe3b728989b92b
205432,24453,Tournament A14. league 1000-1100,,2025-04-04T12:00:42.387000+00:00,2025-04-04T06:00:42.387000-06:00,2025-04-04T14:00:42.387000+02:00,3,COMPLETED,708,Josef Obeslo,1417,Tomas Turek,3,1,708,Josef Obeslo,,,2025-04-04T12:19:02.458000+00:00,SCHEDULED_START_PLUS_DURATION,2026-08-15T13:36:43.615280+00:00,2026-08-15T13:36:43.615280+00:00,9159bb08a9097485a81138d7ca55f213d24ad1c18e5f2c3185c13df86a35fb84,api.league-pro.com,OK,a897f265f6eaa121a0347c3be0c3f6d6c57569d02d26ae432217c309fc56f15d
205525,24467,Tournament A18. league 600-700,,2025-04-04T12:30:04.182000+00:00,2025-04-04T06:30:04.182000-06:00,2025-04-04T14:30:04.182000+02:00,3,COMPLETED,1174,Petr Jochym,1298,Milan Zika,1,3,1298,Milan Zika,,,2025-04-04T12:42:32.806000+00:00,SCHEDULED_START_PLUS_DURATION,2026-08-15T13:36:43.615280+00:00,2026-08-15T13:36:43.615280+00:00,9159bb08a9097485a81138d7ca55f213d24ad1c18e5f2c3185c13df86a35fb84,api.league-pro.com,OK,ffc5e00f6c02ff9f8da02276837a2f5dababd55d1166179944176c69109bddb4
205399,24448,Tournament A12. league 550-600,,2025-04-04T12:30:10.248000+00:00,2025-04-04T06:30:10.248000-06:00,2025-04-04T14:30:10.248000+02:00,3,COMPLETED,1015,Michal Vedmoch,1198,Vlastimil Pszczolka,2,3,1198,Vlastimil Pszczolka,,,2025-04-04T12:57:40.065000+00:00,SCHEDULED_START_PLUS_DURATION,2026-08-15T13:36:43.615280+00:00,2026-08-15T13:36:43.615280+00:00,9159bb08a9097485a81138d7ca55f213d24ad1c18e5f2c3185c13df86a35fb84,api.league-pro.com,OK,0a095279d533262ece7150cf75552c5a774342c487223be92d931a3c3a36a64e
205491,24462,Tournament A17. league 700-800,,2025-04-04T12:30:30.767000+00:00,2025-04-04T06:30:30.767000-06:00,2025-04-04T14:30:30.767000+02:00,3,COMPLETED,1650,Martin Kir,1662,Martin Vizek,3,1,1650,Martin Kir,,,2025-04-04T12:50:06.504000+00:00,SCHEDULED_START_PLUS_DURATION,2026-08-15T13:36:43.615280+00:00,2026-08-15T13:36:43.615280+00:00,9159bb08a9097485a81138d7ca55f213d24ad1c18e5f2c3185c13df86a35fb84,api.league-pro.com,OK,40597ea653d39ebde9a36f1f0ca762a6f497338cd8b36887c54d9a8194fe2297
205467,24458,Tournament A16. league 350-400,,2025-04-04T12:30:33.747000+00:00,2025-04-04T06:30:33.747000-06:00,2025-04-04T14:30:33.747000+02:00,3,COMPLETED,1652,Valentyn Dzumurat,1553,Jiri Beranek,0,3,1553,Jiri Beranek,,,2025-04-04T12:44:41.045000+00:00,SCHEDULED_START_PLUS_DURATION,2026-08-15T13:36:43.615280+00:00,2026-08-15T13:36:43.615280+00:00,9159bb08a9097485a81138d7ca55f213d24ad1c18e5f2c3185c13df86a35fb84,api.league-pro.com,OK,991e31af27ef5b37749aac136ee0e1f2ffcfec4ac4a91f21c7cab0b620c0d6e0
205433,24453,Tournament A14. league 1000-1100,,2025-04-04T12:30:47.931000+00:00,2025-04-04T06:30:47.931000-06:00,2025-04-04T14:30:47.931000+02:00,3,COMPLETED,996,Tadeas Zika,681,Marek Fabini,3,2,996,Tadeas Zika,,,2025-04-04T12:55:58.176000+00:00,SCHEDULED_START_PLUS_DURATION,2026-08-15T13:36:43.615280+00:00,2026-08-15T13:36:43.615280+00:00,9159bb08a9097485a81138d7ca55f213d24ad1c18e5f2c3185c13df86a35fb84,api.league-pro.com,OK,7ab1b42e549d8f2b3df985b054bcdfc009b2dcd10b6cec9eadbb8856e9c798ad
205434,24453,Tournament A14. league 1000-1100,,2025-04-04T12:59:36.701000+00:00,2025-04-04T06:59:36.701000-06:00,2025-04-04T14:59:36.701000+02:00,3,COMPLETED,681,Marek Fabini,1417,Tomas Turek,3,0,681,Marek Fabini,,,2025-04-04T13:16:26.450000+00:00,SCHEDULED_START_PLUS_DURATION,2026-08-15T13:36:43.615280+00:00,2026-08-15T13:36:43.615280+00:00,9159bb08a9097485a81138d7ca55f213d24ad1c18e5f2c3185c13df86a35fb84,api.league-pro.com,OK,135b935a45c33695658a2986ef44aae3bb29934802ba7a3710e85b25b23608e4
205526,24467,Tournament A18. league 600-700,,2025-04-04T13:00:00.528000+00:00,2025-04-04T07:00:00.528000-06:00,2025-04-04T15:00:00.528000+02:00,3,COMPLETED,1298,Milan Zika,1546,Petr Osvald,2,3,1546,Petr Osvald,,,2025-04-04T13:22:27.365000+00:00,SCHEDULED_START_PLUS_DURATION,2026-08-15T13:36:43.615280+00:00,2026-08-15T13:36:43.615280+00:00,9159bb08a9097485a81138d7ca55f213d24ad1c18e5f2c3185c13df86a35fb84,api.league-pro.com,OK,9a363f46febd5bc0b9fdf2791e4d4fef5196afbae12f2b716170987170cb8c38
205492,24462,Tournament A17. league 700-800,,2025-04-04T13:00:19.289000+00:00,2025-04-04T07:00:19.289000-06:00,2025-04-04T15:00:19.289000+02:00,3,COMPLETED,1662,Martin Vizek,1629,Matej Volf,3,2,1662,Martin Vizek,,,2025-04-04T13:20:37.222000+00:00,SCHEDULED_START_PLUS_DURATION,2026-08-15T13:36:43.615280+00:00,2026-08-15T13:36:43.615280+00:00,9159bb08a9097485a81138d7ca55f213d24ad1c18e5f2c3185c13df86a35fb84,api.league-pro.com,OK,65ecfa250b9f23ba5e43f11113395cd6a0ef30a09161c7d31a43ab98a071d5b6
205468,24458,Tournament A16. league 350-400,,2025-04-04T13:00:25.589000+00:00,2025-04-04T07:00:25.589000-06:00,2025-04-04T15:00:25.589000+02:00,3,COMPLETED,1553,Jiri Beranek,1594,Pavel Divis,3,1,1553,Jiri Beranek,,,2025-04-04T13:16:08.379000+00:00,SCHEDULED_START_PLUS_DURATION,2026-08-15T13:36:43.615280+00:00,2026-08-15T13:36:43.615280+00:00,9159bb08a9097485a81138d7ca55f213d24ad1c18e5f2c3185c13df86a35fb84,api.league-pro.com,OK,320884cd8a272d9d1977a15f7345fb15356417c18b6fe187f1993f2e73187cfa
205400,24448,Tournament A12. league 550-600,,2025-04-04T13:03:10.087000+00:00,2025-04-04T07:03:10.087000-06:00,2025-04-04T15:03:10.087000+02:00,3,COMPLETED,1198,Vlastimil Pszczolka,1078,Kyryl Darin,2,3,1078,Kyryl Darin,,,2025-04-04T13:27:55.327000+00:00,SCHEDULED_START_PLUS_DURATION,2026-08-15T13:36:43.615280+00:00,2026-08-15T13:36:43.615280+00:00,9159bb08a9097485a81138d7ca55f213d24ad1c18e5f2c3185c13df86a35fb84,api.league-pro.com,OK,43edd422fcf28404d1b9565035687a0ecbe0ceb550ba4ee938f33e1bf9dc8e40
205527,24467,Tournament A18. league 600-700,,2025-04-04T13:29:22.292000+00:00,2025-04-04T07:29:22.292000-06:00,2025-04-04T15:29:22.292000+02:00,3,COMPLETED,1188,Adolf Huttl,1174,Petr Jochym,3,2,1188,Adolf Huttl,,,2025-04-04T13:47:38.648000+00:00,SCHEDULED_START_PLUS_DURATION,2026-08-15T13:36:43.615280+00:00,2026-08-15T13:36:43.615280+00:00,9159bb08a9097485a81138d7ca55f213d24ad1c18e5f2c3185c13df86a35fb84,api.league-pro.com,OK,9dd72cb4bc18b1cd30df1c90f72ac81a6f61f88f4b72fa8577b9314782f1fc9f
205493,24462,Tournament A17. league 700-800,,2025-04-04T13:30:18.806000+00:00,2025-04-04T07:30:18.806000-06:00,2025-04-04T15:30:18.806000+02:00,3,COMPLETED,1671,Karel Schopf,1650,Martin Kir,3,2,1671,Karel Schopf,,,2025-04-04T13:52:18.616000+00:00,SCHEDULED_START_PLUS_DURATION,2026-08-15T13:36:43.615280+00:00,2026-08-15T13:36:43.615280+00:00,9159bb08a9097485a81138d7ca55f213d24ad1c18e5f2c3185c13df86a35fb84,api.league-pro.com,OK,23ed9ef65e543cf6ba979d8cb6c274dbf4648cd072f4640db94d8229f1831501
205469,24458,Tournament A16. league 350-400,,2025-04-04T13:30:31.185000+00:00,2025-04-04T07:30:31.185000-06:00,2025-04-04T15:30:31.185000+02:00,3,COMPLETED,1640,Vaclav Stinil,1652,Valentyn Dzumurat,1,3,1652,Valentyn Dzumurat,,,2025-04-04T13:43:16.086000+00:00,SCHEDULED_START_PLUS_DURATION,2026-08-15T13:36:43.615280+00:00,2026-08-15T13:36:43.615280+00:00,9159bb08a9097485a81138d7ca55f213d24ad1c18e5f2c3185c13df86a35fb84,api.league-pro.com,OK,bd003f31267e940455a8acdb995ae4c73fb9c192068db8e5bd24a17074884ea3
205435,24453,Tournament A14. league 1000-1100,,2025-04-04T13:30:34.031000+00:00,2025-04-04T07:30:34.031000-06:00,2025-04-04T15:30:34.031000+02:00,3,COMPLETED,708,Josef Obeslo,996,Tadeas Zika,3,2,708,Josef Obeslo,,,2025-04-04T13:56:24.813000+00:00,SCHEDULED_START_PLUS_DURATION,2026-08-15T13:36:43.615280+00:00,2026-08-15T13:36:43.615280+00:00,9159bb08a9097485a81138d7ca55f213d24ad1c18e5f2c3185c13df86a35fb84,api.league-pro.com,OK,33c0f1f6802babbe2e238befafd37e9691b6e49ad50747779356a8604352fc3e
205401,24448,Tournament A12. league 550-600,,2025-04-04T13:33:08.689000+00:00,2025-04-04T07:33:08.689000-06:00,2025-04-04T15:33:08.689000+02:00,3,COMPLETED,1679,Jiri Dedek,1015,Michal Vedmoch,3,1,1679,Jiri Dedek,,,2025-04-04T13:48:16.105000+00:00,SCHEDULED_START_PLUS_DURATION,2026-08-15T13:36:43.615280+00:00,2026-08-15T13:36:43.615280+00:00,9159bb08a9097485a81138d7ca55f213d24ad1c18e5f2c3185c13df86a35fb84,api.league-pro.com,OK,d033a3fb2e7365f27336a1644b2b93c0f1ca6c50d5e4218ea8f80c6b16f17fcd
224777,24448,Tournament A12. league 550-600,,2025-04-04T14:00:17.142000+00:00,2025-04-04T08:00:17.142000-06:00,2025-04-04T16:00:17.142000+02:00,3,COMPLETED,1015,Michal Vedmoch,1679,Jiri Dedek,2,3,1679,Jiri Dedek,,,2025-04-04T14:23:09.988000+00:00,SCHEDULED_START_PLUS_DURATION,2026-08-15T13:36:43.615280+00:00,2026-08-15T13:36:43.615280+00:00,9159bb08a9097485a81138d7ca55f213d24ad1c18e5f2c3185c13df86a35fb84,api.league-pro.com,OK,0677d253cf9464ebd747037c167088714551c2cf1cc3c54fd623b24036d65c9b
224799,24458,Tournament A16. league 350-400,,2025-04-04T14:00:57.625000+00:00,2025-04-04T08:00:57.625000-06:00,2025-04-04T16:00:57.625000+02:00,3,COMPLETED,1594,Pavel Divis,1640,Vaclav Stinil,3,2,1594,Pavel Divis,,,2025-04-04T14:22:59.056000+00:00,SCHEDULED_START_PLUS_DURATION,2026-08-15T13:36:43.615280+00:00,2026-08-15T13:36:43.615280+00:00,9159bb08a9097485a81138d7ca55f213d24ad1c18e5f2c3185c13df86a35fb84,api.league-pro.com,OK,9c637c150e068317644787697f3f62e16a70b8e7dfb78c9c89f8f6608b65736c
224811,24462,Tournament A17. league 700-800,,2025-04-04T14:01:02.962000+00:00,2025-04-04T08:01:02.962000-06:00,2025-04-04T16:01:02.962000+02:00,3,COMPLETED,1650,Martin Kir,1671,Karel Schopf,0,3,1671,Karel Schopf,,,2025-04-04T14:15:22.838000+00:00,SCHEDULED_START_PLUS_DURATION,2026-08-15T13:36:43.615280+00:00,2026-08-15T13:36:43.615280+00:00,9159bb08a9097485a81138d7ca55f213d24ad1c18e5f2c3185c13df86a35fb84,api.league-pro.com,OK,eeeb1c478968ff01ea53876d6432e953a96e1e09335214ddfa5f64ed40dd1de8
224787,24467,Tournament A18. league 600-700,,2025-04-04T14:01:10.817000+00:00,2025-04-04T08:01:10.817000-06:00,2025-04-04T16:01:10.817000+02:00,3,COMPLETED,1298,Milan Zika,1174,Petr Jochym,1,3,1174,Petr Jochym,,,2025-04-04T14:14:10.117000+00:00,SCHEDULED_START_PLUS_DURATION,2026-08-15T13:36:43.615280+00:00,2026-08-15T13:36:43.615280+00:00,9159bb08a9097485a81138d7ca55f213d24ad1c18e5f2c3185c13df86a35fb84,api.league-pro.com,OK,7007a4fd5c95a9564e14ae7d877627cdab0b81fadf47d96cd09f2ca6eebd0189
224815,24453,Tournament A14. league 1000-1100,,2025-04-04T14:05:36.805000+00:00,2025-04-04T08:05:36.805000-06:00,2025-04-04T16:05:36.805000+02:00,3,COMPLETED,996,Tadeas Zika,1417,Tomas Turek,3,1,996,Tadeas Zika,,,2025-04-04T14:21:29.349000+00:00,SCHEDULED_START_PLUS_DURATION,2026-08-15T13:36:43.615280+00:00,2026-08-15T13:36:43.615280+00:00,9159bb08a9097485a81138d7ca55f213d24ad1c18e5f2c3185c13df86a35fb84,api.league-pro.com,OK,8ab17c847ab25a71fdd860812994ec4544ec55a6f095e2cccfd3eb393eda4443
224788,24467,Tournament A18. league 600-700,,2025-04-04T14:30:00.342000+00:00,2025-04-04T08:30:00.342000-06:00,2025-04-04T16:30:00.342000+02:00,3,COMPLETED,1188,Adolf Huttl,1546,Petr Osvald,3,0,1188,Adolf Huttl,,,2025-04-04T14:42:36.526000+00:00,SCHEDULED_START_PLUS_DURATION,2026-08-15T13:36:43.615280+00:00,2026-08-15T13:36:43.615280+00:00,9159bb08a9097485a81138d7ca55f213d24ad1c18e5f2c3185c13df86a35fb84,api.league-pro.com,OK,4be410a1571bba0ea2cfcfdd6d870466df4ceafa6795e192de7193220dc3364c
224778,24448,Tournament A12. league 550-600,,2025-04-04T14:30:10.902000+00:00,2025-04-04T08:30:10.902000-06:00,2025-04-04T16:30:10.902000+02:00,3,COMPLETED,1198,Vlastimil Pszczolka,1078,Kyryl Darin,3,2,1198,Vlastimil Pszczolka,,,2025-04-04T14:53:56.072000+00:00,SCHEDULED_START_PLUS_DURATION,2026-08-15T13:36:43.615280+00:00,2026-08-15T13:36:43.615280+00:00,9159bb08a9097485a81138d7ca55f213d24ad1c18e5f2c3185c13df86a35fb84,api.league-pro.com,OK,ed5da5b09a3622ecd2196c901d26bcf9105b63e1f661035fbab99e893095dd8a
224816,24453,Tournament A14. league 1000-1100,,2025-04-04T14:30:16.370000+00:00,2025-04-04T08:30:16.370000-06:00,2025-04-04T16:30:16.370000+02:00,3,COMPLETED,681,Marek Fabini,708,Josef Obeslo,3,1,681,Marek Fabini,,,2025-04-04T14:47:52.282000+00:00,SCHEDULED_START_PLUS_DURATION,2026-08-15T13:36:43.615280+00:00,2026-08-15T13:36:43.615280+00:00,9159bb08a9097485a81138d7ca55f213d24ad1c18e5f2c3185c13df86a35fb84,api.league-pro.com,OK,9f5d7f532c5bb5195a25e4c7d25b13cca98e3ffeafed49ed8cfcc830ad8b011c
224800,24458,Tournament A16. league 350-400,,2025-04-04T14:30:18.726000+00:00,2025-04-04T08:30:18.726000-06:00,2025-04-04T16:30:18.726000+02:00,3,COMPLETED,1553,Jiri Beranek,1652,Valentyn Dzumurat,1,3,1652,Valentyn Dzumurat,,,2025-04-04T14:48:35.274000+00:00,SCHEDULED_START_PLUS_DURATION,2026-08-15T13:36:43.615280+00:00,2026-08-15T13:36:43.615280+00:00,9159bb08a9097485a81138d7ca55f213d24ad1c18e5f2c3185c13df86a35fb84,api.league-pro.com,OK,bf4dd6a0a62739232e4783b15118bad85193a9d2b0578405b6825669ea390976
224812,24462,Tournament A17. league 700-800,,2025-04-04T14:30:26.474000+00:00,2025-04-04T08:30:26.474000-06:00,2025-04-04T16:30:26.474000+02:00,3,COMPLETED,1629,Matej Volf,1662,Martin Vizek,3,2,1629,Matej Volf,,,2025-04-04T14:56:23.822000+00:00,SCHEDULED_START_PLUS_DURATION,2026-08-15T13:36:43.615280+00:00,2026-08-15T13:36:43.615280+00:00,9159bb08a9097485a81138d7ca55f213d24ad1c18e5f2c3185c13df86a35fb84,api.league-pro.com,OK,335235adedacedbc69386b8ad90c4d91e8d84c5580a0709133ad51eb2150dbd5
205402,24449,Tournament A12. league 700-800,,2025-04-04T15:00:08.449000+00:00,2025-04-04T09:00:08.449000-06:00,2025-04-04T17:00:08.449000+02:00,3,COMPLETED,1301,Vladislav Hampejs,747,Milan Klement,2,3,747,Milan Klement,,,2025-04-04T15:24:50.931000+00:00,SCHEDULED_START_PLUS_DURATION,2026-08-15T13:36:43.615280+00:00,2026-08-15T13:36:43.615280+00:00,9159bb08a9097485a81138d7ca55f213d24ad1c18e5f2c3185c13df86a35fb84,api.league-pro.com,OK,05765b617963774a6318c516fe262fbbf4cbb7211750ceec9fa6231df9afd2c8
205494,24463,Tournament A17. league 800-900,,2025-04-04T15:00:11.125000+00:00,2025-04-04T09:00:11.125000-06:00,2025-04-04T17:00:11.125000+02:00,3,COMPLETED,818,Marek Sedlak,1128,Radim Urbaniec,3,2,818,Marek Sedlak,,,2025-04-04T15:22:34.095000+00:00,SCHEDULED_START_PLUS_DURATION,2026-08-15T13:36:43.615280+00:00,2026-08-15T13:36:43.615280+00:00,9159bb08a9097485a81138d7ca55f213d24ad1c18e5f2c3185c13df86a35fb84,api.league-pro.com,OK,9e9a0b0b6d625e634d11cbda6af7a28bffc345ca6d6cb9ea64d592e3d1b17be3
205528,24468,Tournament A18. league 500-550,,2025-04-04T15:00:12.066000+00:00,2025-04-04T09:00:12.066000-06:00,2025-04-04T17:00:12.066000+02:00,3,COMPLETED,1049,Jaromir Kanok,1076,Ondrej Homola,3,0,1049,Jaromir Kanok,,,2025-04-04T15:15:15.086000+00:00,SCHEDULED_START_PLUS_DURATION,2026-08-15T13:36:43.615280+00:00,2026-08-15T13:36:43.615280+00:00,9159bb08a9097485a81138d7ca55f213d24ad1c18e5f2c3185c13df86a35fb84,api.league-pro.com,OK,eaff5d932f42f42e3f79bd7ba19e948da3ebb40aeb6d8050dd638b47ee642535
205436,24454,Tournament A14. league 1000-1100,,2025-04-04T15:00:16.749000+00:00,2025-04-04T09:00:16.749000-06:00,2025-04-04T17:00:16.749000+02:00,3,COMPLETED,688,Erik Mares,771,Zdenek Bilek,3,0,688,Erik Mares,,,2025-04-04T15:13:59.889000+00:00,SCHEDULED_START_PLUS_DURATION,2026-08-15T13:36:43.615280+00:00,2026-08-15T13:36:43.615280+00:00,9159bb08a9097485a81138d7ca55f213d24ad1c18e5f2c3185c13df86a35fb84,api.league-pro.com,OK,52dc265dec7f7bec8000c625b075b05a21ffc98f984f6704f68a2d71a31075e0
205470,24459,Tournament A16. league 600-700,,2025-04-04T15:00:47.435000+00:00,2025-04-04T09:00:47.435000-06:00,2025-04-04T17:00:47.435000+02:00,3,COMPLETED,1308,Jan Vaclavek,1330,Jan Kabelka,3,1,1308,Jan Vaclavek,,,2025-04-04T15:20:04.735000+00:00,SCHEDULED_START_PLUS_DURATION,2026-08-15T13:36:43.615280+00:00,2026-08-15T13:36:43.615280+00:00,9159bb08a9097485a81138d7ca55f213d24ad1c18e5f2c3185c13df86a35fb84,api.league-pro.com,OK,57cc86581ddce491ee0322e95c97c97537bfd41d97061a966d0578e8ab04aa89
205403,24449,Tournament A12. league 700-800,,2025-04-04T15:30:06.972000+00:00,2025-04-04T09:30:06.972000-06:00,2025-04-04T17:30:06.972000+02:00,3,COMPLETED,1286,Jan Przybyla,853,Patrik Pycha,3,2,1286,Jan Przybyla,,,2025-04-04T15:50:38.534000+00:00,SCHEDULED_START_PLUS_DURATION,2026-08-15T13:36:43.615280+00:00,2026-08-15T13:36:43.615280+00:00,9159bb08a9097485a81138d7ca55f213d24ad1c18e5f2c3185c13df86a35fb84,api.league-pro.com,OK,72f1b2868795a00e7f1cb304955bd0cda3a049f98583d84e55ddc3f88bc8e3a7
205529,24468,Tournament A18. league 500-550,,2025-04-04T15:30:14.962000+00:00,2025-04-04T09:30:14.962000-06:00,2025-04-04T17:30:14.962000+02:00,3,COMPLETED,1281,Daniel Kubos,1175,Tomas Navrat,1,3,1175,Tomas Navrat,,,2025-04-04T15:54:30.894000+00:00,SCHEDULED_START_PLUS_DURATION,2026-08-15T13:36:43.615280+00:00,2026-08-15T13:36:43.615280+00:00,9159bb08a9097485a81138d7ca55f213d24ad1c18e5f2c3185c13df86a35fb84,api.league-pro.com,OK,2b0ab81a13fbc09721330dcc02365368d790d457047b682e72fbf9266e3ae35d
205471,24459,Tournament A16. league 600-700,,2025-04-04T15:30:15.907000+00:00,2025-04-04T09:30:15.907000-06:00,2025-04-04T17:30:15.907000+02:00,3,COMPLETED,1343,Tomas Pelikan,977,Petr Svec,3,1,1343,Tomas Pelikan,,,2025-04-04T15:46:28.266000+00:00,SCHEDULED_START_PLUS_DURATION,2026-08-15T13:36:43.615280+00:00,2026-08-15T13:36:43.615280+00:00,9159bb08a9097485a81138d7ca55f213d24ad1c18e5f2c3185c13df86a35fb84,api.league-pro.com,OK,eb3cda9a129285298330e717a5d512164192e68d0361b5570d8dc9fef70425f0
205495,24463,Tournament A17. league 800-900,,2025-04-04T15:30:16.158000+00:00,2025-04-04T09:30:16.158000-06:00,2025-04-04T17:30:16.158000+02:00,3,COMPLETED,881,Marcel Pikous,1668,Oleksandr Kolisnyk,3,1,881,Marcel Pikous,,,2025-04-04T15:47:09.329000+00:00,SCHEDULED_START_PLUS_DURATION,2026-08-15T13:36:43.615280+00:00,2026-08-15T13:36:43.615280+00:00,9159bb08a9097485a81138d7ca55f213d24ad1c18e5f2c3185c13df86a35fb84,api.league-pro.com,OK,f148db13f9c28ba7daf54b254a7d65f60c2bc59356b15f548d5dee9b22ebc575
205437,24454,Tournament A14. league 1000-1100,,2025-04-04T15:30:21.530000+00:00,2025-04-04T09:30:21.530000-06:00,2025-04-04T17:30:21.530000+02:00,3,COMPLETED,864,Tomas Postelt,996,Tadeas Zika,3,2,864,Tomas Postelt,,,2025-04-04T15:55:17.824000+00:00,SCHEDULED_START_PLUS_DURATION,2026-08-15T13:36:43.615280+00:00,2026-08-15T13:36:43.615280+00:00,9159bb08a9097485a81138d7ca55f213d24ad1c18e5f2c3185c13df86a35fb84,api.league-pro.com,OK,6ca9338e0abb3b3af8300be1fbd073a110df7ce28c57c5b59f57db9bfb2b968a
205496,24463,Tournament A17. league 800-900,,2025-04-04T16:00:15.503000+00:00,2025-04-04T10:00:15.503000-06:00,2025-04-04T18:00:15.503000+02:00,3,COMPLETED,1128,Radim Urbaniec,881,Marcel Pikous,1,3,881,Marcel Pikous,,,2025-04-04T16:19:33.342000+00:00,SCHEDULED_START_PLUS_DURATION,2026-08-15T13:36:43.615280+00:00,2026-08-15T13:36:43.615280+00:00,9159bb08a9097485a81138d7ca55f213d24ad1c18e5f2c3185c13df86a35fb84,api.league-pro.com,OK,e94b9d8f9f8a1a965fceb2138f4b6852390552975801f8663b0d96e9d81d886d
205472,24459,Tournament A16. league 600-700,,2025-04-04T16:00:22.181000+00:00,2025-04-04T10:00:22.181000-06:00,2025-04-04T18:00:22.181000+02:00,3,COMPLETED,1330,Jan Kabelka,1343,Tomas Pelikan,2,3,1343,Tomas Pelikan,,,2025-04-04T16:22:09.771000+00:00,SCHEDULED_START_PLUS_DURATION,2026-08-15T13:36:43.615280+00:00,2026-08-15T13:36:43.615280+00:00,9159bb08a9097485a81138d7ca55f213d24ad1c18e5f2c3185c13df86a35fb84,api.league-pro.com,OK,69f5462dfa4335b35e30096360e349036ee9ca37e6c4ed0e01bf0da1f599dfdc
205530,24468,Tournament A18. league 500-550,,2025-04-04T16:00:34.501000+00:00,2025-04-04T10:00:34.501000-06:00,2025-04-04T18:00:34.501000+02:00,3,COMPLETED,1076,Ondrej Homola,1281,Daniel Kubos,0,3,1281,Daniel Kubos,,,2025-04-04T16:10:21.698000+00:00,SCHEDULED_START_PLUS_DURATION,2026-08-15T13:36:43.615280+00:00,2026-08-15T13:36:43.615280+00:00,9159bb08a9097485a81138d7ca55f213d24ad1c18e5f2c3185c13df86a35fb84,api.league-pro.com,OK,5889ed9c9b9d2168baea653c351d097bb3f5e6b8267cd9fdda6c068c628b22f9
205438,24454,Tournament A14. league 1000-1100,,2025-04-04T16:00:40.473000+00:00,2025-04-04T10:00:40.473000-06:00,2025-04-04T18:00:40.473000+02:00,3,COMPLETED,771,Zdenek Bilek,864,Tomas Postelt,3,1,771,Zdenek Bilek,,,2025-04-04T16:18:39.969000+00:00,SCHEDULED_START_PLUS_DURATION,2026-08-15T13:36:43.615280+00:00,2026-08-15T13:36:43.615280+00:00,9159bb08a9097485a81138d7ca55f213d24ad1c18e5f2c3185c13df86a35fb84,api.league-pro.com,OK,afb9e0adc5a31ddfd4528c9561e32d33f10e564c6ae2de0115f43ede240762d0
205404,24449,Tournament A12. league 700-800,,2025-04-04T16:04:46.523000+00:00,2025-04-04T10:04:46.523000-06:00,2025-04-04T18:04:46.523000+02:00,3,COMPLETED,747,Milan Klement,1286,Jan Przybyla,3,1,747,Milan Klement,,,2025-04-04T16:21:10.056000+00:00,SCHEDULED_START_PLUS_DURATION,2026-08-15T13:36:43.615280+00:00,2026-08-15T13:36:43.615280+00:00,9159bb08a9097485a81138d7ca55f213d24ad1c18e5f2c3185c13df86a35fb84,api.league-pro.com,OK,5463b075fc1609f2c62f876e4938aa2063905ac0ce2ca0ee215f0ad836cadd7d
205405,24449,Tournament A12. league 700-800,,2025-04-04T16:30:06.706000+00:00,2025-04-04T10:30:06.706000-06:00,2025-04-04T18:30:06.706000+02:00,3,COMPLETED,853,Patrik Pycha,1301,Vladislav Hampejs,3,2,853,Patrik Pycha,,,2025-04-04T16:56:45.700000+00:00,SCHEDULED_START_PLUS_DURATION,2026-08-15T13:36:43.615280+00:00,2026-08-15T13:36:43.615280+00:00,9159bb08a9097485a81138d7ca55f213d24ad1c18e5f2c3185c13df86a35fb84,api.league-pro.com,OK,261378a258d5981df38713399798bc13993489bc764b39799d8a9fa29a759b46
205531,24468,Tournament A18. league 500-550,,2025-04-04T16:30:17.859000+00:00,2025-04-04T10:30:17.859000-06:00,2025-04-04T18:30:17.859000+02:00,3,COMPLETED,1175,Tomas Navrat,1049,Jaromir Kanok,3,0,1175,Tomas Navrat,,,2025-04-04T16:46:13.042000+00:00,SCHEDULED_START_PLUS_DURATION,2026-08-15T13:36:43.615280+00:00,2026-08-15T13:36:43.615280+00:00,9159bb08a9097485a81138d7ca55f213d24ad1c18e5f2c3185c13df86a35fb84,api.league-pro.com,OK,060b296776c43671e8b49c0ac1dd57557099aac44cae280834b0989a9a1ca8e6
205497,24463,Tournament A17. league 800-900,,2025-04-04T16:30:20.114000+00:00,2025-04-04T10:30:20.114000-06:00,2025-04-04T18:30:20.114000+02:00,3,COMPLETED,1668,Oleksandr Kolisnyk,818,Marek Sedlak,3,0,1668,Oleksandr Kolisnyk,,,2025-04-04T16:40:48.901000+00:00,SCHEDULED_START_PLUS_DURATION,2026-08-15T13:36:43.615280+00:00,2026-08-15T13:36:43.615280+00:00,9159bb08a9097485a81138d7ca55f213d24ad1c18e5f2c3185c13df86a35fb84,api.league-pro.com,OK,4b3327d02387af495ba71c201a2e5fafcc44be43ab43b7a510f718d9fc9c012a
205473,24459,Tournament A16. league 600-700,,2025-04-04T16:30:21.027000+00:00,2025-04-04T10:30:21.027000-06:00,2025-04-04T18:30:21.027000+02:00,3,COMPLETED,977,Petr Svec,1308,Jan Vaclavek,1,3,1308,Jan Vaclavek,,,2025-04-04T16:53:22.303000+00:00,SCHEDULED_START_PLUS_DURATION,2026-08-15T13:36:43.615280+00:00,2026-08-15T13:36:43.615280+00:00,9159bb08a9097485a81138d7ca55f213d24ad1c18e5f2c3185c13df86a35fb84,api.league-pro.com,OK,5d24705ff9b29be641d38344cce5e9709d64f5da503a6b93a883898e74e573f0
205439,24454,Tournament A14. league 1000-1100,,2025-04-04T16:30:24.900000+00:00,2025-04-04T10:30:24.900000-06:00,2025-04-04T18:30:24.900000+02:00,3,COMPLETED,996,Tadeas Zika,688,Erik Mares,0,3,688,Erik Mares,,,2025-04-04T16:42:35.376000+00:00,SCHEDULED_START_PLUS_DURATION,2026-08-15T13:36:43.615280+00:00,2026-08-15T13:36:43.615280+00:00,9159bb08a9097485a81138d7ca55f213d24ad1c18e5f2c3185c13df86a35fb84,api.league-pro.com,OK,e9b60da877b875cf8dc18a7ab21401771d80de1be188f78a316d944872e81323
205498,24463,Tournament A17. league 800-900,,2025-04-04T17:00:11.565000+00:00,2025-04-04T11:00:11.565000-06:00,2025-04-04T19:00:11.565000+02:00,3,COMPLETED,818,Marek Sedlak,881,Marcel Pikous,2,3,881,Marcel Pikous,,,2025-04-04T17:22:14.049000+00:00,SCHEDULED_START_PLUS_DURATION,2026-08-15T13:36:43.615280+00:00,2026-08-15T13:36:43.615280+00:00,9159bb08a9097485a81138d7ca55f213d24ad1c18e5f2c3185c13df86a35fb84,api.league-pro.com,OK,b892fb396581bfcf84850223df5347aa2d77d912a57a9b8921205ff5d0d1c0fc
205440,24454,Tournament A14. league 1000-1100,,2025-04-04T17:00:15.067000+00:00,2025-04-04T11:00:15.067000-06:00,2025-04-04T19:00:15.067000+02:00,3,COMPLETED,688,Erik Mares,864,Tomas Postelt,3,0,688,Erik Mares,,,2025-04-04T17:14:39.810000+00:00,SCHEDULED_START_PLUS_DURATION,2026-08-15T13:36:43.615280+00:00,2026-08-15T13:36:43.615280+00:00,9159bb08a9097485a81138d7ca55f213d24ad1c18e5f2c3185c13df86a35fb84,api.league-pro.com,OK,10dbef9ad0ccbc712d81990d6a7b6f6869adbee9eb9cae1c748b9aa2c5adde6d
205474,24459,Tournament A16. league 600-700,,2025-04-04T17:00:18.925000+00:00,2025-04-04T11:00:18.925000-06:00,2025-04-04T19:00:18.925000+02:00,3,COMPLETED,1308,Jan Vaclavek,1343,Tomas Pelikan,1,3,1343,Tomas Pelikan,,,2025-04-04T17:23:45.003000+00:00,SCHEDULED_START_PLUS_DURATION,2026-08-15T13:36:43.615280+00:00,2026-08-15T13:36:43.615280+00:00,9159bb08a9097485a81138d7ca55f213d24ad1c18e5f2c3185c13df86a35fb84,api.league-pro.com,OK,a363fe5671adf942fdc00ebdc4ab1698a692438ed9aba055a4f5e4ab1926cc98
205532,24468,Tournament A18. league 500-550,,2025-04-04T17:00:18.998000+00:00,2025-04-04T11:00:18.998000-06:00,2025-04-04T19:00:18.998000+02:00,3,COMPLETED,1049,Jaromir Kanok,1281,Daniel Kubos,3,2,1049,Jaromir Kanok,,,2025-04-04T17:24:07.100000+00:00,SCHEDULED_START_PLUS_DURATION,2026-08-15T13:36:43.615280+00:00,2026-08-15T13:36:43.615280+00:00,9159bb08a9097485a81138d7ca55f213d24ad1c18e5f2c3185c13df86a35fb84,api.league-pro.com,OK,b8d6c35d5ebcd646a0c296011116a1857ca8a42db08233e8fb9f7c9df4946b1f
205406,24449,Tournament A12. league 700-800,,2025-04-04T17:03:07.062000+00:00,2025-04-04T11:03:07.062000-06:00,2025-04-04T19:03:07.062000+02:00,3,COMPLETED,1301,Vladislav Hampejs,1286,Jan Przybyla,1,3,1286,Jan Przybyla,,,2025-04-04T17:19:57.012000+00:00,SCHEDULED_START_PLUS_DURATION,2026-08-15T13:36:43.615280+00:00,2026-08-15T13:36:43.615280+00:00,9159bb08a9097485a81138d7ca55f213d24ad1c18e5f2c3185c13df86a35fb84,api.league-pro.com,OK,1d1f4ce4a3904cebe454b5846b122739802d4e4833e59509aa015a9e0d5857db
205407,24449,Tournament A12. league 700-800,,2025-04-04T17:30:07.445000+00:00,2025-04-04T11:30:07.445000-06:00,2025-04-04T19:30:07.445000+02:00,3,COMPLETED,747,Milan Klement,853,Patrik Pycha,3,1,747,Milan Klement,,,2025-04-04T17:50:54.732000+00:00,SCHEDULED_START_PLUS_DURATION,2026-08-15T13:36:43.615280+00:00,2026-08-15T13:36:43.615280+00:00,9159bb08a9097485a81138d7ca55f213d24ad1c18e5f2c3185c13df86a35fb84,api.league-pro.com,OK,9388f87f54b363f81f1b7687dc7b06f40f1bbc2cb55b718cb58464a0de7f72b1
205533,24468,Tournament A18. league 500-550,,2025-04-04T17:30:08.784000+00:00,2025-04-04T11:30:08.784000-06:00,2025-04-04T19:30:08.784000+02:00,3,COMPLETED,1076,Ondrej Homola,1175,Tomas Navrat,0,3,1175,Tomas Navrat,,,2025-04-04T17:43:25.191000+00:00,SCHEDULED_START_PLUS_DURATION,2026-08-15T13:36:43.615280+00:00,2026-08-15T13:36:43.615280+00:00,9159bb08a9097485a81138d7ca55f213d24ad1c18e5f2c3185c13df86a35fb84,api.league-pro.com,OK,ffda6fd969927217b2ec6bffb06eb8a8978c792bc7243d6bb45cc6f73b6ff5f0
205475,24459,Tournament A16. league 600-700,,2025-04-04T17:30:15.822000+00:00,2025-04-04T11:30:15.822000-06:00,2025-04-04T19:30:15.822000+02:00,3,COMPLETED,1330,Jan Kabelka,977,Petr Svec,3,2,1330,Jan Kabelka,,,2025-04-04T17:50:23.627000+00:00,SCHEDULED_START_PLUS_DURATION,2026-08-15T13:36:43.615280+00:00,2026-08-15T13:36:43.615280+00:00,9159bb08a9097485a81138d7ca55f213d24ad1c18e5f2c3185c13df86a35fb84,api.league-pro.com,OK,9bd64b5ccbb9db85cab0a36576705030a407de83d199eaaed3c42b9e5924604e
205499,24463,Tournament A17. league 800-900,,2025-04-04T17:30:18.729000+00:00,2025-04-04T11:30:18.729000-06:00,2025-04-04T19:30:18.729000+02:00,3,COMPLETED,1128,Radim Urbaniec,1668,Oleksandr Kolisnyk,3,2,1128,Radim Urbaniec,,,2025-04-04T17:50:25.652000+00:00,SCHEDULED_START_PLUS_DURATION,2026-08-15T13:36:43.615280+00:00,2026-08-15T13:36:43.615280+00:00,9159bb08a9097485a81138d7ca55f213d24ad1c18e5f2c3185c13df86a35fb84,api.league-pro.com,OK,77f26a966d5cda6a3797e882c9ca2193b989f00e6a5bcf9487417f830d040edb
205441,24454,Tournament A14. league 1000-1100,,2025-04-04T17:30:52.833000+00:00,2025-04-04T11:30:52.833000-06:00,2025-04-04T19:30:52.833000+02:00,3,COMPLETED,771,Zdenek Bilek,996,Tadeas Zika,0,3,996,Tadeas Zika,,,2025-04-04T17:44:53.282000+00:00,SCHEDULED_START_PLUS_DURATION,2026-08-15T13:36:43.615280+00:00,2026-08-15T13:36:43.615280+00:00,9159bb08a9097485a81138d7ca55f213d24ad1c18e5f2c3185c13df86a35fb84,api.league-pro.com,OK,5382c69f2e15217e044f457b841006f5a2b917ced8a03021b49fbfeea7624d54
224809,24449,Tournament A12. league 700-800,,2025-04-04T18:00:09.768000+00:00,2025-04-04T12:00:09.768000-06:00,2025-04-04T20:00:09.768000+02:00,3,COMPLETED,853,Patrik Pycha,1301,Vladislav Hampejs,3,0,853,Patrik Pycha,,,2025-04-04T18:13:56.628000+00:00,SCHEDULED_START_PLUS_DURATION,2026-08-15T13:36:43.615280+00:00,2026-08-15T13:36:43.615280+00:00,9159bb08a9097485a81138d7ca55f213d24ad1c18e5f2c3185c13df86a35fb84,api.league-pro.com,OK,97157051cef9838982416f2eef251154e263567de3377fdb31428cf97f469d78
224819,24468,Tournament A18. league 500-550,,2025-04-04T18:00:14.528000+00:00,2025-04-04T12:00:14.528000-06:00,2025-04-04T20:00:14.528000+02:00,3,COMPLETED,1281,Daniel Kubos,1076,Ondrej Homola,3,0,1281,Daniel Kubos,,,2025-04-04T18:10:54.804000+00:00,SCHEDULED_START_PLUS_DURATION,2026-08-15T13:36:43.615280+00:00,2026-08-15T13:36:43.615280+00:00,9159bb08a9097485a81138d7ca55f213d24ad1c18e5f2c3185c13df86a35fb84,api.league-pro.com,OK,e38c1e5ccee39f8a122906320f1fe11e63aebdf6402f4d832c92b877f73950f3
224793,24459,Tournament A16. league 600-700,,2025-04-04T18:00:24.698000+00:00,2025-04-04T12:00:24.698000-06:00,2025-04-04T20:00:24.698000+02:00,3,COMPLETED,1330,Jan Kabelka,977,Petr Svec,3,1,1330,Jan Kabelka,,,2025-04-04T18:17:45.286000+00:00,SCHEDULED_START_PLUS_DURATION,2026-08-15T13:36:43.615280+00:00,2026-08-15T13:36:43.615280+00:00,9159bb08a9097485a81138d7ca55f213d24ad1c18e5f2c3185c13df86a35fb84,api.league-pro.com,OK,3001fba7efdf9144d414f7287893bd9aaf5588f37e76fc38820464adb6a20aed
224827,24463,Tournament A17. league 800-900,,2025-04-04T18:00:33.117000+00:00,2025-04-04T12:00:33.117000-06:00,2025-04-04T20:00:33.117000+02:00,3,COMPLETED,1128,Radim Urbaniec,818,Marek Sedlak,3,0,1128,Radim Urbaniec,,,2025-04-04T18:11:01.996000+00:00,SCHEDULED_START_PLUS_DURATION,2026-08-15T13:36:43.615280+00:00,2026-08-15T13:36:43.615280+00:00,9159bb08a9097485a81138d7ca55f213d24ad1c18e5f2c3185c13df86a35fb84,api.league-pro.com,OK,8b8cb030cd1819840ad1f3dde7f732d7466e6415ee03cf3fea516dcbd2fddfb9
224785,24454,Tournament A14. league 1000-1100,,2025-04-04T18:00:40.323000+00:00,2025-04-04T12:00:40.323000-06:00,2025-04-04T20:00:40.323000+02:00,3,COMPLETED,864,Tomas Postelt,771,Zdenek Bilek,3,1,864,Tomas Postelt,,,2025-04-04T18:21:38.747000+00:00,SCHEDULED_START_PLUS_DURATION,2026-08-15T13:36:43.615280+00:00,2026-08-15T13:36:43.615280+00:00,9159bb08a9097485a81138d7ca55f213d24ad1c18e5f2c3185c13df86a35fb84,api.league-pro.com,OK,3faccbf5459a23012a6016e859f08debb62c732c9a2fce079e9bf27954a30139
224810,24449,Tournament A12. league 700-800,,2025-04-04T18:30:09.625000+00:00,2025-04-04T12:30:09.625000-06:00,2025-04-04T20:30:09.625000+02:00,3,COMPLETED,747,Milan Klement,1286,Jan Przybyla,3,1,747,Milan Klement,,,2025-04-04T18:48:02.130000+00:00,SCHEDULED_START_PLUS_DURATION,2026-08-15T13:36:43.615280+00:00,2026-08-15T13:36:43.615280+00:00,9159bb08a9097485a81138d7ca55f213d24ad1c18e5f2c3185c13df86a35fb84,api.league-pro.com,OK,26366086d7cd9e8bea056e775a5215fcf45ce12e1e19c3988b2cc58c7c66e750
224828,24463,Tournament A17. league 800-900,,2025-04-04T18:30:11.337000+00:00,2025-04-04T12:30:11.337000-06:00,2025-04-04T20:30:11.337000+02:00,3,COMPLETED,881,Marcel Pikous,1668,Oleksandr Kolisnyk,0,3,1668,Oleksandr Kolisnyk,,,2025-04-04T18:41:15.642000+00:00,SCHEDULED_START_PLUS_DURATION,2026-08-15T13:36:43.615280+00:00,2026-08-15T13:36:43.615280+00:00,9159bb08a9097485a81138d7ca55f213d24ad1c18e5f2c3185c13df86a35fb84,api.league-pro.com,OK,2b747654e2595829084fe90c300614b3ab565eea511dc35ca2aec5b840ea3ff0
224794,24459,Tournament A16. league 600-700,,2025-04-04T18:30:15.995000+00:00,2025-04-04T12:30:15.995000-06:00,2025-04-04T20:30:15.995000+02:00,3,COMPLETED,1343,Tomas Pelikan,1308,Jan Vaclavek,3,1,1343,Tomas Pelikan,,,2025-04-04T18:52:08.908000+00:00,SCHEDULED_START_PLUS_DURATION,2026-08-15T13:36:43.615280+00:00,2026-08-15T13:36:43.615280+00:00,9159bb08a9097485a81138d7ca55f213d24ad1c18e5f2c3185c13df86a35fb84,api.league-pro.com,OK,44f06678f3d3a79e3c42f7be7610a398dcc903dd96614852b62df699e1c0bc89
224820,24468,Tournament A18. league 500-550,,2025-04-04T18:30:40.029000+00:00,2025-04-04T12:30:40.029000-06:00,2025-04-04T20:30:40.029000+02:00,3,COMPLETED,1175,Tomas Navrat,1049,Jaromir Kanok,1,3,1049,Jaromir Kanok,,,2025-04-04T18:48:01.266000+00:00,SCHEDULED_START_PLUS_DURATION,2026-08-15T13:36:43.615280+00:00,2026-08-15T13:36:43.615280+00:00,9159bb08a9097485a81138d7ca55f213d24ad1c18e5f2c3185c13df86a35fb84,api.league-pro.com,OK,6452bbf365b192dc4d57cb5eaea7eaaabe4a99967c1847623cb2969de4e99c45
224786,24454,Tournament A14. league 1000-1100,,2025-04-04T18:30:43.459000+00:00,2025-04-04T12:30:43.459000-06:00,2025-04-04T20:30:43.459000+02:00,3,COMPLETED,688,Erik Mares,996,Tadeas Zika,2,3,996,Tadeas Zika,,,2025-04-04T19:04:28.407000+00:00,SCHEDULED_START_PLUS_DURATION,2026-08-15T13:36:43.615280+00:00,2026-08-15T13:36:43.615280+00:00,9159bb08a9097485a81138d7ca55f213d24ad1c18e5f2c3185c13df86a35fb84,api.league-pro.com,OK,fcc55edc922522ad4cc5078adaf3c5736e5d9e64bc0e364fde851836c29df4e8
205409,24450,Tournament A12. league 600-700,,2025-04-04T19:30:09.747000+00:00,2025-04-04T13:30:09.747000-06:00,2025-04-04T21:30:09.747000+02:00,3,COMPLETED,1434,Frantisek Briza,837,Radim Pavelka,1,3,837,Radim Pavelka,,,2025-04-04T19:45:13.082000+00:00,SCHEDULED_START_PLUS_DURATION,2026-08-15T13:36:45.526555+00:00,2026-08-15T13:36:45.526555+00:00,d55a1f5fa2f78e39fb39ca94edc9cde3f88107b95a40be5942e9adff36fa9fff,api.league-pro.com,OK,7ee3d504fed9d1019bdf3b6e1aa8052a21ffe0c1dc8a38836dce79d2ab37202f
205501,24464,Tournament A17. league 700-800,,2025-04-04T19:30:18.635000+00:00,2025-04-04T13:30:18.635000-06:00,2025-04-04T21:30:18.635000+02:00,3,COMPLETED,1671,Karel Schopf,1650,Martin Kir,3,1,1671,Karel Schopf,,,2025-04-04T19:48:50.762000+00:00,SCHEDULED_START_PLUS_DURATION,2026-08-15T13:36:45.526555+00:00,2026-08-15T13:36:45.526555+00:00,d55a1f5fa2f78e39fb39ca94edc9cde3f88107b95a40be5942e9adff36fa9fff,api.league-pro.com,OK,56d15b631f02609ea8202ed1f7309b8f94b18d2e601857c02a42a84764e39ec3
205443,24455,Tournament A14. league 350-400,,2025-04-04T19:34:42.029000+00:00,2025-04-04T13:34:42.029000-06:00,2025-04-04T21:34:42.029000+02:00,3,COMPLETED,954,Matej Pycha,1587,Tomas Kucera,3,1,954,Matej Pycha,,,2025-04-04T19:53:20.697000+00:00,SCHEDULED_START_PLUS_DURATION,2026-08-15T13:36:45.526555+00:00,2026-08-15T13:36:45.526555+00:00,d55a1f5fa2f78e39fb39ca94edc9cde3f88107b95a40be5942e9adff36fa9fff,api.league-pro.com,OK,a39a1683c18840c1a7581ef30511cae3a7392e5d23112b89866f5948532c6b77
205410,24450,Tournament A12. league 600-700,,2025-04-04T20:00:09.566000+00:00,2025-04-04T14:00:09.566000-06:00,2025-04-04T22:00:09.566000+02:00,3,COMPLETED,822,Jaroslav Prokupek,863,Daniel Tuma,3,1,822,Jaroslav Prokupek,,,2025-04-04T20:15:24.312000+00:00,SCHEDULED_START_PLUS_DURATION,2026-08-15T13:36:45.526555+00:00,2026-08-15T13:36:45.526555+00:00,d55a1f5fa2f78e39fb39ca94edc9cde3f88107b95a40be5942e9adff36fa9fff,api.league-pro.com,OK,022eda4a3415507d75130cf087dcdf51d53c5b39fe8b9804eaabb9f89cb8c6c3
205444,24455,Tournament A14. league 350-400,,2025-04-04T20:01:04.860000+00:00,2025-04-04T14:01:04.860000-06:00,2025-04-04T22:01:04.860000+02:00,3,COMPLETED,1475,Jaroslav Martinek,1597,Jiri Grohsgott,3,0,1475,Jaroslav Martinek,,,2025-04-04T20:17:33.640000+00:00,SCHEDULED_START_PLUS_DURATION,2026-08-15T13:36:45.526555+00:00,2026-08-15T13:36:45.526555+00:00,d55a1f5fa2f78e39fb39ca94edc9cde3f88107b95a40be5942e9adff36fa9fff,api.league-pro.com,OK,7e7c7344f939763f96bf5a4004a740fff86ba1f1561f92ddea00c6c7894effbb
205502,24464,Tournament A17. league 700-800,,2025-04-04T20:01:12.075000+00:00,2025-04-04T14:01:12.075000-06:00,2025-04-04T22:01:12.075000+02:00,3,COMPLETED,1522,Tomas Barta,934,Jiri Plachy,1,3,934,Jiri Plachy,,,2025-04-04T20:17:43.137000+00:00,SCHEDULED_START_PLUS_DURATION,2026-08-15T13:36:45.526555+00:00,2026-08-15T13:36:45.526555+00:00,d55a1f5fa2f78e39fb39ca94edc9cde3f88107b95a40be5942e9adff36fa9fff,api.league-pro.com,OK,ddf25d4b5350bcc80dfa962a52a69cb8a8ee138cfa6590669f342aef07fa19b7
205411,24450,Tournament A12. league 600-700,,2025-04-04T20:30:08.883000+00:00,2025-04-04T14:30:08.883000-06:00,2025-04-04T22:30:08.883000+02:00,3,COMPLETED,1418,Tomas Dousa,1434,Frantisek Briza,2,3,1434,Frantisek Briza,,,2025-04-04T20:53:33.297000+00:00,SCHEDULED_START_PLUS_DURATION,2026-08-15T13:36:45.526555+00:00,2026-08-15T13:36:45.526555+00:00,d55a1f5fa2f78e39fb39ca94edc9cde3f88107b95a40be5942e9adff36fa9fff,api.league-pro.com,OK,111d837a5f721efe719f11a9fdcf1be06eac80615d9bed36a391ccc8e0bdaeb1
205445,24455,Tournament A14. league 350-400,,2025-04-04T20:30:29.306000+00:00,2025-04-04T14:30:29.306000-06:00,2025-04-04T22:30:29.306000+02:00,3,COMPLETED,1228,Jaromir Cernik,954,Matej Pycha,0,3,954,Matej Pycha,,,2025-04-04T20:46:45.899000+00:00,SCHEDULED_START_PLUS_DURATION,2026-08-15T13:36:45.526555+00:00,2026-08-15T13:36:45.526555+00:00,d55a1f5fa2f78e39fb39ca94edc9cde3f88107b95a40be5942e9adff36fa9fff,api.league-pro.com,OK,b737fcf6df1ddbbdbb400d7c67497838a4303b1ee5f2a279b248aff344c45fda
205503,24464,Tournament A17. league 700-800,,2025-04-04T20:30:31.161000+00:00,2025-04-04T14:30:31.161000-06:00,2025-04-04T22:30:31.161000+02:00,3,COMPLETED,843,Tomas Janata,1671,Karel Schopf,0,3,1671,Karel Schopf,,,2025-04-04T20:44:13.035000+00:00,SCHEDULED_START_PLUS_DURATION,2026-08-15T13:36:45.526555+00:00,2026-08-15T13:36:45.526555+00:00,d55a1f5fa2f78e39fb39ca94edc9cde3f88107b95a40be5942e9adff36fa9fff,api.league-pro.com,OK,e11242e88c282ec4571b157585a7a589a893530cd80660df44883b472bce54c0
205412,24450,Tournament A12. league 600-700,,2025-04-04T21:00:11.037000+00:00,2025-04-04T15:00:11.037000-06:00,2025-04-04T23:00:11.037000+02:00,3,COMPLETED,863,Daniel Tuma,837,Radim Pavelka,3,1,863,Daniel Tuma,,,2025-04-04T21:14:46.395000+00:00,SCHEDULED_START_PLUS_DURATION,2026-08-15T13:36:45.526555+00:00,2026-08-15T13:36:45.526555+00:00,d55a1f5fa2f78e39fb39ca94edc9cde3f88107b95a40be5942e9adff36fa9fff,api.league-pro.com,OK,032c9333ca98abb23e7ba094884fab1f327bc6b0ef58a140421b01c535c00683
205446,24455,Tournament A14. league 350-400,,2025-04-04T21:00:37.337000+00:00,2025-04-04T15:00:37.337000-06:00,2025-04-04T23:00:37.337000+02:00,3,COMPLETED,1597,Jiri Grohsgott,1587,Tomas Kucera,3,0,1597,Jiri Grohsgott,,,2025-04-04T21:12:35.213000+00:00,SCHEDULED_START_PLUS_DURATION,2026-08-15T13:36:45.526555+00:00,2026-08-15T13:36:45.526555+00:00,d55a1f5fa2f78e39fb39ca94edc9cde3f88107b95a40be5942e9adff36fa9fff,api.league-pro.com,OK,5a66a03f30cc3bcfb8cbf66a34e71735ac75b7ee86054211bdcc25e0bf99b713
205504,24464,Tournament A17. league 700-800,,2025-04-04T21:00:38.849000+00:00,2025-04-04T15:00:38.849000-06:00,2025-04-04T23:00:38.849000+02:00,3,COMPLETED,934,Jiri Plachy,1650,Martin Kir,2,3,1650,Martin Kir,,,2025-04-04T21:23:25.829000+00:00,SCHEDULED_START_PLUS_DURATION,2026-08-15T13:36:45.526555+00:00,2026-08-15T13:36:45.526555+00:00,d55a1f5fa2f78e39fb39ca94edc9cde3f88107b95a40be5942e9adff36fa9fff,api.league-pro.com,OK,2d2d22ba4f8c36cdc549843a6e0d225bd4f02e81a4f8478362001971c31f1371
205413,24450,Tournament A12. league 600-700,,2025-04-04T21:30:16.724000+00:00,2025-04-04T15:30:16.724000-06:00,2025-04-04T23:30:16.724000+02:00,3,COMPLETED,822,Jaroslav Prokupek,1434,Frantisek Briza,1,3,1434,Frantisek Briza,,,2025-04-04T21:46:16.989000+00:00,SCHEDULED_START_PLUS_DURATION,2026-08-15T13:36:45.526555+00:00,2026-08-15T13:36:45.526555+00:00,d55a1f5fa2f78e39fb39ca94edc9cde3f88107b95a40be5942e9adff36fa9fff,api.league-pro.com,OK,aeba0d0b523ad6716d65d5de4a66b157aa4033f273b725adeb0a20c1afd7a353
205505,24464,Tournament A17. league 700-800,,2025-04-04T21:30:23.960000+00:00,2025-04-04T15:30:23.960000-06:00,2025-04-04T23:30:23.960000+02:00,3,COMPLETED,1522,Tomas Barta,1671,Karel Schopf,0,3,1671,Karel Schopf,,,2025-04-04T21:42:00.019000+00:00,SCHEDULED_START_PLUS_DURATION,2026-08-15T13:36:45.526555+00:00,2026-08-15T13:36:45.526555+00:00,d55a1f5fa2f78e39fb39ca94edc9cde3f88107b95a40be5942e9adff36fa9fff,api.league-pro.com,OK,73a70b41bb19c7049c62586657da4c772c9881632ba54cc1da28ce2a75c1e2e0
205447,24455,Tournament A14. league 350-400,,2025-04-04T21:30:29.315000+00:00,2025-04-04T15:30:29.315000-06:00,2025-04-04T23:30:29.315000+02:00,3,COMPLETED,1475,Jaroslav Martinek,954,Matej Pycha,2,3,954,Matej Pycha,,,2025-04-04T21:55:56.538000+00:00,SCHEDULED_START_PLUS_DURATION,2026-08-15T13:36:45.526555+00:00,2026-08-15T13:36:45.526555+00:00,d55a1f5fa2f78e39fb39ca94edc9cde3f88107b95a40be5942e9adff36fa9fff,api.league-pro.com,OK,0a830a18ad6197929d692a2f561a1fa24607d060b24fcba33b04d313a2b0d531
205414,24450,Tournament A12. league 600-700,,2025-04-04T22:00:09.502000+00:00,2025-04-04T16:00:09.502000-06:00,2025-04-05T00:00:09.502000+02:00,3,COMPLETED,837,Radim Pavelka,1418,Tomas Dousa,3,1,837,Radim Pavelka,,,2025-04-04T22:20:49.953000+00:00,SCHEDULED_START_PLUS_DURATION,2026-08-15T13:36:45.526555+00:00,2026-08-15T13:36:45.526555+00:00,d55a1f5fa2f78e39fb39ca94edc9cde3f88107b95a40be5942e9adff36fa9fff,api.league-pro.com,OK,5026a76df2cfae2586f1306df2452b023d9bffe23f4e1cc06b88c8aa5b50f42c
205506,24464,Tournament A17. league 700-800,,2025-04-04T22:00:18.826000+00:00,2025-04-04T16:00:18.826000-06:00,2025-04-05T00:00:18.826000+02:00,3,COMPLETED,1650,Martin Kir,843,Tomas Janata,1,3,843,Tomas Janata,,,2025-04-04T22:22:15.780000+00:00,SCHEDULED_START_PLUS_DURATION,2026-08-15T13:36:45.526555+00:00,2026-08-15T13:36:45.526555+00:00,d55a1f5fa2f78e39fb39ca94edc9cde3f88107b95a40be5942e9adff36fa9fff,api.league-pro.com,OK,41b5fe710c5bffa6fbc9fba10bf17fda452c6e6ccdb2745182756b34b5957fe3
205448,24455,Tournament A14. league 350-400,,2025-04-04T22:00:48.138000+00:00,2025-04-04T16:00:48.138000-06:00,2025-04-05T00:00:48.138000+02:00,3,COMPLETED,1587,Tomas Kucera,1228,Jaromir Cernik,3,0,1587,Tomas Kucera,,,2025-04-04T22:20:37.480000+00:00,SCHEDULED_START_PLUS_DURATION,2026-08-15T13:36:45.526555+00:00,2026-08-15T13:36:45.526555+00:00,d55a1f5fa2f78e39fb39ca94edc9cde3f88107b95a40be5942e9adff36fa9fff,api.league-pro.com,OK,098a5fe981130d842b23792e467537405467b2f7e3acf57a41cdc680abe3f2d8
205415,24450,Tournament A12. league 600-700,,2025-04-04T22:30:12.415000+00:00,2025-04-04T16:30:12.415000-06:00,2025-04-05T00:30:12.415000+02:00,3,COMPLETED,1434,Frantisek Briza,863,Daniel Tuma,3,2,1434,Frantisek Briza,,,2025-04-04T22:51:01.828000+00:00,SCHEDULED_START_PLUS_DURATION,2026-08-15T13:36:45.526555+00:00,2026-08-15T13:36:45.526555+00:00,d55a1f5fa2f78e39fb39ca94edc9cde3f88107b95a40be5942e9adff36fa9fff,api.league-pro.com,OK,1969afcdd6322c6602875e857137f75d79623aabc71baa4bc7ab7a9f4ca2609d
205449,24455,Tournament A14. league 350-400,,2025-04-04T22:30:19.035000+00:00,2025-04-04T16:30:19.035000-06:00,2025-04-05T00:30:19.035000+02:00,3,COMPLETED,954,Matej Pycha,1597,Jiri Grohsgott,0,3,1597,Jiri Grohsgott,,,2025-04-04T22:45:18.158000+00:00,SCHEDULED_START_PLUS_DURATION,2026-08-15T13:36:45.526555+00:00,2026-08-15T13:36:45.526555+00:00,d55a1f5fa2f78e39fb39ca94edc9cde3f88107b95a40be5942e9adff36fa9fff,api.league-pro.com,OK,47a00d8a45c2f62835cfba8949b6431b52c3e3afd2ea0cf037a8b16e2103f496
205507,24464,Tournament A17. league 700-800,,2025-04-04T22:30:23.193000+00:00,2025-04-04T16:30:23.193000-06:00,2025-04-05T00:30:23.193000+02:00,3,COMPLETED,1671,Karel Schopf,934,Jiri Plachy,3,0,1671,Karel Schopf,,,2025-04-04T22:44:05.422000+00:00,SCHEDULED_START_PLUS_DURATION,2026-08-15T13:36:45.526555+00:00,2026-08-15T13:36:45.526555+00:00,d55a1f5fa2f78e39fb39ca94edc9cde3f88107b95a40be5942e9adff36fa9fff,api.league-pro.com,OK,50c7e3d11d8129608af3f5f678b8f9ac8af0914fbdba2825e9b2159f8074df65
205416,24450,Tournament A12. league 600-700,,2025-04-04T23:00:11.697000+00:00,2025-04-04T17:00:11.697000-06:00,2025-04-05T01:00:11.697000+02:00,3,COMPLETED,837,Radim Pavelka,822,Jaroslav Prokupek,1,3,822,Jaroslav Prokupek,,,2025-04-04T23:20:14.245000+00:00,SCHEDULED_START_PLUS_DURATION,2026-08-15T13:36:45.526555+00:00,2026-08-15T13:36:45.526555+00:00,d55a1f5fa2f78e39fb39ca94edc9cde3f88107b95a40be5942e9adff36fa9fff,api.league-pro.com,OK,8857aa1c8fb61107f37fe6f01fda2336bd48d1dd05a45c9c64378c8f81ed1072
205508,24464,Tournament A17. league 700-800,,2025-04-04T23:00:19.188000+00:00,2025-04-04T17:00:19.188000-06:00,2025-04-05T01:00:19.188000+02:00,3,COMPLETED,1650,Martin Kir,1522,Tomas Barta,3,1,1650,Martin Kir,,,2025-04-04T23:16:48.545000+00:00,SCHEDULED_START_PLUS_DURATION,2026-08-15T13:36:45.526555+00:00,2026-08-15T13:36:45.526555+00:00,d55a1f5fa2f78e39fb39ca94edc9cde3f88107b95a40be5942e9adff36fa9fff,api.league-pro.com,OK,74568ecd1b12927c838aa759b94a56cef1d08749d6e361494e3d15ffe5f5cb00
205450,24455,Tournament A14. league 350-400,,2025-04-04T23:00:30.848000+00:00,2025-04-04T17:00:30.848000-06:00,2025-04-05T01:00:30.848000+02:00,3,COMPLETED,1587,Tomas Kucera,1475,Jaroslav Martinek,3,1,1587,Tomas Kucera,,,2025-04-04T23:18:56.717000+00:00,SCHEDULED_START_PLUS_DURATION,2026-08-15T13:36:45.526555+00:00,2026-08-15T13:36:45.526555+00:00,d55a1f5fa2f78e39fb39ca94edc9cde3f88107b95a40be5942e9adff36fa9fff,api.league-pro.com,OK,dce982fae297f84ec44877753a90983e11add241971dd79ffea91c36e6cc3519
205451,24455,Tournament A14. league 350-400,,2025-04-04T23:30:12.092000+00:00,2025-04-04T17:30:12.092000-06:00,2025-04-05T01:30:12.092000+02:00,3,COMPLETED,1597,Jiri Grohsgott,1228,Jaromir Cernik,3,0,1597,Jiri Grohsgott,,,2025-04-04T23:50:37.574000+00:00,SCHEDULED_START_PLUS_DURATION,2026-08-15T13:36:45.526555+00:00,2026-08-15T13:36:45.526555+00:00,d55a1f5fa2f78e39fb39ca94edc9cde3f88107b95a40be5942e9adff36fa9fff,api.league-pro.com,OK,23832f66c21fafa4e61c15d5e4ff91de4de389f5a06f74938240ab00e3b4faf0
205417,24450,Tournament A12. league 600-700,,2025-04-04T23:30:13.198000+00:00,2025-04-04T17:30:13.198000-06:00,2025-04-05T01:30:13.198000+02:00,3,COMPLETED,863,Daniel Tuma,1418,Tomas Dousa,3,2,863,Daniel Tuma,,,2025-04-04T23:54:17.590000+00:00,SCHEDULED_START_PLUS_DURATION,2026-08-15T13:36:45.526555+00:00,2026-08-15T13:36:45.526555+00:00,d55a1f5fa2f78e39fb39ca94edc9cde3f88107b95a40be5942e9adff36fa9fff,api.league-pro.com,OK,149f59a43384dff0beef5f89ee6a4e12a3e4db98ea73de8391ff911003bbea1a
205509,24464,Tournament A17. league 700-800,,2025-04-04T23:30:19.602000+00:00,2025-04-04T17:30:19.602000-06:00,2025-04-05T01:30:19.602000+02:00,3,COMPLETED,934,Jiri Plachy,843,Tomas Janata,0,3,843,Tomas Janata,,,2025-04-04T23:46:44.530000+00:00,SCHEDULED_START_PLUS_DURATION,2026-08-15T13:36:45.526555+00:00,2026-08-15T13:36:45.526555+00:00,d55a1f5fa2f78e39fb39ca94edc9cde3f88107b95a40be5942e9adff36fa9fff,api.league-pro.com,OK,e2467ec97d921d1fdf68d61ce53bae854d41c21ecf1840d81271777a8cb454d3
