match_id,tournament_id,tournament_name,league_band,scheduled_start_utc,scheduled_start_mountain,scheduled_start_prague,official_status,normalized_status,player_1_id,player_1_name,player_2_id,player_2_name,player_1_sets,player_2_sets,winner_player_id,winner_player_name,set_scores,completed_at_utc,calculated_finish_utc,calculated_finish_method,first_seen_at_utc,last_changed_at_utc,source_snapshot_id,source,data_quality,content_hash
307203,36390,Tournament A14. League 900-1000,900-1000,2026-09-04T00:00:11.192000+00:00,2026-09-03T18:00:11.192000-06:00,2026-09-04T02:00:11.192000+02:00,3,COMPLETED,1839,Jan Simecek,1563,Martin Sychra,3,0,1839,Jan Simecek,,,2026-09-04T00:08:32.285000+00:00,SCHEDULED_START_PLUS_DURATION,2026-09-03T17:42:04.577951+00:00,2026-09-04T05:42:04.522656+00:00,65a797efd3d90e5732a970270ce89aa715e489a53428c64a7f01323278bff54a,api.league-pro.com,OK,34abaa9f8e153143910586c88f41100ef4e56b90c95ce02afe4675483c937505
307311,36403,Tournament A17. League 700-800,700-800,2026-09-04T00:00:17.496000+00:00,2026-09-03T18:00:17.496000-06:00,2026-09-04T02:00:17.496000+02:00,3,COMPLETED,1679,Jiri Dedek,934,Jiri Plachy,3,0,1679,Jiri Dedek,,,2026-09-04T00:27:23.040000+00:00,SCHEDULED_START_PLUS_DURATION,2026-09-03T17:42:04.577951+00:00,2026-09-04T05:42:04.522656+00:00,65a797efd3d90e5732a970270ce89aa715e489a53428c64a7f01323278bff54a,api.league-pro.com,OK,86a3bab0198ac4435248a0bc1d8f4a81b686ed0d8167d659b5fa9376e6ed8cf2
307151,36384,Tournament A12. League 350-400,350-400,2026-09-04T00:00:28.953000+00:00,2026-09-03T18:00:28.953000-06:00,2026-09-04T02:00:28.953000+02:00,3,COMPLETED,1321,Alexander Hejduk,1144,Jaroslav Strnad,3,0,1321,Alexander Hejduk,,,2026-09-04T00:15:00.033000+00:00,SCHEDULED_START_PLUS_DURATION,2026-09-03T17:42:04.577951+00:00,2026-09-04T05:42:04.522656+00:00,65a797efd3d90e5732a970270ce89aa715e489a53428c64a7f01323278bff54a,api.league-pro.com,OK,fa2ba58523201820a24df09dd7fa6c10ab0dca55a9208f6d1d33995b4d4e50c0
307204,36390,Tournament A14. League 900-1000,900-1000,2026-09-04T00:30:07.838000+00:00,2026-09-03T18:30:07.838000-06:00,2026-09-04T02:30:07.838000+02:00,3,COMPLETED,747,Milan Klement,1561,Tomas Franek,3,2,747,Milan Klement,,,2026-09-04T00:51:22.603000+00:00,SCHEDULED_START_PLUS_DURATION,2026-09-03T17:42:04.577951+00:00,2026-09-04T05:42:04.522656+00:00,65a797efd3d90e5732a970270ce89aa715e489a53428c64a7f01323278bff54a,api.league-pro.com,OK,ace5cc5d76d91f2fac7712e55bc113540843686ee1e345b1d72de7709644ebcb
307152,36384,Tournament A12. League 350-400,350-400,2026-09-04T00:30:16.950000+00:00,2026-09-03T18:30:16.950000-06:00,2026-09-04T02:30:16.950000+02:00,3,COMPLETED,1228,Jaromir Cernik,1597,Jiri Grohsgott,0,3,1597,Jiri Grohsgott,,,2026-09-04T00:50:02.719000+00:00,SCHEDULED_START_PLUS_DURATION,2026-09-03T17:42:04.577951+00:00,2026-09-04T05:42:04.522656+00:00,65a797efd3d90e5732a970270ce89aa715e489a53428c64a7f01323278bff54a,api.league-pro.com,OK,6e520a5e0c7e05f6df9adebf4989cbd0f2137bd4654ebdebe44fd8bf84863288
307312,36403,Tournament A17. League 700-800,700-800,2026-09-04T00:30:26.016000+00:00,2026-09-03T18:30:26.016000-06:00,2026-09-04T02:30:26.016000+02:00,3,COMPLETED,822,Jaroslav Prokupek,1872,Jan Trefny,0,3,1872,Jan Trefny,,,2026-09-04T00:41:41.874000+00:00,SCHEDULED_START_PLUS_DURATION,2026-09-03T17:42:04.577951+00:00,2026-09-04T05:42:04.522656+00:00,65a797efd3d90e5732a970270ce89aa715e489a53428c64a7f01323278bff54a,api.league-pro.com,OK,9f1b347b6fd76646c61edcab75eeaae83f02402b403a6cff274ebcf7e1c990f5
307153,36384,Tournament A12. League 350-400,350-400,2026-09-04T01:00:05.127000+00:00,2026-09-03T19:00:05.127000-06:00,2026-09-04T03:00:05.127000+02:00,3,COMPLETED,1144,Jaroslav Strnad,1557,Miroslav Vaclavik,0,3,1557,Miroslav Vaclavik,,,2026-09-04T01:16:37.783000+00:00,SCHEDULED_START_PLUS_DURATION,2026-09-03T17:42:04.577951+00:00,2026-09-04T05:42:04.522656+00:00,65a797efd3d90e5732a970270ce89aa715e489a53428c64a7f01323278bff54a,api.league-pro.com,OK,f758e45a71f78f6b48285620e2c2aff3b2f5a7a97d363259cfe7eb003bebcbd8
307205,36390,Tournament A14. League 900-1000,900-1000,2026-09-04T01:00:07.044000+00:00,2026-09-03T19:00:07.044000-06:00,2026-09-04T03:00:07.044000+02:00,3,COMPLETED,1563,Martin Sychra,1873,Mark Wagner,1,3,1873,Mark Wagner,,,2026-09-04T01:14:40.011000+00:00,SCHEDULED_START_PLUS_DURATION,2026-09-03T17:42:04.577951+00:00,2026-09-04T05:42:04.522656+00:00,65a797efd3d90e5732a970270ce89aa715e489a53428c64a7f01323278bff54a,api.league-pro.com,OK,f7f24e0c2b66fb7251e89bbe1ead279ac50ca6f3f84d07e2abf51ee1b8e128b4
307313,36403,Tournament A17. League 700-800,700-800,2026-09-04T01:00:10.084000+00:00,2026-09-03T19:00:10.084000-06:00,2026-09-04T03:00:10.084000+02:00,3,COMPLETED,934,Jiri Plachy,1015,Michal Vedmoch,1,3,1015,Michal Vedmoch,,,2026-09-04T01:16:24.922000+00:00,SCHEDULED_START_PLUS_DURATION,2026-09-03T17:42:04.577951+00:00,2026-09-04T05:42:04.522656+00:00,65a797efd3d90e5732a970270ce89aa715e489a53428c64a7f01323278bff54a,api.league-pro.com,OK,2bb23391a595f757b2c7086e3e73e6f3ce190b7e62c248bf7d7076f9d55faf47
307206,36390,Tournament A14. League 900-1000,900-1000,2026-09-04T01:30:06.627000+00:00,2026-09-03T19:30:06.627000-06:00,2026-09-04T03:30:06.627000+02:00,3,COMPLETED,1561,Tomas Franek,1839,Jan Simecek,0,3,1839,Jan Simecek,,,2026-09-04T01:40:35.460000+00:00,SCHEDULED_START_PLUS_DURATION,2026-09-03T17:42:04.577951+00:00,2026-09-04T05:42:04.522656+00:00,65a797efd3d90e5732a970270ce89aa715e489a53428c64a7f01323278bff54a,api.league-pro.com,OK,ea5f0862ff40995dcc5fcddc370b68520039761f4a0704b21e20e9c1dd5ed468
307154,36384,Tournament A12. League 350-400,350-400,2026-09-04T01:30:09.134000+00:00,2026-09-03T19:30:09.134000-06:00,2026-09-04T03:30:09.134000+02:00,3,COMPLETED,1597,Jiri Grohsgott,1321,Alexander Hejduk,3,0,1597,Jiri Grohsgott,,,2026-09-04T01:42:56.160000+00:00,SCHEDULED_START_PLUS_DURATION,2026-09-03T17:42:04.577951+00:00,2026-09-04T05:42:04.522656+00:00,65a797efd3d90e5732a970270ce89aa715e489a53428c64a7f01323278bff54a,api.league-pro.com,OK,9eb5f01d21a01ceff4ac550b55a834bb8712680aa4c4c0d226d25c0a426f097e
307314,36403,Tournament A17. League 700-800,700-800,2026-09-04T01:30:10.036000+00:00,2026-09-03T19:30:10.036000-06:00,2026-09-04T03:30:10.036000+02:00,3,COMPLETED,1872,Jan Trefny,1679,Jiri Dedek,3,1,1872,Jan Trefny,,,2026-09-04T01:46:54.363000+00:00,SCHEDULED_START_PLUS_DURATION,2026-09-03T17:42:04.577951+00:00,2026-09-04T05:42:04.522656+00:00,65a797efd3d90e5732a970270ce89aa715e489a53428c64a7f01323278bff54a,api.league-pro.com,OK,97d9ef3d246fe543c21ac55da021dee724fc6d3a426f2723adde1d74b0f9f4fa
307315,36403,Tournament A17. League 700-800,700-800,2026-09-04T02:00:10.886000+00:00,2026-09-03T20:00:10.886000-06:00,2026-09-04T04:00:10.886000+02:00,3,COMPLETED,934,Jiri Plachy,822,Jaroslav Prokupek,2,3,822,Jaroslav Prokupek,,,2026-09-04T02:23:23.115000+00:00,SCHEDULED_START_PLUS_DURATION,2026-09-03T17:42:04.577951+00:00,2026-09-04T05:42:04.522656+00:00,65a797efd3d90e5732a970270ce89aa715e489a53428c64a7f01323278bff54a,api.league-pro.com,OK,53b1f0bb318a5e44f475f8b127ab4a9d5a85b2e1896a8a43525613efe9d62e7c
307207,36390,Tournament A14. League 900-1000,900-1000,2026-09-04T02:00:12.418000+00:00,2026-09-03T20:00:12.418000-06:00,2026-09-04T04:00:12.418000+02:00,3,COMPLETED,1563,Martin Sychra,747,Milan Klement,3,0,1563,Martin Sychra,,,2026-09-04T02:12:15.370000+00:00,SCHEDULED_START_PLUS_DURATION,2026-09-03T17:42:04.577951+00:00,2026-09-04T05:42:04.522656+00:00,65a797efd3d90e5732a970270ce89aa715e489a53428c64a7f01323278bff54a,api.league-pro.com,OK,b67d51f6f42d00c6c6c352b640a62cbfedb1d7e20e2a54c1bdc9b41e352af583
307155,36384,Tournament A12. League 350-400,350-400,2026-09-04T02:00:14.944000+00:00,2026-09-03T20:00:14.944000-06:00,2026-09-04T04:00:14.944000+02:00,3,COMPLETED,1144,Jaroslav Strnad,1228,Jaromir Cernik,2,3,1228,Jaromir Cernik,,,2026-09-04T02:43:22.090000+00:00,SCHEDULED_START_PLUS_DURATION,2026-09-03T17:42:04.577951+00:00,2026-09-04T05:42:04.522656+00:00,65a797efd3d90e5732a970270ce89aa715e489a53428c64a7f01323278bff54a,api.league-pro.com,OK,e3a6da6ff73c00abccca17cb77351bb4d6dca382aa49be5349da17b491ee4f78
307208,36390,Tournament A14. League 900-1000,900-1000,2026-09-04T02:30:08.136000+00:00,2026-09-03T20:30:08.136000-06:00,2026-09-04T04:30:08.136000+02:00,3,COMPLETED,1839,Jan Simecek,1873,Mark Wagner,2,3,1873,Mark Wagner,,,2026-09-04T02:51:57.127000+00:00,SCHEDULED_START_PLUS_DURATION,2026-09-03T17:42:04.577951+00:00,2026-09-04T05:42:04.522656+00:00,65a797efd3d90e5732a970270ce89aa715e489a53428c64a7f01323278bff54a,api.league-pro.com,OK,938719b11e3b6f841e584f07e57a71500b2c76aae525cf8850ea933bb5322b64
307316,36403,Tournament A17. League 700-800,700-800,2026-09-04T02:30:25.614000+00:00,2026-09-03T20:30:25.614000-06:00,2026-09-04T04:30:25.614000+02:00,3,COMPLETED,1679,Jiri Dedek,1015,Michal Vedmoch,0,3,1015,Michal Vedmoch,,,2026-09-04T02:40:33.948000+00:00,SCHEDULED_START_PLUS_DURATION,2026-09-03T17:42:04.577951+00:00,2026-09-04T05:42:04.522656+00:00,65a797efd3d90e5732a970270ce89aa715e489a53428c64a7f01323278bff54a,api.league-pro.com,OK,4f894ae28859a81c3480d6e1e81ccabf76b013898bb80edeacc1a0452819166e
307156,36384,Tournament A12. League 350-400,350-400,2026-09-04T02:46:22.330000+00:00,2026-09-03T20:46:22.330000-06:00,2026-09-04T04:46:22.330000+02:00,3,COMPLETED,1321,Alexander Hejduk,1557,Miroslav Vaclavik,0,3,1557,Miroslav Vaclavik,,,2026-09-04T02:58:24.668000+00:00,SCHEDULED_START_PLUS_DURATION,2026-09-03T17:42:04.577951+00:00,2026-09-04T05:42:04.522656+00:00,65a797efd3d90e5732a970270ce89aa715e489a53428c64a7f01323278bff54a,api.league-pro.com,OK,1e7a2ba91dead9c60a37ea2b8a972efac945a762f6fd01d3cad973af4f41daa7
307209,36390,Tournament A14. League 900-1000,900-1000,2026-09-04T03:00:15.907000+00:00,2026-09-03T21:00:15.907000-06:00,2026-09-04T05:00:15.907000+02:00,3,COMPLETED,1561,Tomas Franek,747,Milan Klement,0,3,747,Milan Klement,,,2026-09-04T03:10:32.355000+00:00,SCHEDULED_START_PLUS_DURATION,2026-09-03T17:42:04.577951+00:00,2026-09-04T05:42:04.522656+00:00,65a797efd3d90e5732a970270ce89aa715e489a53428c64a7f01323278bff54a,api.league-pro.com,OK,1fdfab7a49c84c0c93a1f9ef38c98a4d01d5bf71dd0db334f2ff7b9b6622d71a
307317,36403,Tournament A17. League 700-800,700-800,2026-09-04T03:00:23.091000+00:00,2026-09-03T21:00:23.091000-06:00,2026-09-04T05:00:23.091000+02:00,3,COMPLETED,1679,Jiri Dedek,822,Jaroslav Prokupek,1,3,822,Jaroslav Prokupek,,,2026-09-04T03:21:01.248000+00:00,SCHEDULED_START_PLUS_DURATION,2026-09-03T17:42:04.577951+00:00,2026-09-04T05:42:04.522656+00:00,65a797efd3d90e5732a970270ce89aa715e489a53428c64a7f01323278bff54a,api.league-pro.com,OK,82e2f1aa62f7283436b972ea5a57b18cea93ab4cb4eae1a7b3d787c7b04cbe2f
307157,36384,Tournament A12. League 350-400,350-400,2026-09-04T03:06:13.056000+00:00,2026-09-03T21:06:13.056000-06:00,2026-09-04T05:06:13.056000+02:00,3,COMPLETED,1321,Alexander Hejduk,1228,Jaromir Cernik,3,0,1321,Alexander Hejduk,,,2026-09-04T03:23:00.652000+00:00,SCHEDULED_START_PLUS_DURATION,2026-09-03T17:42:04.577951+00:00,2026-09-04T05:42:04.522656+00:00,65a797efd3d90e5732a970270ce89aa715e489a53428c64a7f01323278bff54a,api.league-pro.com,OK,285906e425eec0ba5cdd77a8cc9bb490c4c705b22d3c8bdff8ababae7e7d8ddc
307158,36384,Tournament A12. League 350-400,350-400,2026-09-04T03:29:36.854000+00:00,2026-09-03T21:29:36.854000-06:00,2026-09-04T05:29:36.854000+02:00,3,COMPLETED,1597,Jiri Grohsgott,1557,Miroslav Vaclavik,2,3,1557,Miroslav Vaclavik,,,2026-09-04T03:53:29.656000+00:00,SCHEDULED_START_PLUS_DURATION,2026-09-03T17:42:04.577951+00:00,2026-09-04T05:42:04.522656+00:00,65a797efd3d90e5732a970270ce89aa715e489a53428c64a7f01323278bff54a,api.league-pro.com,OK,592c3f1e6e0abce3c54c898c640bd8dd99b9f599ca018159c90f1c766f0565ca
307210,36390,Tournament A14. League 900-1000,900-1000,2026-09-04T03:30:08.433000+00:00,2026-09-03T21:30:08.433000-06:00,2026-09-04T05:30:08.433000+02:00,3,COMPLETED,1839,Jan Simecek,1873,Mark Wagner,3,0,1839,Jan Simecek,,,2026-09-04T03:44:02.504000+00:00,SCHEDULED_START_PLUS_DURATION,2026-09-03T17:42:04.577951+00:00,2026-09-04T05:42:04.522656+00:00,65a797efd3d90e5732a970270ce89aa715e489a53428c64a7f01323278bff54a,api.league-pro.com,OK,6c78a332624145a4247960aedbd10fd098fcd0a6abe35bc1d36c068d1a25b53a
307318,36403,Tournament A17. League 700-800,700-800,2026-09-04T03:30:12.484000+00:00,2026-09-03T21:30:12.484000-06:00,2026-09-04T05:30:12.484000+02:00,3,COMPLETED,1872,Jan Trefny,1015,Michal Vedmoch,0,3,1015,Michal Vedmoch,,,2026-09-04T03:39:39.392000+00:00,SCHEDULED_START_PLUS_DURATION,2026-09-03T17:42:04.577951+00:00,2026-09-04T05:42:04.522656+00:00,65a797efd3d90e5732a970270ce89aa715e489a53428c64a7f01323278bff54a,api.league-pro.com,OK,0d10315592a95feec1b8fb101ccea5fa2910cacae802a0a8f126d40fc6847262
307439,36418,Tournament A18. League 600-700,600-700,2026-09-04T06:00:14.491000+00:00,2026-09-04T00:00:14.491000-06:00,2026-09-04T08:00:14.491000+02:00,3,COMPLETED,1725,Marcel Heczko,1866,Alfred Rinka,1,3,1866,Alfred Rinka,,,2026-09-04T06:28:06.613000+00:00,SCHEDULED_START_PLUS_DURATION,2026-09-03T17:42:04.577951+00:00,2026-09-04T17:42:04.559960+00:00,d9a04bb524e90aa357ec932bc1924f87784cd0ea727852575d36c629f0f5ccc4,api.league-pro.com,OK,ab1defd53125760cbd8d687aadd0d044af46bb036c18696941f7254c540baeb9
307363,36409,Tournament A14. League 800-900,800-900,2026-09-04T06:00:15.297000+00:00,2026-09-04T00:00:15.297000-06:00,2026-09-04T08:00:15.297000+02:00,3,COMPLETED,1272,Jakub Stolfa,809,Michal Regner,0,3,809,Michal Regner,,,2026-09-04T06:18:20.151000+00:00,SCHEDULED_START_PLUS_DURATION,2026-09-03T17:42:04.577951+00:00,2026-09-04T17:42:04.559960+00:00,d9a04bb524e90aa357ec932bc1924f87784cd0ea727852575d36c629f0f5ccc4,api.league-pro.com,OK,b4e3539adc959888a821ffa7a46d15b0fbeadf25b572a73435dcc9268fac6879
307319,36404,Tournament A12. League 900-1000,900-1000,2026-09-04T06:00:26.406000+00:00,2026-09-04T00:00:26.406000-06:00,2026-09-04T08:00:26.406000+02:00,3,COMPLETED,1093,Sebastian Kasnik,714,Jiri Louda,3,2,1093,Sebastian Kasnik,,,2026-09-04T06:19:36.630000+00:00,SCHEDULED_START_PLUS_DURATION,2026-09-03T17:42:04.577951+00:00,2026-09-04T17:42:04.559960+00:00,d9a04bb524e90aa357ec932bc1924f87784cd0ea727852575d36c629f0f5ccc4,api.league-pro.com,OK,ba2ce33899cce21b9b5f5c3a59ea4f0e1a24c0ff523a482d8249431acb72398b
307447,36419,Tournament A17. League 450-500,450-500,2026-09-04T06:00:27.989000+00:00,2026-09-04T00:00:27.989000-06:00,2026-09-04T08:00:27.989000+02:00,3,COMPLETED,1499,Milan Chalupnicek,828,Jiri Svec,2,3,828,Jiri Svec,,,2026-09-04T06:26:28.915000+00:00,SCHEDULED_START_PLUS_DURATION,2026-09-03T17:42:04.577951+00:00,2026-09-04T17:42:04.559960+00:00,d9a04bb524e90aa357ec932bc1924f87784cd0ea727852575d36c629f0f5ccc4,api.league-pro.com,OK,696ec3b089dd7e1ed40cbd91afaf44b4a81273352c133fb32ba7307468f54ac0
307407,36414,Tournament A16. League 1000-1100,1000-1100,2026-09-04T06:01:14.488000+00:00,2026-09-04T00:01:14.488000-06:00,2026-09-04T08:01:14.488000+02:00,3,COMPLETED,1283,Radovan Polasek,1379,Pavel Wawrosz,3,1,1283,Radovan Polasek,,,2026-09-04T06:15:08.301000+00:00,SCHEDULED_START_PLUS_DURATION,2026-09-03T17:42:04.577951+00:00,2026-09-04T17:42:04.559960+00:00,d9a04bb524e90aa357ec932bc1924f87784cd0ea727852575d36c629f0f5ccc4,api.league-pro.com,OK,810bdec61d3b3f2f8b05cd1b02052a7d9797f15a59dee610aa2b2c1122249710
307408,36414,Tournament A16. League 1000-1100,1000-1100,2026-09-04T06:30:19.241000+00:00,2026-09-04T00:30:19.241000-06:00,2026-09-04T08:30:19.241000+02:00,3,COMPLETED,996,Tadeas Zika,1004,Ondrej Paril,2,3,1004,Ondrej Paril,,,2026-09-04T06:53:30.145000+00:00,SCHEDULED_START_PLUS_DURATION,2026-09-03T17:42:04.577951+00:00,2026-09-04T17:42:04.559960+00:00,d9a04bb524e90aa357ec932bc1924f87784cd0ea727852575d36c629f0f5ccc4,api.league-pro.com,OK,ffa55153edbca3c2c09ce08a40324489e556b643e3fc5db1d1473394e32523fb
307320,36404,Tournament A12. League 900-1000,900-1000,2026-09-04T06:30:35.049000+00:00,2026-09-04T00:30:35.049000-06:00,2026-09-04T08:30:35.049000+02:00,3,COMPLETED,1630,Petr Saleny,1869,Richard Wagner,3,1,1630,Petr Saleny,,,2026-09-04T06:49:08.409000+00:00,SCHEDULED_START_PLUS_DURATION,2026-09-03T17:42:04.577951+00:00,2026-09-04T17:42:04.559960+00:00,d9a04bb524e90aa357ec932bc1924f87784cd0ea727852575d36c629f0f5ccc4,api.league-pro.com,OK,34880a54f267ed2b88620c29ab0150b779dcea41bbda7b842f6efea8c28d9bd6
307448,36419,Tournament A17. League 450-500,450-500,2026-09-04T06:30:37.888000+00:00,2026-09-04T00:30:37.888000-06:00,2026-09-04T08:30:37.888000+02:00,3,COMPLETED,774,Petr Sudek,1852,Zbynek Drabek,2,3,1852,Zbynek Drabek,,,2026-09-04T06:57:08.117000+00:00,SCHEDULED_START_PLUS_DURATION,2026-09-03T17:42:04.577951+00:00,2026-09-04T17:42:04.559960+00:00,d9a04bb524e90aa357ec932bc1924f87784cd0ea727852575d36c629f0f5ccc4,api.league-pro.com,OK,7bbafff56218f7cf0a22c0071b5aa0c1a226583401f70b6628efa8182744dcc8
307364,36409,Tournament A14. League 800-900,800-900,2026-09-04T06:31:00.183000+00:00,2026-09-04T00:31:00.183000-06:00,2026-09-04T08:31:00.183000+02:00,3,COMPLETED,885,Denis Hofman,1600,Michal Vondrak,0,3,1600,Michal Vondrak,,,2026-09-04T06:42:41.275000+00:00,SCHEDULED_START_PLUS_DURATION,2026-09-03T17:42:04.577951+00:00,2026-09-04T17:42:04.559960+00:00,d9a04bb524e90aa357ec932bc1924f87784cd0ea727852575d36c629f0f5ccc4,api.league-pro.com,OK,34c970ebff3fef16a76694201a95a63568672a726ea20d02d7a3f6407d23eefc
307440,36418,Tournament A18. League 600-700,600-700,2026-09-04T06:31:01.834000+00:00,2026-09-04T00:31:01.834000-06:00,2026-09-04T08:31:01.834000+02:00,3,COMPLETED,1177,Marek Volny,1087,Radomir Vavrecka,0,3,1087,Radomir Vavrecka,,,2026-09-04T06:45:56.265000+00:00,SCHEDULED_START_PLUS_DURATION,2026-09-03T17:42:04.577951+00:00,2026-09-04T17:42:04.559960+00:00,d9a04bb524e90aa357ec932bc1924f87784cd0ea727852575d36c629f0f5ccc4,api.league-pro.com,OK,af34d60efecb72211c6989373c90345f058403e385a5763936e9a6b2339b6b95
307441,36418,Tournament A18. League 600-700,600-700,2026-09-04T07:00:11.209000+00:00,2026-09-04T01:00:11.209000-06:00,2026-09-04T09:00:11.209000+02:00,3,COMPLETED,1866,Alfred Rinka,1177,Marek Volny,3,2,1866,Alfred Rinka,,,2026-09-04T07:23:23.187000+00:00,SCHEDULED_START_PLUS_DURATION,2026-09-03T17:42:04.577951+00:00,2026-09-04T17:42:04.559960+00:00,d9a04bb524e90aa357ec932bc1924f87784cd0ea727852575d36c629f0f5ccc4,api.league-pro.com,OK,3a0f93c8d9c0a5de6b432b351b34b178dea57caa317e8c8bbf1c1006145bef45
307365,36409,Tournament A14. League 800-900,800-900,2026-09-04T07:00:17.601000+00:00,2026-09-04T01:00:17.601000-06:00,2026-09-04T09:00:17.601000+02:00,3,COMPLETED,809,Michal Regner,885,Denis Hofman,3,2,809,Michal Regner,,,2026-09-04T07:28:13.790000+00:00,SCHEDULED_START_PLUS_DURATION,2026-09-03T17:42:04.577951+00:00,2026-09-04T17:42:04.559960+00:00,d9a04bb524e90aa357ec932bc1924f87784cd0ea727852575d36c629f0f5ccc4,api.league-pro.com,OK,7251795ccae53eef77ed0990619937cc86d9e92b62b1e3b96a83bbb2de4fa164
307449,36419,Tournament A17. League 450-500,450-500,2026-09-04T07:00:18.791000+00:00,2026-09-04T01:00:18.791000-06:00,2026-09-04T09:00:18.791000+02:00,3,COMPLETED,828,Jiri Svec,774,Petr Sudek,3,2,828,Jiri Svec,,,2026-09-04T07:26:07.978000+00:00,SCHEDULED_START_PLUS_DURATION,2026-09-03T17:42:04.577951+00:00,2026-09-04T17:42:04.559960+00:00,d9a04bb524e90aa357ec932bc1924f87784cd0ea727852575d36c629f0f5ccc4,api.league-pro.com,OK,0620513504379faeadf1b71b89401d0dee8931edb3e2ebd11043ea3340a3406d
307409,36414,Tournament A16. League 1000-1100,1000-1100,2026-09-04T07:00:22.226000+00:00,2026-09-04T01:00:22.226000-06:00,2026-09-04T09:00:22.226000+02:00,3,COMPLETED,1379,Pavel Wawrosz,996,Tadeas Zika,3,2,1379,Pavel Wawrosz,,,2026-09-04T07:22:32.598000+00:00,SCHEDULED_START_PLUS_DURATION,2026-09-03T17:42:04.577951+00:00,2026-09-04T17:42:04.559960+00:00,d9a04bb524e90aa357ec932bc1924f87784cd0ea727852575d36c629f0f5ccc4,api.league-pro.com,OK,b8bc5503f3741dac96a2609520074e648d648a0ebe476dba5a93b1431631ec29
307321,36404,Tournament A12. League 900-1000,900-1000,2026-09-04T07:00:48.565000+00:00,2026-09-04T01:00:48.565000-06:00,2026-09-04T09:00:48.565000+02:00,3,COMPLETED,714,Jiri Louda,1630,Petr Saleny,1,3,1630,Petr Saleny,,,2026-09-04T07:17:06.774000+00:00,SCHEDULED_START_PLUS_DURATION,2026-09-03T17:42:04.577951+00:00,2026-09-04T17:42:04.559960+00:00,d9a04bb524e90aa357ec932bc1924f87784cd0ea727852575d36c629f0f5ccc4,api.league-pro.com,OK,7f4e949d65e3b74ae25b3f05e5a4ff2c9b7c688c74e08ce3dd667797dfdcc0de
307450,36419,Tournament A17. League 450-500,450-500,2026-09-04T07:30:06.064000+00:00,2026-09-04T01:30:06.064000-06:00,2026-09-04T09:30:06.064000+02:00,3,COMPLETED,1852,Zbynek Drabek,1499,Milan Chalupnicek,2,3,1499,Milan Chalupnicek,,,2026-09-04T07:54:28.234000+00:00,SCHEDULED_START_PLUS_DURATION,2026-09-03T17:42:04.577951+00:00,2026-09-04T17:42:04.559960+00:00,d9a04bb524e90aa357ec932bc1924f87784cd0ea727852575d36c629f0f5ccc4,api.league-pro.com,OK,8d92134e7c99860da00ce691806eb663abd0a9beb44486d46af717e129aeb651
307410,36414,Tournament A16. League 1000-1100,1000-1100,2026-09-04T07:30:16.343000+00:00,2026-09-04T01:30:16.343000-06:00,2026-09-04T09:30:16.343000+02:00,3,COMPLETED,1004,Ondrej Paril,1283,Radovan Polasek,3,1,1004,Ondrej Paril,,,2026-09-04T07:43:55.915000+00:00,SCHEDULED_START_PLUS_DURATION,2026-09-03T17:42:04.577951+00:00,2026-09-04T17:42:04.559960+00:00,d9a04bb524e90aa357ec932bc1924f87784cd0ea727852575d36c629f0f5ccc4,api.league-pro.com,OK,44fd92b2e3c4d3d4c89ffa931a14707551650a6b77b1f40c4edf8ad10366f2f3
307322,36404,Tournament A12. League 900-1000,900-1000,2026-09-04T07:30:21.382000+00:00,2026-09-04T01:30:21.382000-06:00,2026-09-04T09:30:21.382000+02:00,3,COMPLETED,1869,Richard Wagner,1093,Sebastian Kasnik,3,1,1869,Richard Wagner,,,2026-09-04T07:45:08.167000+00:00,SCHEDULED_START_PLUS_DURATION,2026-09-03T17:42:04.577951+00:00,2026-09-04T17:42:04.559960+00:00,d9a04bb524e90aa357ec932bc1924f87784cd0ea727852575d36c629f0f5ccc4,api.league-pro.com,OK,d75e987e9eedbf18e4a34ec8703009359ab4bbb741dac7a4aed02e8a281a5c9e
307366,36409,Tournament A14. League 800-900,800-900,2026-09-04T07:30:24.062000+00:00,2026-09-04T01:30:24.062000-06:00,2026-09-04T09:30:24.062000+02:00,3,COMPLETED,1600,Michal Vondrak,1272,Jakub Stolfa,3,0,1600,Michal Vondrak,,,2026-09-04T07:44:32.863000+00:00,SCHEDULED_START_PLUS_DURATION,2026-09-03T17:42:04.577951+00:00,2026-09-04T17:42:04.559960+00:00,d9a04bb524e90aa357ec932bc1924f87784cd0ea727852575d36c629f0f5ccc4,api.league-pro.com,OK,6139ffb8abb76faee0067fedf1ee55c0450f5e42951d0cbe2d3e99196b2d3406
307442,36418,Tournament A18. League 600-700,600-700,2026-09-04T07:30:45.249000+00:00,2026-09-04T01:30:45.249000-06:00,2026-09-04T09:30:45.249000+02:00,3,COMPLETED,1087,Radomir Vavrecka,1725,Marcel Heczko,3,1,1087,Radomir Vavrecka,,,2026-09-04T07:49:49.048000+00:00,SCHEDULED_START_PLUS_DURATION,2026-09-03T17:42:04.577951+00:00,2026-09-04T17:42:04.559960+00:00,d9a04bb524e90aa357ec932bc1924f87784cd0ea727852575d36c629f0f5ccc4,api.league-pro.com,OK,7ebf538257401d7dd2e6e535a379f4118a6023759130473f08c1465ceb21d477
307411,36414,Tournament A16. League 1000-1100,1000-1100,2026-09-04T08:00:08.137000+00:00,2026-09-04T02:00:08.137000-06:00,2026-09-04T10:00:08.137000+02:00,3,COMPLETED,1283,Radovan Polasek,996,Tadeas Zika,3,1,1283,Radovan Polasek,,,2026-09-04T08:19:13.898000+00:00,SCHEDULED_START_PLUS_DURATION,2026-09-03T17:42:04.577951+00:00,2026-09-04T17:42:04.559960+00:00,d9a04bb524e90aa357ec932bc1924f87784cd0ea727852575d36c629f0f5ccc4,api.league-pro.com,OK,84e74b88b75835ab644f0fd7aaf6370bc9dc074536ecd650de9d9a00e4a62978
307451,36419,Tournament A17. League 450-500,450-500,2026-09-04T08:00:08.888000+00:00,2026-09-04T02:00:08.888000-06:00,2026-09-04T10:00:08.888000+02:00,3,COMPLETED,1499,Milan Chalupnicek,774,Petr Sudek,1,3,774,Petr Sudek,,,2026-09-04T08:17:15.410000+00:00,SCHEDULED_START_PLUS_DURATION,2026-09-03T17:42:04.577951+00:00,2026-09-04T17:42:04.559960+00:00,d9a04bb524e90aa357ec932bc1924f87784cd0ea727852575d36c629f0f5ccc4,api.league-pro.com,OK,79090a54287d921b133a47dfeac2aac771001eb9a0ee6fc586dde0f94464239f
307443,36418,Tournament A18. League 600-700,600-700,2026-09-04T08:00:10.382000+00:00,2026-09-04T02:00:10.382000-06:00,2026-09-04T10:00:10.382000+02:00,3,COMPLETED,1725,Marcel Heczko,1177,Marek Volny,3,2,1725,Marcel Heczko,,,2026-09-04T08:24:50.728000+00:00,SCHEDULED_START_PLUS_DURATION,2026-09-03T17:42:04.577951+00:00,2026-09-04T17:42:04.559960+00:00,d9a04bb524e90aa357ec932bc1924f87784cd0ea727852575d36c629f0f5ccc4,api.league-pro.com,OK,b1c94fd72b283feb85c2f33949ac61a2f5b630a2a4cf23662f2155102314d2b9
307323,36404,Tournament A12. League 900-1000,900-1000,2026-09-04T08:00:15.271000+00:00,2026-09-04T02:00:15.271000-06:00,2026-09-04T10:00:15.271000+02:00,3,COMPLETED,1093,Sebastian Kasnik,1630,Petr Saleny,2,3,1630,Petr Saleny,,,2026-09-04T08:18:14.806000+00:00,SCHEDULED_START_PLUS_DURATION,2026-09-03T17:42:04.577951+00:00,2026-09-04T17:42:04.559960+00:00,d9a04bb524e90aa357ec932bc1924f87784cd0ea727852575d36c629f0f5ccc4,api.league-pro.com,OK,0324cd62bebb449bff585830af99f04e6c2040329f0a2bec6743dad2070fc665
307367,36409,Tournament A14. League 800-900,800-900,2026-09-04T08:00:28.574000+00:00,2026-09-04T02:00:28.574000-06:00,2026-09-04T10:00:28.574000+02:00,3,COMPLETED,1272,Jakub Stolfa,885,Denis Hofman,2,3,885,Denis Hofman,,,2026-09-04T08:23:04.896000+00:00,SCHEDULED_START_PLUS_DURATION,2026-09-03T17:42:04.577951+00:00,2026-09-04T17:42:04.559960+00:00,d9a04bb524e90aa357ec932bc1924f87784cd0ea727852575d36c629f0f5ccc4,api.league-pro.com,OK,d185fa4ebf411936159ba99db4ab7204193df1bae1326771c491f2c0353f6591
307452,36419,Tournament A17. League 450-500,450-500,2026-09-04T08:30:08.068000+00:00,2026-09-04T02:30:08.068000-06:00,2026-09-04T10:30:08.068000+02:00,3,COMPLETED,828,Jiri Svec,1852,Zbynek Drabek,2,3,1852,Zbynek Drabek,,,2026-09-04T08:55:58.386000+00:00,SCHEDULED_START_PLUS_DURATION,2026-09-03T17:42:04.577951+00:00,2026-09-04T17:42:04.559960+00:00,d9a04bb524e90aa357ec932bc1924f87784cd0ea727852575d36c629f0f5ccc4,api.league-pro.com,OK,a85ca293363d0c46e1e58df0ed7a1f7b89e1784443b5b120a7f886d40cde1593
307412,36414,Tournament A16. League 1000-1100,1000-1100,2026-09-04T08:30:09.423000+00:00,2026-09-04T02:30:09.423000-06:00,2026-09-04T10:30:09.423000+02:00,3,COMPLETED,1379,Pavel Wawrosz,1004,Ondrej Paril,3,2,1379,Pavel Wawrosz,,,2026-09-04T08:47:27.094000+00:00,SCHEDULED_START_PLUS_DURATION,2026-09-03T17:42:04.577951+00:00,2026-09-04T17:42:04.559960+00:00,d9a04bb524e90aa357ec932bc1924f87784cd0ea727852575d36c629f0f5ccc4,api.league-pro.com,OK,96196b5708aebf30d544d92f60a4da71890141f75e9a3ebabe8a46b67c1dbe58
307368,36409,Tournament A14. League 800-900,800-900,2026-09-04T08:30:21.766000+00:00,2026-09-04T02:30:21.766000-06:00,2026-09-04T10:30:21.766000+02:00,3,COMPLETED,809,Michal Regner,1600,Michal Vondrak,1,3,1600,Michal Vondrak,,,2026-09-04T08:47:30.764000+00:00,SCHEDULED_START_PLUS_DURATION,2026-09-03T17:42:04.577951+00:00,2026-09-04T17:42:04.559960+00:00,d9a04bb524e90aa357ec932bc1924f87784cd0ea727852575d36c629f0f5ccc4,api.league-pro.com,OK,923ac62689536bc4eedf828329fe25d150b15dfe3f6574ee50d2ea0822da3463
307444,36418,Tournament A18. League 600-700,600-700,2026-09-04T08:30:27.234000+00:00,2026-09-04T02:30:27.234000-06:00,2026-09-04T10:30:27.234000+02:00,3,COMPLETED,1866,Alfred Rinka,1087,Radomir Vavrecka,3,0,1866,Alfred Rinka,,,2026-09-04T08:46:31.869000+00:00,SCHEDULED_START_PLUS_DURATION,2026-09-03T17:42:04.577951+00:00,2026-09-04T17:42:04.559960+00:00,d9a04bb524e90aa357ec932bc1924f87784cd0ea727852575d36c629f0f5ccc4,api.league-pro.com,OK,f840029ea63999aa9adaff9751bc65a5be19066eeab3cf601a71acaca8bf678d
307324,36404,Tournament A12. League 900-1000,900-1000,2026-09-04T08:30:30.108000+00:00,2026-09-04T02:30:30.108000-06:00,2026-09-04T10:30:30.108000+02:00,3,COMPLETED,714,Jiri Louda,1869,Richard Wagner,3,1,714,Jiri Louda,,,2026-09-04T08:52:19.048000+00:00,SCHEDULED_START_PLUS_DURATION,2026-09-03T17:42:04.577951+00:00,2026-09-04T17:42:04.559960+00:00,d9a04bb524e90aa357ec932bc1924f87784cd0ea727852575d36c629f0f5ccc4,api.league-pro.com,OK,1fcccbd9fea20416fd1ae146339a4049ac6a04cfbcec7f01f3a47006d43bd2f2
307413,36414,Tournament A16. League 1000-1100,1000-1100,2026-09-04T09:00:12.003000+00:00,2026-09-04T03:00:12.003000-06:00,2026-09-04T11:00:12.003000+02:00,3,COMPLETED,1379,Pavel Wawrosz,996,Tadeas Zika,1,3,996,Tadeas Zika,,,2026-09-04T09:18:46.795000+00:00,SCHEDULED_START_PLUS_DURATION,2026-09-03T17:42:04.577951+00:00,2026-09-04T17:42:04.559960+00:00,d9a04bb524e90aa357ec932bc1924f87784cd0ea727852575d36c629f0f5ccc4,api.league-pro.com,OK,19faf15655251a1582c025bcd0b56ebcf5aa8dab40171cb8168595bdc0b79309
307369,36409,Tournament A14. League 800-900,800-900,2026-09-04T09:00:12.575000+00:00,2026-09-04T03:00:12.575000-06:00,2026-09-04T11:00:12.575000+02:00,3,COMPLETED,885,Denis Hofman,1272,Jakub Stolfa,2,3,1272,Jakub Stolfa,,,2026-09-04T09:21:14.873000+00:00,SCHEDULED_START_PLUS_DURATION,2026-09-03T17:42:04.577951+00:00,2026-09-04T17:42:04.559960+00:00,d9a04bb524e90aa357ec932bc1924f87784cd0ea727852575d36c629f0f5ccc4,api.league-pro.com,OK,33dfd9c54fa9eb980b699be3915c001aabb808e2474c331f1ee8f3c51706d9d7
307445,36418,Tournament A18. League 600-700,600-700,2026-09-04T09:00:19.544000+00:00,2026-09-04T03:00:19.544000-06:00,2026-09-04T11:00:19.544000+02:00,3,COMPLETED,1725,Marcel Heczko,1177,Marek Volny,3,1,1725,Marcel Heczko,,,2026-09-04T09:16:11.198000+00:00,SCHEDULED_START_PLUS_DURATION,2026-09-03T17:42:04.577951+00:00,2026-09-04T17:42:04.559960+00:00,d9a04bb524e90aa357ec932bc1924f87784cd0ea727852575d36c629f0f5ccc4,api.league-pro.com,OK,5a679febfbdc52cd071d9a490bbaebc060935d2bd6307bc3fd3922a8435bc8f3
307325,36404,Tournament A12. League 900-1000,900-1000,2026-09-04T09:00:32.063000+00:00,2026-09-04T03:00:32.063000-06:00,2026-09-04T11:00:32.063000+02:00,3,COMPLETED,1093,Sebastian Kasnik,1869,Richard Wagner,1,3,1869,Richard Wagner,,,2026-09-04T09:15:02.559000+00:00,SCHEDULED_START_PLUS_DURATION,2026-09-03T17:42:04.577951+00:00,2026-09-04T17:42:04.559960+00:00,d9a04bb524e90aa357ec932bc1924f87784cd0ea727852575d36c629f0f5ccc4,api.league-pro.com,OK,584bd0b1e1bc9610c674b9f7940bdfcf58d4e160ac1b09d21c050b1940fef767
307453,36419,Tournament A17. League 450-500,450-500,2026-09-04T09:04:13.936000+00:00,2026-09-04T03:04:13.936000-06:00,2026-09-04T11:04:13.936000+02:00,3,COMPLETED,774,Petr Sudek,1499,Milan Chalupnicek,1,3,1499,Milan Chalupnicek,,,2026-09-04T09:25:05.717000+00:00,SCHEDULED_START_PLUS_DURATION,2026-09-03T17:42:04.577951+00:00,2026-09-04T17:42:04.559960+00:00,d9a04bb524e90aa357ec932bc1924f87784cd0ea727852575d36c629f0f5ccc4,api.league-pro.com,OK,7448b5aac3d2f3863c4e5b2c847b0838b4a2b83e8ae0ba8d19778d8ea86f005c
307454,36419,Tournament A17. League 450-500,450-500,2026-09-04T09:30:08.615000+00:00,2026-09-04T03:30:08.615000-06:00,2026-09-04T11:30:08.615000+02:00,3,COMPLETED,828,Jiri Svec,1852,Zbynek Drabek,3,0,828,Jiri Svec,,,2026-09-04T09:42:28.362000+00:00,SCHEDULED_START_PLUS_DURATION,2026-09-03T17:42:04.577951+00:00,2026-09-04T17:42:04.559960+00:00,d9a04bb524e90aa357ec932bc1924f87784cd0ea727852575d36c629f0f5ccc4,api.league-pro.com,OK,2c0dc679488dbb663f4fd5006a68d27f9ed34d0a06e5a80cf9743eb557831747
307326,36404,Tournament A12. League 900-1000,900-1000,2026-09-04T09:30:12.994000+00:00,2026-09-04T03:30:12.994000-06:00,2026-09-04T11:30:12.994000+02:00,3,COMPLETED,1630,Petr Saleny,714,Jiri Louda,3,1,1630,Petr Saleny,,,2026-09-04T09:44:12.646000+00:00,SCHEDULED_START_PLUS_DURATION,2026-09-03T17:42:04.577951+00:00,2026-09-04T17:42:04.559960+00:00,d9a04bb524e90aa357ec932bc1924f87784cd0ea727852575d36c629f0f5ccc4,api.league-pro.com,OK,fd574f63b1cc3ef105d6b72e89d4d4cd9ebf27372bba7d777e4e90decf009c54
307414,36414,Tournament A16. League 1000-1100,1000-1100,2026-09-04T09:30:18.140000+00:00,2026-09-04T03:30:18.140000-06:00,2026-09-04T11:30:18.140000+02:00,3,COMPLETED,1004,Ondrej Paril,1283,Radovan Polasek,0,3,1283,Radovan Polasek,,,2026-09-04T09:39:23.979000+00:00,SCHEDULED_START_PLUS_DURATION,2026-09-03T17:42:04.577951+00:00,2026-09-04T17:42:04.559960+00:00,d9a04bb524e90aa357ec932bc1924f87784cd0ea727852575d36c629f0f5ccc4,api.league-pro.com,OK,11512aad037e5e28eb686d1f7e522d6ccb47fbd0e5478fc0c3d207d5768191be
307446,36418,Tournament A18. League 600-700,600-700,2026-09-04T09:30:25.612000+00:00,2026-09-04T03:30:25.612000-06:00,2026-09-04T11:30:25.612000+02:00,3,COMPLETED,1866,Alfred Rinka,1087,Radomir Vavrecka,3,0,1866,Alfred Rinka,,,2026-09-04T09:51:25.740000+00:00,SCHEDULED_START_PLUS_DURATION,2026-09-03T17:42:04.577951+00:00,2026-09-04T17:42:04.559960+00:00,d9a04bb524e90aa357ec932bc1924f87784cd0ea727852575d36c629f0f5ccc4,api.league-pro.com,OK,c39ec0fafc99196016386d98a8fa755c54a24ceb304f18d94363f887b4b434a1
307370,36409,Tournament A14. League 800-900,800-900,2026-09-04T09:30:32.675000+00:00,2026-09-04T03:30:32.675000-06:00,2026-09-04T11:30:32.675000+02:00,3,COMPLETED,1600,Michal Vondrak,809,Michal Regner,3,1,1600,Michal Vondrak,,,2026-09-04T09:49:11.689000+00:00,SCHEDULED_START_PLUS_DURATION,2026-09-03T17:42:04.577951+00:00,2026-09-04T17:42:04.559960+00:00,d9a04bb524e90aa357ec932bc1924f87784cd0ea727852575d36c629f0f5ccc4,api.league-pro.com,OK,d62a0fe9aa8c1852467417c395df48cbaeb5832cdb5a99ff6f63c83771689a59
307455,36420,Tournament A17. League 450-500,450-500,2026-09-04T10:00:07.127000+00:00,2026-09-04T04:00:07.127000-06:00,2026-09-04T12:00:07.127000+02:00,3,COMPLETED,909,Pavel Kulhanek,942,Jaroslav Strnad,3,2,909,Pavel Kulhanek,,,2026-09-04T10:23:09.525000+00:00,SCHEDULED_START_PLUS_DURATION,2026-09-03T17:42:04.577951+00:00,2026-09-04T17:42:04.559960+00:00,d9a04bb524e90aa357ec932bc1924f87784cd0ea727852575d36c629f0f5ccc4,api.league-pro.com,OK,d27e646bc2fd63731941895d19510a8b0e68d752d892a51116195158eb5f7f9a
307327,36405,Tournament A12. League 900-1000,900-1000,2026-09-04T10:00:09.671000+00:00,2026-09-04T04:00:09.671000-06:00,2026-09-04T12:00:09.671000+02:00,3,COMPLETED,1582,Viktor Vejvoda,1630,Petr Saleny,3,1,1582,Viktor Vejvoda,,,2026-09-04T10:14:25.995000+00:00,SCHEDULED_START_PLUS_DURATION,2026-09-03T17:42:04.577951+00:00,2026-09-04T17:42:04.559960+00:00,d9a04bb524e90aa357ec932bc1924f87784cd0ea727852575d36c629f0f5ccc4,api.league-pro.com,OK,b2d08a8b077c8b1ad6fbe28ddfb4a2fe638b473f98809a583cccc7eba0713848
307491,36424,Tournament A18. League 1000-1100,1000-1100,2026-09-04T10:00:10.534000+00:00,2026-09-04T04:00:10.534000-06:00,2026-09-04T12:00:10.534000+02:00,3,COMPLETED,1784,Tomas Dousek,1193,Jan Dzida,2,3,1193,Jan Dzida,,,2026-09-04T10:19:25.615000+00:00,SCHEDULED_START_PLUS_DURATION,2026-09-03T17:42:04.577951+00:00,2026-09-04T17:42:04.559960+00:00,d9a04bb524e90aa357ec932bc1924f87784cd0ea727852575d36c629f0f5ccc4,api.league-pro.com,OK,c79acced84c3f314f2cd46603d78365b0237eb7cc23dc8c4a703ed981761a5f9
307415,36415,Tournament A16. League 1000-1100,1000-1100,2026-09-04T10:00:11.332000+00:00,2026-09-04T04:00:11.332000-06:00,2026-09-04T12:00:11.332000+02:00,3,COMPLETED,1046,Radomir Revay,1796,Libor Prikasky,3,1,1046,Radomir Revay,,,2026-09-04T10:18:46.770000+00:00,SCHEDULED_START_PLUS_DURATION,2026-09-03T17:42:04.577951+00:00,2026-09-04T17:42:04.559960+00:00,d9a04bb524e90aa357ec932bc1924f87784cd0ea727852575d36c629f0f5ccc4,api.league-pro.com,OK,4696f8c7bcdbe31c0a1f96170dc9cdb1adc458c2e5c7f6bae392976882a67e3a
307371,36410,Tournament A14. League 600-700,600-700,2026-09-04T10:00:12.209000+00:00,2026-09-04T04:00:12.209000-06:00,2026-09-04T12:00:12.209000+02:00,3,COMPLETED,1547,Dmitro Parhomenko,824,Milan Kolar,3,1,1547,Dmitro Parhomenko,,,2026-09-04T10:19:30.562000+00:00,SCHEDULED_START_PLUS_DURATION,2026-09-03T17:42:04.577951+00:00,2026-09-04T17:42:04.559960+00:00,d9a04bb524e90aa357ec932bc1924f87784cd0ea727852575d36c629f0f5ccc4,api.league-pro.com,OK,368ed254f222658ed402f66b07ae017dfc72874044057d7e95727d87e08933d2
307456,36420,Tournament A17. League 450-500,450-500,2026-09-04T10:30:07.627000+00:00,2026-09-04T04:30:07.627000-06:00,2026-09-04T12:30:07.627000+02:00,3,COMPLETED,1852,Zbynek Drabek,1499,Milan Chalupnicek,3,2,1852,Zbynek Drabek,,,2026-09-04T10:54:15.308000+00:00,SCHEDULED_START_PLUS_DURATION,2026-09-03T17:42:04.577951+00:00,2026-09-04T17:42:04.559960+00:00,d9a04bb524e90aa357ec932bc1924f87784cd0ea727852575d36c629f0f5ccc4,api.league-pro.com,OK,200b6d1b84eef4acdf43902635e551aadc9b4696eebaa372e439484c9a5c3d5b
307492,36424,Tournament A18. League 1000-1100,1000-1100,2026-09-04T10:30:08.239000+00:00,2026-09-04T04:30:08.239000-06:00,2026-09-04T12:30:08.239000+02:00,3,COMPLETED,1283,Radovan Polasek,1004,Ondrej Paril,2,3,1004,Ondrej Paril,,,2026-09-04T10:51:13.034000+00:00,SCHEDULED_START_PLUS_DURATION,2026-09-03T17:42:04.577951+00:00,2026-09-04T17:42:04.559960+00:00,d9a04bb524e90aa357ec932bc1924f87784cd0ea727852575d36c629f0f5ccc4,api.league-pro.com,OK,ffb803d0de0feec220941cdbe84034b7c4c3cdfa2b7a5ca515960fe36fd57b57
307328,36405,Tournament A12. League 900-1000,900-1000,2026-09-04T10:30:11.139000+00:00,2026-09-04T04:30:11.139000-06:00,2026-09-04T12:30:11.139000+02:00,3,COMPLETED,1869,Richard Wagner,1093,Sebastian Kasnik,2,3,1093,Sebastian Kasnik,,,2026-09-04T10:52:59.533000+00:00,SCHEDULED_START_PLUS_DURATION,2026-09-03T17:42:04.577951+00:00,2026-09-04T17:42:04.559960+00:00,d9a04bb524e90aa357ec932bc1924f87784cd0ea727852575d36c629f0f5ccc4,api.league-pro.com,OK,555d7f1fa7aed454ba64da0afe9b6b3e108c9299fe4d0f9838b4e085a469a53a
307416,36415,Tournament A16. League 1000-1100,1000-1100,2026-09-04T10:30:11.921000+00:00,2026-09-04T04:30:11.921000-06:00,2026-09-04T12:30:11.921000+02:00,3,COMPLETED,1121,Matyas Navedla,1379,Pavel Wawrosz,2,3,1379,Pavel Wawrosz,,,2026-09-04T10:47:30.702000+00:00,SCHEDULED_START_PLUS_DURATION,2026-09-03T17:42:04.577951+00:00,2026-09-04T17:42:04.559960+00:00,d9a04bb524e90aa357ec932bc1924f87784cd0ea727852575d36c629f0f5ccc4,api.league-pro.com,OK,e0d645c737fe73e6989e5425dce1c029b4380633cf22207168230ff7fef84663
307372,36410,Tournament A14. League 600-700,600-700,2026-09-04T10:30:27.116000+00:00,2026-09-04T04:30:27.116000-06:00,2026-09-04T12:30:27.116000+02:00,3,COMPLETED,1498,Lukas Malek,1412,Jan Steffan,3,1,1498,Lukas Malek,,,2026-09-04T10:50:22.755000+00:00,SCHEDULED_START_PLUS_DURATION,2026-09-03T17:42:04.577951+00:00,2026-09-04T17:42:04.559960+00:00,d9a04bb524e90aa357ec932bc1924f87784cd0ea727852575d36c629f0f5ccc4,api.league-pro.com,OK,3e33b5e97c3f5800a4825195d7736f9c3da7df1ea31074789d1483f9f556ae60
307329,36405,Tournament A12. League 900-1000,900-1000,2026-09-04T11:00:07.293000+00:00,2026-09-04T05:00:07.293000-06:00,2026-09-04T13:00:07.293000+02:00,3,COMPLETED,1630,Petr Saleny,1869,Richard Wagner,2,3,1869,Richard Wagner,,,2026-09-04T11:19:30.981000+00:00,SCHEDULED_START_PLUS_DURATION,2026-09-03T17:42:04.577951+00:00,2026-09-04T17:42:04.559960+00:00,d9a04bb524e90aa357ec932bc1924f87784cd0ea727852575d36c629f0f5ccc4,api.league-pro.com,OK,c74833b1f62456e42a805bd7dd681a8d13ab46f780d09aec7f48bca483ec4dfe
307493,36424,Tournament A18. League 1000-1100,1000-1100,2026-09-04T11:00:09.596000+00:00,2026-09-04T05:00:09.596000-06:00,2026-09-04T13:00:09.596000+02:00,3,COMPLETED,1193,Jan Dzida,1283,Radovan Polasek,3,1,1193,Jan Dzida,,,2026-09-04T11:16:25.354000+00:00,SCHEDULED_START_PLUS_DURATION,2026-09-03T17:42:04.577951+00:00,2026-09-04T17:42:04.559960+00:00,d9a04bb524e90aa357ec932bc1924f87784cd0ea727852575d36c629f0f5ccc4,api.league-pro.com,OK,80544fe4dd3783a17b594e450f93eba21c492e10544ca457f4ed6d0c57ba0867
307417,36415,Tournament A16. League 1000-1100,1000-1100,2026-09-04T11:00:11.410000+00:00,2026-09-04T05:00:11.410000-06:00,2026-09-04T13:00:11.410000+02:00,3,COMPLETED,1796,Libor Prikasky,1121,Matyas Navedla,3,2,1796,Libor Prikasky,,,2026-09-04T11:23:11.162000+00:00,SCHEDULED_START_PLUS_DURATION,2026-09-03T17:42:04.577951+00:00,2026-09-04T17:42:04.559960+00:00,d9a04bb524e90aa357ec932bc1924f87784cd0ea727852575d36c629f0f5ccc4,api.league-pro.com,OK,2656ce24efc4b691e828d5d199967e3b7845a9e341d017135e2508a4b9e57bab
307457,36420,Tournament A17. League 450-500,450-500,2026-09-04T11:00:12.156000+00:00,2026-09-04T05:00:12.156000-06:00,2026-09-04T13:00:12.156000+02:00,3,COMPLETED,942,Jaroslav Strnad,1852,Zbynek Drabek,3,2,942,Jaroslav Strnad,,,2026-09-04T11:30:54.948000+00:00,SCHEDULED_START_PLUS_DURATION,2026-09-03T17:42:04.577951+00:00,2026-09-04T17:42:04.559960+00:00,d9a04bb524e90aa357ec932bc1924f87784cd0ea727852575d36c629f0f5ccc4,api.league-pro.com,OK,ef02854154939b6bec638dd03b35fa2561cf6a0591d11d5bbd658eef24438c73
307373,36410,Tournament A14. League 600-700,600-700,2026-09-04T11:00:17.093000+00:00,2026-09-04T05:00:17.093000-06:00,2026-09-04T13:00:17.093000+02:00,3,COMPLETED,824,Milan Kolar,1498,Lukas Malek,3,1,824,Milan Kolar,,,2026-09-04T11:24:52.965000+00:00,SCHEDULED_START_PLUS_DURATION,2026-09-03T17:42:04.577951+00:00,2026-09-04T17:42:04.559960+00:00,d9a04bb524e90aa357ec932bc1924f87784cd0ea727852575d36c629f0f5ccc4,api.league-pro.com,OK,f78923cd363a81cccfc814e397b323be1432eda9661f6211e2a5521075cd3331
307330,36405,Tournament A12. League 900-1000,900-1000,2026-09-04T11:30:08.133000+00:00,2026-09-04T05:30:08.133000-06:00,2026-09-04T13:30:08.133000+02:00,3,COMPLETED,1093,Sebastian Kasnik,1582,Viktor Vejvoda,3,1,1093,Sebastian Kasnik,,,2026-09-04T11:49:04.067000+00:00,SCHEDULED_START_PLUS_DURATION,2026-09-03T17:42:04.577951+00:00,2026-09-04T17:42:04.559960+00:00,d9a04bb524e90aa357ec932bc1924f87784cd0ea727852575d36c629f0f5ccc4,api.league-pro.com,OK,3e3b5eb19c93bc8a8912369371ade5dbe68a994a407148329d691217ee1f07d7
307374,36410,Tournament A14. League 600-700,600-700,2026-09-04T11:30:16.116000+00:00,2026-09-04T05:30:16.116000-06:00,2026-09-04T13:30:16.116000+02:00,3,COMPLETED,1412,Jan Steffan,1547,Dmitro Parhomenko,0,3,1547,Dmitro Parhomenko,,,2026-09-04T11:40:33.898000+00:00,SCHEDULED_START_PLUS_DURATION,2026-09-03T17:42:04.577951+00:00,2026-09-04T17:42:04.559960+00:00,d9a04bb524e90aa357ec932bc1924f87784cd0ea727852575d36c629f0f5ccc4,api.league-pro.com,OK,1de73d5f24dcc15a6675c4b2e04d31fc83a6f006273333245cbac68cde9318f4
307494,36424,Tournament A18. League 1000-1100,1000-1100,2026-09-04T11:30:16.353000+00:00,2026-09-04T05:30:16.353000-06:00,2026-09-04T13:30:16.353000+02:00,3,COMPLETED,1004,Ondrej Paril,1784,Tomas Dousek,3,1,1004,Ondrej Paril,,,2026-09-04T11:44:25.819000+00:00,SCHEDULED_START_PLUS_DURATION,2026-09-03T17:42:04.577951+00:00,2026-09-04T17:42:04.559960+00:00,d9a04bb524e90aa357ec932bc1924f87784cd0ea727852575d36c629f0f5ccc4,api.league-pro.com,OK,d64b4448f1d35f164b574528e01ecb1987b9b27defc6fc94db5d12eabaa4626f
307418,36415,Tournament A16. League 1000-1100,1000-1100,2026-09-04T11:30:17.049000+00:00,2026-09-04T05:30:17.049000-06:00,2026-09-04T13:30:17.049000+02:00,3,COMPLETED,1379,Pavel Wawrosz,1046,Radomir Revay,2,3,1046,Radomir Revay,,,2026-09-04T11:48:17.684000+00:00,SCHEDULED_START_PLUS_DURATION,2026-09-03T17:42:04.577951+00:00,2026-09-04T17:42:04.559960+00:00,d9a04bb524e90aa357ec932bc1924f87784cd0ea727852575d36c629f0f5ccc4,api.league-pro.com,OK,96c53190de231f9d497cc3f606fa5bf1d525950c5502f1c3e3ca4f9533a65914
307458,36420,Tournament A17. League 450-500,450-500,2026-09-04T11:32:19.027000+00:00,2026-09-04T05:32:19.027000-06:00,2026-09-04T13:32:19.027000+02:00,3,COMPLETED,1499,Milan Chalupnicek,909,Pavel Kulhanek,3,0,1499,Milan Chalupnicek,,,2026-09-04T11:42:08.552000+00:00,SCHEDULED_START_PLUS_DURATION,2026-09-03T17:42:04.577951+00:00,2026-09-04T17:42:04.559960+00:00,d9a04bb524e90aa357ec932bc1924f87784cd0ea727852575d36c629f0f5ccc4,api.league-pro.com,OK,2328046046ca03fbb8865bc99425bcded5ba9664d36739ec583695f369419bb7
307331,36405,Tournament A12. League 900-1000,900-1000,2026-09-04T12:00:08.267000+00:00,2026-09-04T06:00:08.267000-06:00,2026-09-04T14:00:08.267000+02:00,3,COMPLETED,1582,Viktor Vejvoda,1869,Richard Wagner,3,1,1582,Viktor Vejvoda,,,2026-09-04T12:17:30.943000+00:00,SCHEDULED_START_PLUS_DURATION,2026-09-03T17:42:04.577951+00:00,2026-09-04T17:42:04.559960+00:00,d9a04bb524e90aa357ec932bc1924f87784cd0ea727852575d36c629f0f5ccc4,api.league-pro.com,OK,7475249d15e5183027c5c32e9bc963b8a9d487f67327bd24b5a051d745c5e45f
307495,36424,Tournament A18. League 1000-1100,1000-1100,2026-09-04T12:00:08.407000+00:00,2026-09-04T06:00:08.407000-06:00,2026-09-04T14:00:08.407000+02:00,3,COMPLETED,1784,Tomas Dousek,1283,Radovan Polasek,1,3,1283,Radovan Polasek,,,2026-09-04T12:16:51.167000+00:00,SCHEDULED_START_PLUS_DURATION,2026-09-03T17:42:04.577951+00:00,2026-09-04T17:42:04.559960+00:00,d9a04bb524e90aa357ec932bc1924f87784cd0ea727852575d36c629f0f5ccc4,api.league-pro.com,OK,72add783a748a8b1942be9ca2d603cbe1ef23407787add25b4ce2cee0caf6d19
307459,36420,Tournament A17. League 450-500,450-500,2026-09-04T12:00:09.700000+00:00,2026-09-04T06:00:09.700000-06:00,2026-09-04T14:00:09.700000+02:00,3,COMPLETED,909,Pavel Kulhanek,1852,Zbynek Drabek,3,2,909,Pavel Kulhanek,,,2026-09-04T12:21:44.470000+00:00,SCHEDULED_START_PLUS_DURATION,2026-09-03T17:42:04.577951+00:00,2026-09-04T17:42:04.559960+00:00,d9a04bb524e90aa357ec932bc1924f87784cd0ea727852575d36c629f0f5ccc4,api.league-pro.com,OK,653dbb35ccb233ca3489296765f99b1b7601121728ba6bf8597d89346bd6b903
307375,36410,Tournament A14. League 600-700,600-700,2026-09-04T12:00:14.177000+00:00,2026-09-04T06:00:14.177000-06:00,2026-09-04T14:00:14.177000+02:00,3,COMPLETED,1547,Dmitro Parhomenko,1498,Lukas Malek,1,3,1498,Lukas Malek,,,2026-09-04T12:18:23.771000+00:00,SCHEDULED_START_PLUS_DURATION,2026-09-03T17:42:04.577951+00:00,2026-09-04T17:42:04.559960+00:00,d9a04bb524e90aa357ec932bc1924f87784cd0ea727852575d36c629f0f5ccc4,api.league-pro.com,OK,d8477c5defbab3ea955a6d44cd4a14d55ab6c3f3f16454a75c89e1f9b85b9942
307419,36415,Tournament A16. League 1000-1100,1000-1100,2026-09-04T12:00:24.676000+00:00,2026-09-04T06:00:24.676000-06:00,2026-09-04T14:00:24.676000+02:00,3,COMPLETED,1046,Radomir Revay,1121,Matyas Navedla,3,1,1046,Radomir Revay,,,2026-09-04T12:21:00.796000+00:00,SCHEDULED_START_PLUS_DURATION,2026-09-03T17:42:04.577951+00:00,2026-09-04T17:42:04.559960+00:00,d9a04bb524e90aa357ec932bc1924f87784cd0ea727852575d36c629f0f5ccc4,api.league-pro.com,OK,4c580d80071d0108989fbe44335d0442d1936507cb6d3be50d7296c483333a00
307332,36405,Tournament A12. League 900-1000,900-1000,2026-09-04T12:30:07.897000+00:00,2026-09-04T06:30:07.897000-06:00,2026-09-04T14:30:07.897000+02:00,3,COMPLETED,1630,Petr Saleny,1093,Sebastian Kasnik,3,2,1630,Petr Saleny,,,2026-09-04T12:48:43.628000+00:00,SCHEDULED_START_PLUS_DURATION,2026-09-03T17:42:04.577951+00:00,2026-09-04T17:42:04.559960+00:00,d9a04bb524e90aa357ec932bc1924f87784cd0ea727852575d36c629f0f5ccc4,api.league-pro.com,OK,7e1f0cf86a5479e575e0643a6ee3f4b17cb349a499a497b27ef32155461bb9be
307496,36424,Tournament A18. League 1000-1100,1000-1100,2026-09-04T12:30:09.708000+00:00,2026-09-04T06:30:09.708000-06:00,2026-09-04T14:30:09.708000+02:00,3,COMPLETED,1193,Jan Dzida,1004,Ondrej Paril,1,3,1004,Ondrej Paril,,,2026-09-04T12:44:41.590000+00:00,SCHEDULED_START_PLUS_DURATION,2026-09-03T17:42:04.577951+00:00,2026-09-04T17:42:04.559960+00:00,d9a04bb524e90aa357ec932bc1924f87784cd0ea727852575d36c629f0f5ccc4,api.league-pro.com,OK,e2cee92f01708e7f42cc10f46e4193e9e7c1fbdfdf37431dddbcbcb3da81c361
307420,36415,Tournament A16. League 1000-1100,1000-1100,2026-09-04T12:30:10.737000+00:00,2026-09-04T06:30:10.737000-06:00,2026-09-04T14:30:10.737000+02:00,3,COMPLETED,1796,Libor Prikasky,1379,Pavel Wawrosz,1,3,1379,Pavel Wawrosz,,,2026-09-04T12:46:15.934000+00:00,SCHEDULED_START_PLUS_DURATION,2026-09-03T17:42:04.577951+00:00,2026-09-04T17:42:04.559960+00:00,d9a04bb524e90aa357ec932bc1924f87784cd0ea727852575d36c629f0f5ccc4,api.league-pro.com,OK,637ac08ef5affa62fb76efa79107a6f4efd31598c708cab78632cb3ccd64430d
307460,36420,Tournament A17. League 450-500,450-500,2026-09-04T12:30:10.819000+00:00,2026-09-04T06:30:10.819000-06:00,2026-09-04T14:30:10.819000+02:00,3,COMPLETED,942,Jaroslav Strnad,1499,Milan Chalupnicek,3,2,942,Jaroslav Strnad,,,2026-09-04T12:55:46.712000+00:00,SCHEDULED_START_PLUS_DURATION,2026-09-03T17:42:04.577951+00:00,2026-09-04T17:42:04.559960+00:00,d9a04bb524e90aa357ec932bc1924f87784cd0ea727852575d36c629f0f5ccc4,api.league-pro.com,OK,353e35f4a8239fc0413975fa98e96a5178be874b3ad7d9a86653c0c3f9ae34d1
307376,36410,Tournament A14. League 600-700,600-700,2026-09-04T12:30:11.157000+00:00,2026-09-04T06:30:11.157000-06:00,2026-09-04T14:30:11.157000+02:00,3,COMPLETED,824,Milan Kolar,1412,Jan Steffan,3,0,824,Milan Kolar,,,2026-09-04T12:45:27.343000+00:00,SCHEDULED_START_PLUS_DURATION,2026-09-03T17:42:04.577951+00:00,2026-09-04T17:42:04.559960+00:00,d9a04bb524e90aa357ec932bc1924f87784cd0ea727852575d36c629f0f5ccc4,api.league-pro.com,OK,7df0039006071612aeb2d0626d8375df55d642a49047788a2459667e74de59f6
307333,36405,Tournament A12. League 900-1000,900-1000,2026-09-04T13:00:13.023000+00:00,2026-09-04T07:00:13.023000-06:00,2026-09-04T15:00:13.023000+02:00,3,COMPLETED,1869,Richard Wagner,1630,Petr Saleny,3,2,1869,Richard Wagner,,,2026-09-04T13:20:00.870000+00:00,SCHEDULED_START_PLUS_DURATION,2026-09-03T17:42:04.577951+00:00,2026-09-04T17:42:04.559960+00:00,d9a04bb524e90aa357ec932bc1924f87784cd0ea727852575d36c629f0f5ccc4,api.league-pro.com,OK,775c2012dd161615898e4051d30adf35aed04d712fc48b4af9ce8e9ae267b644
307377,36410,Tournament A14. League 600-700,600-700,2026-09-04T13:00:13.118000+00:00,2026-09-04T07:00:13.118000-06:00,2026-09-04T15:00:13.118000+02:00,3,COMPLETED,1498,Lukas Malek,1412,Jan Steffan,1,3,1412,Jan Steffan,,,2026-09-04T13:19:21.497000+00:00,SCHEDULED_START_PLUS_DURATION,2026-09-03T17:42:04.577951+00:00,2026-09-04T17:42:04.559960+00:00,d9a04bb524e90aa357ec932bc1924f87784cd0ea727852575d36c629f0f5ccc4,api.league-pro.com,OK,77234a7aba2be2c925f2fb4802d5a7a85a6c2cac8fbb82eb9bed690ea3cdf1e7
307497,36424,Tournament A18. League 1000-1100,1000-1100,2026-09-04T13:00:17.926000+00:00,2026-09-04T07:00:17.926000-06:00,2026-09-04T15:00:17.926000+02:00,3,COMPLETED,1283,Radovan Polasek,1784,Tomas Dousek,3,0,1283,Radovan Polasek,,,2026-09-04T13:12:50.376000+00:00,SCHEDULED_START_PLUS_DURATION,2026-09-03T17:42:04.577951+00:00,2026-09-04T17:42:04.559960+00:00,d9a04bb524e90aa357ec932bc1924f87784cd0ea727852575d36c629f0f5ccc4,api.league-pro.com,OK,0f3777518a01809e1eed03ff1cce628568cc4c357e6c0cf19eb3e23ae341597c
307421,36415,Tournament A16. League 1000-1100,1000-1100,2026-09-04T13:00:19.085000+00:00,2026-09-04T07:00:19.085000-06:00,2026-09-04T15:00:19.085000+02:00,3,COMPLETED,1796,Libor Prikasky,1121,Matyas Navedla,3,2,1796,Libor Prikasky,,,2026-09-04T13:28:05.682000+00:00,SCHEDULED_START_PLUS_DURATION,2026-09-03T17:42:04.577951+00:00,2026-09-04T17:42:04.559960+00:00,d9a04bb524e90aa357ec932bc1924f87784cd0ea727852575d36c629f0f5ccc4,api.league-pro.com,OK,453af1d01787947fc39bad2910f2e7fd4cf321c2ab5042687f457c4389a3ee8d
307461,36420,Tournament A17. League 450-500,450-500,2026-09-04T13:04:21.541000+00:00,2026-09-04T07:04:21.541000-06:00,2026-09-04T15:04:21.541000+02:00,3,COMPLETED,1499,Milan Chalupnicek,1852,Zbynek Drabek,3,0,1499,Milan Chalupnicek,,,2026-09-04T13:18:12.314000+00:00,SCHEDULED_START_PLUS_DURATION,2026-09-03T17:42:04.577951+00:00,2026-09-04T17:42:04.559960+00:00,d9a04bb524e90aa357ec932bc1924f87784cd0ea727852575d36c629f0f5ccc4,api.league-pro.com,OK,306b28df87dec5a280f29c14561aab1473878983071713e1a59f0f07f7f3e2cc
307334,36405,Tournament A12. League 900-1000,900-1000,2026-09-04T13:30:05.627000+00:00,2026-09-04T07:30:05.627000-06:00,2026-09-04T15:30:05.627000+02:00,3,COMPLETED,1093,Sebastian Kasnik,1582,Viktor Vejvoda,0,3,1582,Viktor Vejvoda,,,2026-09-04T13:41:40.532000+00:00,SCHEDULED_START_PLUS_DURATION,2026-09-03T17:42:04.577951+00:00,2026-09-04T17:42:04.559960+00:00,d9a04bb524e90aa357ec932bc1924f87784cd0ea727852575d36c629f0f5ccc4,api.league-pro.com,OK,7279c4b6b2ae1462d580aa6db8cab8a0d5cf178f393b6c22245a2015fb6a9dc9
307462,36420,Tournament A17. League 450-500,450-500,2026-09-04T13:30:06.824000+00:00,2026-09-04T07:30:06.824000-06:00,2026-09-04T15:30:06.824000+02:00,3,COMPLETED,942,Jaroslav Strnad,909,Pavel Kulhanek,3,1,942,Jaroslav Strnad,,,2026-09-04T13:46:27.047000+00:00,SCHEDULED_START_PLUS_DURATION,2026-09-03T17:42:04.577951+00:00,2026-09-04T17:42:04.559960+00:00,d9a04bb524e90aa357ec932bc1924f87784cd0ea727852575d36c629f0f5ccc4,api.league-pro.com,OK,c76f4090dc28f0e1eac734cdff65240c3c67d525146ae870e0d47e4dfb7544bf
307422,36415,Tournament A16. League 1000-1100,1000-1100,2026-09-04T13:30:12.939000+00:00,2026-09-04T07:30:12.939000-06:00,2026-09-04T15:30:12.939000+02:00,3,COMPLETED,1046,Radomir Revay,1379,Pavel Wawrosz,0,3,1379,Pavel Wawrosz,,,2026-09-04T13:41:23.372000+00:00,SCHEDULED_START_PLUS_DURATION,2026-09-03T17:42:04.577951+00:00,2026-09-04T17:42:04.559960+00:00,d9a04bb524e90aa357ec932bc1924f87784cd0ea727852575d36c629f0f5ccc4,api.league-pro.com,OK,6549a5460dee98c1cb8441d921b56b9a510284825b09e13bc62a28a4753fd9c4
307378,36410,Tournament A14. League 600-700,600-700,2026-09-04T13:30:15.894000+00:00,2026-09-04T07:30:15.894000-06:00,2026-09-04T15:30:15.894000+02:00,3,COMPLETED,1547,Dmitro Parhomenko,824,Milan Kolar,2,3,824,Milan Kolar,,,2026-09-04T13:57:40.592000+00:00,SCHEDULED_START_PLUS_DURATION,2026-09-03T17:42:04.577951+00:00,2026-09-04T17:42:04.559960+00:00,d9a04bb524e90aa357ec932bc1924f87784cd0ea727852575d36c629f0f5ccc4,api.league-pro.com,OK,30e45cd6fdfec65ba661ea12edfa0e50b75de5a2c88deaf31547637153897e61
307498,36424,Tournament A18. League 1000-1100,1000-1100,2026-09-04T13:30:34.054000+00:00,2026-09-04T07:30:34.054000-06:00,2026-09-04T15:30:34.054000+02:00,3,COMPLETED,1004,Ondrej Paril,1193,Jan Dzida,3,0,1004,Ondrej Paril,,,2026-09-04T13:42:21.066000+00:00,SCHEDULED_START_PLUS_DURATION,2026-09-03T17:42:04.577951+00:00,2026-09-04T17:42:04.559960+00:00,d9a04bb524e90aa357ec932bc1924f87784cd0ea727852575d36c629f0f5ccc4,api.league-pro.com,OK,ca212f49b2810a9a136dcaae86551c66be6e5887ed1b27d6f69720354b95b7f1
307499,36425,Tournament A18. League 800-900,800-900,2026-09-04T14:00:07.970000+00:00,2026-09-04T08:00:07.970000-06:00,2026-09-04T16:00:07.970000+02:00,3,COMPLETED,1827,Lukas Kern,1294,Zbynek Pagac,3,2,1827,Lukas Kern,,,2026-09-04T14:20:08.267000+00:00,SCHEDULED_START_PLUS_DURATION,2026-09-03T17:42:04.577951+00:00,2026-09-04T17:42:04.559960+00:00,d9a04bb524e90aa357ec932bc1924f87784cd0ea727852575d36c629f0f5ccc4,api.league-pro.com,OK,aba48c411b664b45c904395a0805a58f4539b08416b9d627e296ff978c961441
307423,36416,Tournament A16. League 1000-1100,1000-1100,2026-09-04T14:00:09.836000+00:00,2026-09-04T08:00:09.836000-06:00,2026-09-04T16:00:09.836000+02:00,3,COMPLETED,1804,Martin Skotnica,1731,Daniel Tomica,3,2,1804,Martin Skotnica,,,2026-09-04T14:22:44.253000+00:00,SCHEDULED_START_PLUS_DURATION,2026-09-03T17:42:04.577951+00:00,2026-09-04T17:42:04.559960+00:00,d9a04bb524e90aa357ec932bc1924f87784cd0ea727852575d36c629f0f5ccc4,api.league-pro.com,OK,2ec865c89746e590273937d674a70c9b952495640fd0445d6481ddb926c0a485
307335,36406,Tournament A12. League 700-800,700-800,2026-09-04T14:00:22.008000+00:00,2026-09-04T08:00:22.008000-06:00,2026-09-04T16:00:22.008000+02:00,3,COMPLETED,837,Radim Pavelka,822,Jaroslav Prokupek,3,1,837,Radim Pavelka,,,2026-09-04T14:14:54.044000+00:00,SCHEDULED_START_PLUS_DURATION,2026-09-03T17:42:04.577951+00:00,2026-09-04T17:42:04.559960+00:00,d9a04bb524e90aa357ec932bc1924f87784cd0ea727852575d36c629f0f5ccc4,api.league-pro.com,OK,cd701688daf2ebe24908c963e97418e1f4f4d6e5566cf81ebb1d77369c2a9375
307463,36421,Tournament A17. League 600-700,600-700,2026-09-04T14:00:33.969000+00:00,2026-09-04T08:00:33.969000-06:00,2026-09-04T16:00:33.969000+02:00,3,COMPLETED,1545,Yurii Holovatiuk,1078,Kyryl Darin,3,1,1545,Yurii Holovatiuk,,,2026-09-04T14:17:30.666000+00:00,SCHEDULED_START_PLUS_DURATION,2026-09-03T17:42:04.577951+00:00,2026-09-04T17:42:04.559960+00:00,d9a04bb524e90aa357ec932bc1924f87784cd0ea727852575d36c629f0f5ccc4,api.league-pro.com,OK,550c85643dd1b30f7717d4bec7d1f9dc6607f6c6c060f19380e3bcc575362c47
307379,36411,Tournament A14. League 800-900,800-900,2026-09-04T14:00:42.182000+00:00,2026-09-04T08:00:42.182000-06:00,2026-09-04T16:00:42.182000+02:00,3,COMPLETED,1272,Jakub Stolfa,881,Marcel Pikous,2,3,881,Marcel Pikous,,,2026-09-04T14:22:54.639000+00:00,SCHEDULED_START_PLUS_DURATION,2026-09-03T17:42:04.577951+00:00,2026-09-04T17:42:04.559960+00:00,d9a04bb524e90aa357ec932bc1924f87784cd0ea727852575d36c629f0f5ccc4,api.league-pro.com,OK,b5ce47184badece7735daba41e3ac74d4bc51e0915d68f5d5309cd955ce0fb16
307500,36425,Tournament A18. League 800-900,800-900,2026-09-04T14:30:07.033000+00:00,2026-09-04T08:30:07.033000-06:00,2026-09-04T16:30:07.033000+02:00,3,COMPLETED,1709,Michal Chalupa,1162,Roman Hudeczek,1,3,1162,Roman Hudeczek,,,2026-09-04T14:47:32.612000+00:00,SCHEDULED_START_PLUS_DURATION,2026-09-03T17:42:04.577951+00:00,2026-09-04T17:42:04.559960+00:00,d9a04bb524e90aa357ec932bc1924f87784cd0ea727852575d36c629f0f5ccc4,api.league-pro.com,OK,7a580778d35048cde036dcea0b62943516ff5617b6de5f32249da391c3f0b389
307464,36421,Tournament A17. League 600-700,600-700,2026-09-04T14:30:08.539000+00:00,2026-09-04T08:30:08.539000-06:00,2026-09-04T16:30:08.539000+02:00,3,COMPLETED,1607,David Horak,952,Marek Placek,1,3,952,Marek Placek,,,2026-09-04T14:44:12.097000+00:00,SCHEDULED_START_PLUS_DURATION,2026-09-03T17:42:04.577951+00:00,2026-09-04T17:42:04.559960+00:00,d9a04bb524e90aa357ec932bc1924f87784cd0ea727852575d36c629f0f5ccc4,api.league-pro.com,OK,4b77d18fb7680bb47696ef7b3ed644c638fa0ccec81951219c4981500fd83f70
307380,36411,Tournament A14. League 800-900,800-900,2026-09-04T14:30:12.418000+00:00,2026-09-04T08:30:12.418000-06:00,2026-09-04T16:30:12.418000+02:00,3,COMPLETED,885,Denis Hofman,1411,Simon Kadavy,3,2,885,Denis Hofman,,,2026-09-04T14:49:52.076000+00:00,SCHEDULED_START_PLUS_DURATION,2026-09-03T17:42:04.577951+00:00,2026-09-04T17:42:04.559960+00:00,d9a04bb524e90aa357ec932bc1924f87784cd0ea727852575d36c629f0f5ccc4,api.league-pro.com,OK,fef9c881b374fd1896d2f2c216406c1238f58042d080b38bed46ed18df97e04b
307424,36416,Tournament A16. League 1000-1100,1000-1100,2026-09-04T14:30:14.639000+00:00,2026-09-04T08:30:14.639000-06:00,2026-09-04T16:30:14.639000+02:00,3,COMPLETED,1121,Matyas Navedla,1796,Libor Prikasky,2,3,1796,Libor Prikasky,,,2026-09-04T14:56:04.924000+00:00,SCHEDULED_START_PLUS_DURATION,2026-09-03T17:42:04.577951+00:00,2026-09-04T17:42:04.559960+00:00,d9a04bb524e90aa357ec932bc1924f87784cd0ea727852575d36c629f0f5ccc4,api.league-pro.com,OK,be2cfd1290a574dcaf31d7b402029036001ab2a8c9ad727b5459247f9f79810a
307336,36406,Tournament A12. League 700-800,700-800,2026-09-04T14:35:06.631000+00:00,2026-09-04T08:35:06.631000-06:00,2026-09-04T16:35:06.631000+02:00,3,COMPLETED,1547,Dmitro Parhomenko,756,Frantisek Just,0,3,756,Frantisek Just,,,2026-09-04T14:48:10.727000+00:00,SCHEDULED_START_PLUS_DURATION,2026-09-03T17:42:04.577951+00:00,2026-09-04T17:42:04.559960+00:00,d9a04bb524e90aa357ec932bc1924f87784cd0ea727852575d36c629f0f5ccc4,api.league-pro.com,OK,932e063860f7bcda80857ebf573bb9ec11bf5007f5fa6f5dea900270854e1750
307501,36425,Tournament A18. League 800-900,800-900,2026-09-04T15:00:07.037000+00:00,2026-09-04T09:00:07.037000-06:00,2026-09-04T17:00:07.037000+02:00,3,COMPLETED,1294,Zbynek Pagac,1709,Michal Chalupa,3,1,1294,Zbynek Pagac,,,2026-09-04T15:19:33.635000+00:00,SCHEDULED_START_PLUS_DURATION,2026-09-03T17:42:04.577951+00:00,2026-09-04T17:42:04.559960+00:00,d9a04bb524e90aa357ec932bc1924f87784cd0ea727852575d36c629f0f5ccc4,api.league-pro.com,OK,efcbf8deba6a892798467ed79696a6a65f4fd511b5a0a4eeae9d21d4d6f38207
307337,36406,Tournament A12. League 700-800,700-800,2026-09-04T15:00:14.321000+00:00,2026-09-04T09:00:14.321000-06:00,2026-09-04T17:00:14.321000+02:00,3,COMPLETED,822,Jaroslav Prokupek,1547,Dmitro Parhomenko,3,0,822,Jaroslav Prokupek,,,2026-09-04T15:11:55.627000+00:00,SCHEDULED_START_PLUS_DURATION,2026-09-03T17:42:04.577951+00:00,2026-09-04T17:42:04.559960+00:00,d9a04bb524e90aa357ec932bc1924f87784cd0ea727852575d36c629f0f5ccc4,api.league-pro.com,OK,872b4505ca0806e3a7c7115ffe90222df14f8bfb90c8ac91ba32271d29b58744
307425,36416,Tournament A16. League 1000-1100,1000-1100,2026-09-04T15:00:18.975000+00:00,2026-09-04T09:00:18.975000-06:00,2026-09-04T17:00:18.975000+02:00,3,COMPLETED,1731,Daniel Tomica,1121,Matyas Navedla,3,1,1731,Daniel Tomica,,,2026-09-04T15:18:54.782000+00:00,SCHEDULED_START_PLUS_DURATION,2026-09-03T17:42:04.577951+00:00,2026-09-04T17:42:04.559960+00:00,d9a04bb524e90aa357ec932bc1924f87784cd0ea727852575d36c629f0f5ccc4,api.league-pro.com,OK,777ba37e87753d89182e8c18131d25b9ca2e955be6f89fd432b1acada477438c
307381,36411,Tournament A14. League 800-900,800-900,2026-09-04T15:00:19.638000+00:00,2026-09-04T09:00:19.638000-06:00,2026-09-04T17:00:19.638000+02:00,3,COMPLETED,881,Marcel Pikous,885,Denis Hofman,2,3,885,Denis Hofman,,,2026-09-04T15:21:09.314000+00:00,SCHEDULED_START_PLUS_DURATION,2026-09-03T17:42:04.577951+00:00,2026-09-04T17:42:04.559960+00:00,d9a04bb524e90aa357ec932bc1924f87784cd0ea727852575d36c629f0f5ccc4,api.league-pro.com,OK,6a514267bf916e8031fdb1fb3fdeeab86013f17db2629decccab74bac55c88e1
307465,36421,Tournament A17. League 600-700,600-700,2026-09-04T15:00:35.295000+00:00,2026-09-04T09:00:35.295000-06:00,2026-09-04T17:00:35.295000+02:00,3,COMPLETED,1078,Kyryl Darin,1607,David Horak,1,3,1607,David Horak,,,2026-09-04T15:15:32.932000+00:00,SCHEDULED_START_PLUS_DURATION,2026-09-03T17:42:04.577951+00:00,2026-09-04T17:42:04.559960+00:00,d9a04bb524e90aa357ec932bc1924f87784cd0ea727852575d36c629f0f5ccc4,api.league-pro.com,OK,8bc84e4df9144a912310e5afa5fee78d144dd187f2b340d22e6671fbbdd9f8e4
307382,36411,Tournament A14. League 800-900,800-900,2026-09-04T15:30:06.334000+00:00,2026-09-04T09:30:06.334000-06:00,2026-09-04T17:30:06.334000+02:00,3,COMPLETED,1411,Simon Kadavy,1272,Jakub Stolfa,3,2,1411,Simon Kadavy,,,2026-09-04T15:52:20.119000+00:00,SCHEDULED_START_PLUS_DURATION,2026-09-03T17:42:04.577951+00:00,2026-09-04T17:42:04.559960+00:00,d9a04bb524e90aa357ec932bc1924f87784cd0ea727852575d36c629f0f5ccc4,api.league-pro.com,OK,8fdc0fa57dc97f96931a91dfc86d2d7b0e9e2a4923843a8aac2fdefba739525d
307502,36425,Tournament A18. League 800-900,800-900,2026-09-04T15:30:06.971000+00:00,2026-09-04T09:30:06.971000-06:00,2026-09-04T17:30:06.971000+02:00,3,COMPLETED,1162,Roman Hudeczek,1827,Lukas Kern,3,1,1162,Roman Hudeczek,,,2026-09-04T15:46:25.176000+00:00,SCHEDULED_START_PLUS_DURATION,2026-09-03T17:42:04.577951+00:00,2026-09-04T17:42:04.559960+00:00,d9a04bb524e90aa357ec932bc1924f87784cd0ea727852575d36c629f0f5ccc4,api.league-pro.com,OK,9f80bad4e7640e4238aaf0b563aade3443b7251d9b4b9324ce2a985fd4e56cff
307426,36416,Tournament A16. League 1000-1100,1000-1100,2026-09-04T15:30:11.553000+00:00,2026-09-04T09:30:11.553000-06:00,2026-09-04T17:30:11.553000+02:00,3,COMPLETED,1796,Libor Prikasky,1804,Martin Skotnica,0,3,1804,Martin Skotnica,,,2026-09-04T15:42:41.313000+00:00,SCHEDULED_START_PLUS_DURATION,2026-09-03T17:42:04.577951+00:00,2026-09-04T17:42:04.559960+00:00,d9a04bb524e90aa357ec932bc1924f87784cd0ea727852575d36c629f0f5ccc4,api.league-pro.com,OK,3837ec43a187ffa79b03589b715c29d12822590c3cee797eb0aadb684f5c7512
307338,36406,Tournament A12. League 700-800,700-800,2026-09-04T15:30:17.046000+00:00,2026-09-04T09:30:17.046000-06:00,2026-09-04T17:30:17.046000+02:00,3,COMPLETED,756,Frantisek Just,837,Radim Pavelka,3,0,756,Frantisek Just,,,2026-09-04T15:41:15.111000+00:00,SCHEDULED_START_PLUS_DURATION,2026-09-03T17:42:04.577951+00:00,2026-09-04T17:42:04.559960+00:00,d9a04bb524e90aa357ec932bc1924f87784cd0ea727852575d36c629f0f5ccc4,api.league-pro.com,OK,3a91e3597b59564f25a51f7553fac75a5ac1d9384190242f75f2966544399034
307466,36421,Tournament A17. League 600-700,600-700,2026-09-04T15:30:26.384000+00:00,2026-09-04T09:30:26.384000-06:00,2026-09-04T17:30:26.384000+02:00,3,COMPLETED,952,Marek Placek,1545,Yurii Holovatiuk,0,3,1545,Yurii Holovatiuk,,,2026-09-04T15:41:43.423000+00:00,SCHEDULED_START_PLUS_DURATION,2026-09-03T17:42:04.577951+00:00,2026-09-04T17:42:04.559960+00:00,d9a04bb524e90aa357ec932bc1924f87784cd0ea727852575d36c629f0f5ccc4,api.league-pro.com,OK,a57579ed65c072ce9bc092012e213b04588727ff4056f0adba5996d6b5382221
307503,36425,Tournament A18. League 800-900,800-900,2026-09-04T16:00:09.041000+00:00,2026-09-04T10:00:09.041000-06:00,2026-09-04T18:00:09.041000+02:00,3,COMPLETED,1827,Lukas Kern,1709,Michal Chalupa,3,2,1827,Lukas Kern,,,2026-09-04T16:28:40.636000+00:00,SCHEDULED_START_PLUS_DURATION,2026-09-03T17:42:04.577951+00:00,2026-09-04T17:42:04.559960+00:00,d9a04bb524e90aa357ec932bc1924f87784cd0ea727852575d36c629f0f5ccc4,api.league-pro.com,OK,090563073cb45aad7e679f426aa5df257e35244b5c167aa216bbba3025d95a11
307427,36416,Tournament A16. League 1000-1100,1000-1100,2026-09-04T16:00:10.016000+00:00,2026-09-04T10:00:10.016000-06:00,2026-09-04T18:00:10.016000+02:00,3,COMPLETED,1804,Martin Skotnica,1121,Matyas Navedla,3,0,1804,Martin Skotnica,,,2026-09-04T16:13:32.667000+00:00,SCHEDULED_START_PLUS_DURATION,2026-09-03T17:42:04.577951+00:00,2026-09-04T17:42:04.559960+00:00,d9a04bb524e90aa357ec932bc1924f87784cd0ea727852575d36c629f0f5ccc4,api.league-pro.com,OK,7bb981b1f2a044a47ae927ddc238178f5e8486484b9d88d74aeee8eb96a7abd6
307339,36406,Tournament A12. League 700-800,700-800,2026-09-04T16:00:11.381000+00:00,2026-09-04T10:00:11.381000-06:00,2026-09-04T18:00:11.381000+02:00,3,COMPLETED,837,Radim Pavelka,1547,Dmitro Parhomenko,3,1,837,Radim Pavelka,,,2026-09-04T16:15:18.005000+00:00,SCHEDULED_START_PLUS_DURATION,2026-09-03T17:42:04.577951+00:00,2026-09-04T17:42:04.559960+00:00,d9a04bb524e90aa357ec932bc1924f87784cd0ea727852575d36c629f0f5ccc4,api.league-pro.com,OK,3ed93616ff70d8457d604a384d3f23f2d369cf4d1ee459faf0c7fe979d3741c7
307383,36411,Tournament A14. League 800-900,800-900,2026-09-04T16:00:14.941000+00:00,2026-09-04T10:00:14.941000-06:00,2026-09-04T18:00:14.941000+02:00,3,COMPLETED,1272,Jakub Stolfa,885,Denis Hofman,3,1,1272,Jakub Stolfa,,,2026-09-04T16:16:30.267000+00:00,SCHEDULED_START_PLUS_DURATION,2026-09-03T17:42:04.577951+00:00,2026-09-04T17:42:04.559960+00:00,d9a04bb524e90aa357ec932bc1924f87784cd0ea727852575d36c629f0f5ccc4,api.league-pro.com,OK,cc0cea7a2c1b24f2a12d9739952bfdb63de5ac5468639668ee7b18c8f5b1066d
307467,36421,Tournament A17. League 600-700,600-700,2026-09-04T16:00:18.595000+00:00,2026-09-04T10:00:18.595000-06:00,2026-09-04T18:00:18.595000+02:00,3,COMPLETED,1545,Yurii Holovatiuk,1607,David Horak,2,3,1607,David Horak,,,2026-09-04T16:19:56.161000+00:00,SCHEDULED_START_PLUS_DURATION,2026-09-03T17:42:04.577951+00:00,2026-09-04T17:42:04.559960+00:00,d9a04bb524e90aa357ec932bc1924f87784cd0ea727852575d36c629f0f5ccc4,api.league-pro.com,OK,9d9cd0a3d6d75c18767a3837b1207fa362414783ec8a2a68b15d2be5346cb7b8
307468,36421,Tournament A17. League 600-700,600-700,2026-09-04T16:30:09.713000+00:00,2026-09-04T10:30:09.713000-06:00,2026-09-04T18:30:09.713000+02:00,3,COMPLETED,1078,Kyryl Darin,952,Marek Placek,2,3,952,Marek Placek,,,2026-09-04T16:48:49.438000+00:00,SCHEDULED_START_PLUS_DURATION,2026-09-03T17:42:04.577951+00:00,2026-09-04T17:42:04.559960+00:00,d9a04bb524e90aa357ec932bc1924f87784cd0ea727852575d36c629f0f5ccc4,api.league-pro.com,OK,711215c6cbdf4a26df3bafb7bd8f9c80643eebb6656e3c9eb33d5c4496458587
307384,36411,Tournament A14. League 800-900,800-900,2026-09-04T16:30:12.397000+00:00,2026-09-04T10:30:12.397000-06:00,2026-09-04T18:30:12.397000+02:00,3,COMPLETED,881,Marcel Pikous,1411,Simon Kadavy,3,0,881,Marcel Pikous,,,2026-09-04T16:40:43.355000+00:00,SCHEDULED_START_PLUS_DURATION,2026-09-03T17:42:04.577951+00:00,2026-09-04T17:42:04.559960+00:00,d9a04bb524e90aa357ec932bc1924f87784cd0ea727852575d36c629f0f5ccc4,api.league-pro.com,OK,952ab0fd92098ac01cc453097ad7400dde15f9f38910341fe3363986726b181e
307340,36406,Tournament A12. League 700-800,700-800,2026-09-04T16:30:13.453000+00:00,2026-09-04T10:30:13.453000-06:00,2026-09-04T18:30:13.453000+02:00,3,COMPLETED,822,Jaroslav Prokupek,756,Frantisek Just,0,3,756,Frantisek Just,,,2026-09-04T16:41:33.708000+00:00,SCHEDULED_START_PLUS_DURATION,2026-09-03T17:42:04.577951+00:00,2026-09-04T17:42:04.559960+00:00,d9a04bb524e90aa357ec932bc1924f87784cd0ea727852575d36c629f0f5ccc4,api.league-pro.com,OK,bc52786bade9d4a2ad17734090a25caa75ad832b54b66f4e5f0a8de9d2f2da60
307428,36416,Tournament A16. League 1000-1100,1000-1100,2026-09-04T16:30:14.624000+00:00,2026-09-04T10:30:14.624000-06:00,2026-09-04T18:30:14.624000+02:00,3,COMPLETED,1731,Daniel Tomica,1796,Libor Prikasky,1,3,1796,Libor Prikasky,,,2026-09-04T16:51:49.988000+00:00,SCHEDULED_START_PLUS_DURATION,2026-09-03T17:42:04.577951+00:00,2026-09-04T17:42:04.559960+00:00,d9a04bb524e90aa357ec932bc1924f87784cd0ea727852575d36c629f0f5ccc4,api.league-pro.com,OK,b94afba7f1197e4bc023673ab56537ae01dcf2a657ef92cce02482aebe7ca2ee
307504,36425,Tournament A18. League 800-900,800-900,2026-09-04T16:31:08.513000+00:00,2026-09-04T10:31:08.513000-06:00,2026-09-04T18:31:08.513000+02:00,3,COMPLETED,1294,Zbynek Pagac,1162,Roman Hudeczek,3,2,1294,Zbynek Pagac,,,2026-09-04T16:59:09.500000+00:00,SCHEDULED_START_PLUS_DURATION,2026-09-03T17:42:04.577951+00:00,2026-09-04T17:42:04.559960+00:00,d9a04bb524e90aa357ec932bc1924f87784cd0ea727852575d36c629f0f5ccc4,api.league-pro.com,OK,091824052ed9d3b583cdc19c971a4028ad3034b10ce5a89edc17939e6da54b1b
307341,36406,Tournament A12. League 700-800,700-800,2026-09-04T17:00:17.781000+00:00,2026-09-04T11:00:17.781000-06:00,2026-09-04T19:00:17.781000+02:00,3,COMPLETED,822,Jaroslav Prokupek,1547,Dmitro Parhomenko,3,2,822,Jaroslav Prokupek,,,2026-09-04T17:17:03.417000+00:00,SCHEDULED_START_PLUS_DURATION,2026-09-03T17:42:04.577951+00:00,2026-09-04T17:42:04.559960+00:00,d9a04bb524e90aa357ec932bc1924f87784cd0ea727852575d36c629f0f5ccc4,api.league-pro.com,OK,5183ccd50c0e38de0e827dd7bb8df89b2cef93370134d5c283d1110bb21aea0c
307469,36421,Tournament A17. League 600-700,600-700,2026-09-04T17:00:21.912000+00:00,2026-09-04T11:00:21.912000-06:00,2026-09-04T19:00:21.912000+02:00,3,COMPLETED,952,Marek Placek,1078,Kyryl Darin,1,3,1078,Kyryl Darin,,,2026-09-04T17:14:29.257000+00:00,SCHEDULED_START_PLUS_DURATION,2026-09-03T17:42:04.577951+00:00,2026-09-04T17:42:04.559960+00:00,d9a04bb524e90aa357ec932bc1924f87784cd0ea727852575d36c629f0f5ccc4,api.league-pro.com,OK,9c2a08526b8d9bf95ccbd8bbb09a0560a462f61e040d94ffeff242c69e599053
307429,36416,Tournament A16. League 1000-1100,1000-1100,2026-09-04T17:00:24.507000+00:00,2026-09-04T11:00:24.507000-06:00,2026-09-04T19:00:24.507000+02:00,3,COMPLETED,1731,Daniel Tomica,1121,Matyas Navedla,3,1,1731,Daniel Tomica,,,2026-09-04T17:20:36.486000+00:00,SCHEDULED_START_PLUS_DURATION,2026-09-03T17:42:04.577951+00:00,2026-09-04T17:42:04.559960+00:00,d9a04bb524e90aa357ec932bc1924f87784cd0ea727852575d36c629f0f5ccc4,api.league-pro.com,OK,175800294fef9f493fcb50009daadbce9df9399cb61593a1e77f2983b2bbda79
307385,36411,Tournament A14. League 800-900,800-900,2026-09-04T17:00:25.641000+00:00,2026-09-04T11:00:25.641000-06:00,2026-09-04T19:00:25.641000+02:00,3,COMPLETED,1272,Jakub Stolfa,1411,Simon Kadavy,1,3,1411,Simon Kadavy,,,2026-09-04T17:20:16.361000+00:00,SCHEDULED_START_PLUS_DURATION,2026-09-03T17:42:04.577951+00:00,2026-09-04T17:42:04.559960+00:00,d9a04bb524e90aa357ec932bc1924f87784cd0ea727852575d36c629f0f5ccc4,api.league-pro.com,OK,cb3120fb8495a94dce55d74fcbb4fcc80406b99892674caae17b5c8c53f21774
307505,36425,Tournament A18. League 800-900,800-900,2026-09-04T17:06:53.044000+00:00,2026-09-04T11:06:53.044000-06:00,2026-09-04T19:06:53.044000+02:00,3,COMPLETED,1827,Lukas Kern,1709,Michal Chalupa,2,3,1709,Michal Chalupa,,,2026-09-04T17:33:13.945000+00:00,SCHEDULED_START_PLUS_DURATION,2026-09-03T17:42:04.577951+00:00,2026-09-04T17:42:04.559960+00:00,d9a04bb524e90aa357ec932bc1924f87784cd0ea727852575d36c629f0f5ccc4,api.league-pro.com,OK,8cbbab7a0aaba56429c4c464e8fb95197b6c218e79d557dce2e9ddfcd842f947
307430,36416,Tournament A16. League 1000-1100,1000-1100,2026-09-04T17:30:09.203000+00:00,2026-09-04T11:30:09.203000-06:00,2026-09-04T19:30:09.203000+02:00,3,COMPLETED,1804,Martin Skotnica,1796,Libor Prikasky,2,3,1796,Libor Prikasky,,,2026-09-04T17:56:07.619000+00:00,SCHEDULED_START_PLUS_DURATION,2026-09-03T17:42:04.577951+00:00,2026-09-05T05:42:03.230686+00:00,5ddc1a95fbb991870d1c90075dffb77027c9d4d030e26bee7a06d322dbfa0281,api.league-pro.com,OK,5c80ff03c911d8c6566401713a26ffcd384445b1aca14cea57b682800a9556b5
307386,36411,Tournament A14. League 800-900,800-900,2026-09-04T17:30:14.967000+00:00,2026-09-04T11:30:14.967000-06:00,2026-09-04T19:30:14.967000+02:00,3,COMPLETED,881,Marcel Pikous,885,Denis Hofman,2,3,885,Denis Hofman,,,2026-09-04T17:47:08.609000+00:00,SCHEDULED_START_PLUS_DURATION,2026-09-03T17:42:04.577951+00:00,2026-09-05T05:42:03.230686+00:00,5ddc1a95fbb991870d1c90075dffb77027c9d4d030e26bee7a06d322dbfa0281,api.league-pro.com,OK,04fd91c9f010e237c08dafc14c1e1dfcb0acd6d72cbfe10cf87203a82b369859
307470,36421,Tournament A17. League 600-700,600-700,2026-09-04T17:30:15.940000+00:00,2026-09-04T11:30:15.940000-06:00,2026-09-04T19:30:15.940000+02:00,3,COMPLETED,1545,Yurii Holovatiuk,1607,David Horak,3,0,1545,Yurii Holovatiuk,,,2026-09-04T17:40:57.099000+00:00,SCHEDULED_START_PLUS_DURATION,2026-09-03T17:42:04.577951+00:00,2026-09-04T17:42:04.559960+00:00,d9a04bb524e90aa357ec932bc1924f87784cd0ea727852575d36c629f0f5ccc4,api.league-pro.com,OK,10c51de910a0ba0c0fef029ecbe5e4c56f787839a92fe89daa339019db64f5fd
307342,36406,Tournament A12. League 700-800,700-800,2026-09-04T17:30:19.566000+00:00,2026-09-04T11:30:19.566000-06:00,2026-09-04T19:30:19.566000+02:00,3,COMPLETED,756,Frantisek Just,837,Radim Pavelka,3,0,756,Frantisek Just,,,2026-09-04T17:43:32.775000+00:00,SCHEDULED_START_PLUS_DURATION,2026-09-03T17:42:04.577951+00:00,2026-09-05T05:42:03.230686+00:00,5ddc1a95fbb991870d1c90075dffb77027c9d4d030e26bee7a06d322dbfa0281,api.league-pro.com,OK,6571ec900d5838bdebd4dd75e1275ab140b97cb840fb754b3c1323773a441255
307506,36425,Tournament A18. League 800-900,800-900,2026-09-04T17:36:09.800000+00:00,2026-09-04T11:36:09.800000-06:00,2026-09-04T19:36:09.800000+02:00,3,COMPLETED,1162,Roman Hudeczek,1294,Zbynek Pagac,3,1,1162,Roman Hudeczek,,,2026-09-04T17:54:06.807000+00:00,SCHEDULED_START_PLUS_DURATION,2026-09-03T17:42:04.577951+00:00,2026-09-05T05:42:03.230686+00:00,5ddc1a95fbb991870d1c90075dffb77027c9d4d030e26bee7a06d322dbfa0281,api.league-pro.com,OK,07b59267f1b6096db4c078e5af8951bf94987ca228c85a618bbd63dd42934afd
307387,36412,Tournament A14. League 550-600,550-600,2026-09-04T18:00:06.112000+00:00,2026-09-04T12:00:06.112000-06:00,2026-09-04T20:00:06.112000+02:00,3,COMPLETED,1635,Julius Didi,1217,Martin Stefek,1,3,1217,Martin Stefek,,,2026-09-04T18:16:36.812000+00:00,SCHEDULED_START_PLUS_DURATION,2026-09-03T17:42:04.577951+00:00,2026-09-05T05:42:03.230686+00:00,5ddc1a95fbb991870d1c90075dffb77027c9d4d030e26bee7a06d322dbfa0281,api.league-pro.com,OK,30ae47470ab14b2980eeda83b4a30c647510c82e23cc1910662fd9177e25b431
307343,36407,Tournament A12. League 1000-1100,1000-1100,2026-09-04T18:00:06.946000+00:00,2026-09-04T12:00:06.946000-06:00,2026-09-04T20:00:06.946000+02:00,3,COMPLETED,688,Erik Mares,699,Josef Medek,3,2,688,Erik Mares,,,2026-09-04T18:22:25.812000+00:00,SCHEDULED_START_PLUS_DURATION,2026-09-03T17:42:04.577951+00:00,2026-09-05T05:42:03.230686+00:00,5ddc1a95fbb991870d1c90075dffb77027c9d4d030e26bee7a06d322dbfa0281,api.league-pro.com,OK,bade3ae4205beb9ebb34f06011c1fd66e4211660e5e3e04e9b2a025efa25a10f
307507,36426,Tournament A18. League 600-700,600-700,2026-09-04T18:00:07.767000+00:00,2026-09-04T12:00:07.767000-06:00,2026-09-04T20:00:07.767000+02:00,3,COMPLETED,1014,Jakub Levicky,1748,Tomas Milota,3,1,1014,Jakub Levicky,,,2026-09-04T18:20:10.210000+00:00,SCHEDULED_START_PLUS_DURATION,2026-09-03T17:42:04.577951+00:00,2026-09-05T05:42:03.230686+00:00,5ddc1a95fbb991870d1c90075dffb77027c9d4d030e26bee7a06d322dbfa0281,api.league-pro.com,OK,5642524bd3501d848074380bdd63091853c5985b60b38330ad68ab5de07eb3f6
307431,36417,Tournament A16. League 800-900,800-900,2026-09-04T18:00:09.161000+00:00,2026-09-04T12:00:09.161000-06:00,2026-09-04T20:00:09.161000+02:00,3,COMPLETED,1827,Lukas Kern,1162,Roman Hudeczek,0,3,1162,Roman Hudeczek,,,2026-09-04T18:14:13.500000+00:00,SCHEDULED_START_PLUS_DURATION,2026-09-03T17:42:04.577951+00:00,2026-09-05T05:42:03.230686+00:00,5ddc1a95fbb991870d1c90075dffb77027c9d4d030e26bee7a06d322dbfa0281,api.league-pro.com,OK,0ca815ba9186c0cd1767fe48328ba95efb4bedcb6079697676b468fa357047e5
307471,36422,Tournament A17. League 600-700,600-700,2026-09-04T18:00:10.871000+00:00,2026-09-04T12:00:10.871000-06:00,2026-09-04T20:00:10.871000+02:00,3,COMPLETED,1679,Jiri Dedek,824,Milan Kolar,1,3,824,Milan Kolar,,,2026-09-04T18:25:39.676000+00:00,SCHEDULED_START_PLUS_DURATION,2026-09-03T17:42:04.577951+00:00,2026-09-05T05:42:03.230686+00:00,5ddc1a95fbb991870d1c90075dffb77027c9d4d030e26bee7a06d322dbfa0281,api.league-pro.com,OK,617c01ff3c1ed7c86b66d23050cf132d6802702f4314cfb3e107f8925e708875
307508,36426,Tournament A18. League 600-700,600-700,2026-09-04T18:30:05.946000+00:00,2026-09-04T12:30:05.946000-06:00,2026-09-04T20:30:05.946000+02:00,3,COMPLETED,1719,Lukas Velicka,1732,Jan Hrabec,3,2,1719,Lukas Velicka,,,2026-09-04T18:52:59.979000+00:00,SCHEDULED_START_PLUS_DURATION,2026-09-03T17:42:04.577951+00:00,2026-09-05T05:42:03.230686+00:00,5ddc1a95fbb991870d1c90075dffb77027c9d4d030e26bee7a06d322dbfa0281,api.league-pro.com,OK,2d058d5df6e842fa541d6145363ddeb481d3625325a191c0ec30eecac33a8c15
307388,36412,Tournament A14. League 550-600,550-600,2026-09-04T18:30:06.647000+00:00,2026-09-04T12:30:06.647000-06:00,2026-09-04T20:30:06.647000+02:00,3,COMPLETED,1681,Adam Svoboda,866,Vaclav Dolezal,3,2,1681,Adam Svoboda,,,2026-09-04T18:52:40.008000+00:00,SCHEDULED_START_PLUS_DURATION,2026-09-03T17:42:04.577951+00:00,2026-09-05T05:42:03.230686+00:00,5ddc1a95fbb991870d1c90075dffb77027c9d4d030e26bee7a06d322dbfa0281,api.league-pro.com,OK,eac80598511225b804141a7aa964b2baee28219e1e03d06139436300b00beafe
307344,36407,Tournament A12. League 1000-1100,1000-1100,2026-09-04T18:30:06.881000+00:00,2026-09-04T12:30:06.881000-06:00,2026-09-04T20:30:06.881000+02:00,3,COMPLETED,1664,Jakub Vales,694,Jan Zajicek,2,3,694,Jan Zajicek,,,2026-09-04T18:56:45.892000+00:00,SCHEDULED_START_PLUS_DURATION,2026-09-03T17:42:04.577951+00:00,2026-09-05T05:42:03.230686+00:00,5ddc1a95fbb991870d1c90075dffb77027c9d4d030e26bee7a06d322dbfa0281,api.league-pro.com,OK,e5e7a60bae80f8252f2a24cf3c1683dd5e17defde4a77fbd6fcdc834c82cb762
307432,36417,Tournament A16. League 800-900,800-900,2026-09-04T18:30:12.292000+00:00,2026-09-04T12:30:12.292000-06:00,2026-09-04T20:30:12.292000+02:00,3,COMPLETED,1709,Michal Chalupa,1294,Zbynek Pagac,3,1,1709,Michal Chalupa,,,2026-09-04T18:48:51.619000+00:00,SCHEDULED_START_PLUS_DURATION,2026-09-03T17:42:04.577951+00:00,2026-09-05T05:42:03.230686+00:00,5ddc1a95fbb991870d1c90075dffb77027c9d4d030e26bee7a06d322dbfa0281,api.league-pro.com,OK,7296cc184ef2812db32d8164500a0df880e7befe42c5a2e9fd6115fbf9b0e913
307472,36422,Tournament A17. League 600-700,600-700,2026-09-04T18:30:26.955000+00:00,2026-09-04T12:30:26.955000-06:00,2026-09-04T20:30:26.955000+02:00,3,COMPLETED,865,Vladimir Postelt,952,Marek Placek,2,3,952,Marek Placek,,,2026-09-04T18:51:25.932000+00:00,SCHEDULED_START_PLUS_DURATION,2026-09-03T17:42:04.577951+00:00,2026-09-05T05:42:03.230686+00:00,5ddc1a95fbb991870d1c90075dffb77027c9d4d030e26bee7a06d322dbfa0281,api.league-pro.com,OK,8f4d0885fa957889497c5886d9faa6b613fc7d4ab7cff45e651d1d64e5b4123b
307509,36426,Tournament A18. League 600-700,600-700,2026-09-04T19:00:06.745000+00:00,2026-09-04T13:00:06.745000-06:00,2026-09-04T21:00:06.745000+02:00,3,COMPLETED,1748,Tomas Milota,1719,Lukas Velicka,1,3,1719,Lukas Velicka,,,2026-09-04T19:20:07.183000+00:00,SCHEDULED_START_PLUS_DURATION,2026-09-03T17:42:04.577951+00:00,2026-09-05T05:42:03.230686+00:00,5ddc1a95fbb991870d1c90075dffb77027c9d4d030e26bee7a06d322dbfa0281,api.league-pro.com,OK,e0e9c54fa97c74ab92bc105e391e7e15aff9e4e569a51ef7aa22d4efec3c0c8e
307473,36422,Tournament A17. League 600-700,600-700,2026-09-04T19:00:10.196000+00:00,2026-09-04T13:00:10.196000-06:00,2026-09-04T21:00:10.196000+02:00,3,COMPLETED,824,Milan Kolar,865,Vladimir Postelt,3,1,824,Milan Kolar,,,2026-09-04T19:21:03.563000+00:00,SCHEDULED_START_PLUS_DURATION,2026-09-03T17:42:04.577951+00:00,2026-09-05T05:42:03.230686+00:00,5ddc1a95fbb991870d1c90075dffb77027c9d4d030e26bee7a06d322dbfa0281,api.league-pro.com,OK,9a834aa96a806abdc3e6dd3f42cf2e57106b00ba53229cf295083fe763548be4
307433,36417,Tournament A16. League 800-900,800-900,2026-09-04T19:00:10.680000+00:00,2026-09-04T13:00:10.680000-06:00,2026-09-04T21:00:10.680000+02:00,3,COMPLETED,1162,Roman Hudeczek,1709,Michal Chalupa,3,2,1162,Roman Hudeczek,,,2026-09-04T19:21:43.605000+00:00,SCHEDULED_START_PLUS_DURATION,2026-09-03T17:42:04.577951+00:00,2026-09-05T05:42:03.230686+00:00,5ddc1a95fbb991870d1c90075dffb77027c9d4d030e26bee7a06d322dbfa0281,api.league-pro.com,OK,1d2ff1969ba9235077124c646a5f503f1e5baf814565d166d4ba323682d322f8
307345,36407,Tournament A12. League 1000-1100,1000-1100,2026-09-04T19:00:13.675000+00:00,2026-09-04T13:00:13.675000-06:00,2026-09-04T21:00:13.675000+02:00,3,COMPLETED,699,Josef Medek,1664,Jakub Vales,2,3,1664,Jakub Vales,,,2026-09-04T19:20:39.040000+00:00,SCHEDULED_START_PLUS_DURATION,2026-09-03T17:42:04.577951+00:00,2026-09-05T05:42:03.230686+00:00,5ddc1a95fbb991870d1c90075dffb77027c9d4d030e26bee7a06d322dbfa0281,api.league-pro.com,OK,257fca0d21cb68fc688d48d5834e53e246644c4c2004e396f80f47064caf82ba
307389,36412,Tournament A14. League 550-600,550-600,2026-09-04T19:00:21.402000+00:00,2026-09-04T13:00:21.402000-06:00,2026-09-04T21:00:21.402000+02:00,3,COMPLETED,1217,Martin Stefek,1681,Adam Svoboda,2,3,1681,Adam Svoboda,,,2026-09-04T19:20:50.096000+00:00,SCHEDULED_START_PLUS_DURATION,2026-09-03T17:42:04.577951+00:00,2026-09-05T05:42:03.230686+00:00,5ddc1a95fbb991870d1c90075dffb77027c9d4d030e26bee7a06d322dbfa0281,api.league-pro.com,OK,9e21ea46bc7e4ddfcca729151b005e1e8592d064e99b237f4feb10adf8d358fc
307510,36426,Tournament A18. League 600-700,600-700,2026-09-04T19:30:05.648000+00:00,2026-09-04T13:30:05.648000-06:00,2026-09-04T21:30:05.648000+02:00,3,COMPLETED,1732,Jan Hrabec,1014,Jakub Levicky,0,3,1014,Jakub Levicky,,,2026-09-04T19:43:01.920000+00:00,SCHEDULED_START_PLUS_DURATION,2026-09-03T17:42:04.577951+00:00,2026-09-05T05:42:03.230686+00:00,5ddc1a95fbb991870d1c90075dffb77027c9d4d030e26bee7a06d322dbfa0281,api.league-pro.com,OK,2bbd0f8bb21dcec67401467187e05c0d5f316d075858170fa596b12c9b471c1f
307346,36407,Tournament A12. League 1000-1100,1000-1100,2026-09-04T19:30:11.805000+00:00,2026-09-04T13:30:11.805000-06:00,2026-09-04T21:30:11.805000+02:00,3,COMPLETED,694,Jan Zajicek,688,Erik Mares,0,3,688,Erik Mares,,,2026-09-04T19:46:01.302000+00:00,SCHEDULED_START_PLUS_DURATION,2026-09-03T17:42:04.577951+00:00,2026-09-05T05:42:03.230686+00:00,5ddc1a95fbb991870d1c90075dffb77027c9d4d030e26bee7a06d322dbfa0281,api.league-pro.com,OK,975879c68d60ede21ca5f6373b2f9614267af01913c2013fb0441b7f1b7d235c
307434,36417,Tournament A16. League 800-900,800-900,2026-09-04T19:30:12.030000+00:00,2026-09-04T13:30:12.030000-06:00,2026-09-04T21:30:12.030000+02:00,3,COMPLETED,1294,Zbynek Pagac,1827,Lukas Kern,1,3,1827,Lukas Kern,,,2026-09-04T19:47:05.137000+00:00,SCHEDULED_START_PLUS_DURATION,2026-09-03T17:42:04.577951+00:00,2026-09-05T05:42:03.230686+00:00,5ddc1a95fbb991870d1c90075dffb77027c9d4d030e26bee7a06d322dbfa0281,api.league-pro.com,OK,71379eb1617b2076cae0ddab0cc8bfdcb73b01236967df10ef13acc64f27b7c8
307390,36412,Tournament A14. League 550-600,550-600,2026-09-04T19:30:16.988000+00:00,2026-09-04T13:30:16.988000-06:00,2026-09-04T21:30:16.988000+02:00,3,COMPLETED,866,Vaclav Dolezal,1635,Julius Didi,2,3,1635,Julius Didi,,,2026-09-04T19:52:00.004000+00:00,SCHEDULED_START_PLUS_DURATION,2026-09-03T17:42:04.577951+00:00,2026-09-05T05:42:03.230686+00:00,5ddc1a95fbb991870d1c90075dffb77027c9d4d030e26bee7a06d322dbfa0281,api.league-pro.com,OK,d0b39cce6c9990e2a8b409825dcfcd9ec3694974518a82bcca717ea51f884c0c
307474,36422,Tournament A17. League 600-700,600-700,2026-09-04T19:30:26.321000+00:00,2026-09-04T13:30:26.321000-06:00,2026-09-04T21:30:26.321000+02:00,3,COMPLETED,952,Marek Placek,1679,Jiri Dedek,0,3,1679,Jiri Dedek,,,2026-09-04T19:42:27.395000+00:00,SCHEDULED_START_PLUS_DURATION,2026-09-03T17:42:04.577951+00:00,2026-09-05T05:42:03.230686+00:00,5ddc1a95fbb991870d1c90075dffb77027c9d4d030e26bee7a06d322dbfa0281,api.league-pro.com,OK,9af71d88c3e085950071c4b8d0cbf63a073096c188dd4e4d89305bc0ba6ace04
307511,36426,Tournament A18. League 600-700,600-700,2026-09-04T20:00:06.814000+00:00,2026-09-04T14:00:06.814000-06:00,2026-09-04T22:00:06.814000+02:00,3,COMPLETED,1014,Jakub Levicky,1719,Lukas Velicka,3,2,1014,Jakub Levicky,,,2026-09-04T20:21:26.692000+00:00,SCHEDULED_START_PLUS_DURATION,2026-09-03T17:42:04.577951+00:00,2026-09-05T05:42:03.230686+00:00,5ddc1a95fbb991870d1c90075dffb77027c9d4d030e26bee7a06d322dbfa0281,api.league-pro.com,OK,5f27288ec3f7365dea8e18f811f9bf5c75abe1c8dd1862160fda6ebb77df67be
307347,36407,Tournament A12. League 1000-1100,1000-1100,2026-09-04T20:00:06.910000+00:00,2026-09-04T14:00:06.910000-06:00,2026-09-04T22:00:06.910000+02:00,3,COMPLETED,688,Erik Mares,1664,Jakub Vales,3,1,688,Erik Mares,,,2026-09-04T20:14:27.213000+00:00,SCHEDULED_START_PLUS_DURATION,2026-09-03T17:42:04.577951+00:00,2026-09-05T05:42:03.230686+00:00,5ddc1a95fbb991870d1c90075dffb77027c9d4d030e26bee7a06d322dbfa0281,api.league-pro.com,OK,bd0b2d9083675e8b4af01887e8d302ec2d8223cbbf62b999deb076c9db12c8ef
307435,36417,Tournament A16. League 800-900,800-900,2026-09-04T20:00:11.099000+00:00,2026-09-04T14:00:11.099000-06:00,2026-09-04T22:00:11.099000+02:00,3,COMPLETED,1827,Lukas Kern,1709,Michal Chalupa,1,3,1709,Michal Chalupa,,,2026-09-04T20:21:51.990000+00:00,SCHEDULED_START_PLUS_DURATION,2026-09-03T17:42:04.577951+00:00,2026-09-05T05:42:03.230686+00:00,5ddc1a95fbb991870d1c90075dffb77027c9d4d030e26bee7a06d322dbfa0281,api.league-pro.com,OK,9c6418c46cf42dff001d965b41dc42c1464b7b469813ca3b7f1b0ddbfbf226b3
307391,36412,Tournament A14. League 550-600,550-600,2026-09-04T20:00:11.746000+00:00,2026-09-04T14:00:11.746000-06:00,2026-09-04T22:00:11.746000+02:00,3,COMPLETED,1635,Julius Didi,1681,Adam Svoboda,1,3,1681,Adam Svoboda,,,2026-09-04T20:14:35.065000+00:00,SCHEDULED_START_PLUS_DURATION,2026-09-03T17:42:04.577951+00:00,2026-09-05T05:42:03.230686+00:00,5ddc1a95fbb991870d1c90075dffb77027c9d4d030e26bee7a06d322dbfa0281,api.league-pro.com,OK,ed6608ce0e4386ef34c9566c1048ae125a8350c9e431746efb64b6087a9fb2d9
307475,36422,Tournament A17. League 600-700,600-700,2026-09-04T20:00:17.458000+00:00,2026-09-04T14:00:17.458000-06:00,2026-09-04T22:00:17.458000+02:00,3,COMPLETED,1679,Jiri Dedek,865,Vladimir Postelt,0,3,865,Vladimir Postelt,,,2026-09-04T20:12:36.391000+00:00,SCHEDULED_START_PLUS_DURATION,2026-09-03T17:42:04.577951+00:00,2026-09-05T05:42:03.230686+00:00,5ddc1a95fbb991870d1c90075dffb77027c9d4d030e26bee7a06d322dbfa0281,api.league-pro.com,OK,e04b0d3a703214a307ede4857f804f52ec2db79e29cc1766de09c85572c2866f
307512,36426,Tournament A18. League 600-700,600-700,2026-09-04T20:30:05.897000+00:00,2026-09-04T14:30:05.897000-06:00,2026-09-04T22:30:05.897000+02:00,3,COMPLETED,1748,Tomas Milota,1732,Jan Hrabec,1,3,1732,Jan Hrabec,,,2026-09-04T20:49:44.047000+00:00,SCHEDULED_START_PLUS_DURATION,2026-09-03T17:42:04.577951+00:00,2026-09-05T05:42:03.230686+00:00,5ddc1a95fbb991870d1c90075dffb77027c9d4d030e26bee7a06d322dbfa0281,api.league-pro.com,OK,4fd3e472c92dbcf98c236d55bad14aab93009f15c1c541c90605b45bb8aa6a81
307436,36417,Tournament A16. League 800-900,800-900,2026-09-04T20:30:14.241000+00:00,2026-09-04T14:30:14.241000-06:00,2026-09-04T22:30:14.241000+02:00,3,COMPLETED,1162,Roman Hudeczek,1294,Zbynek Pagac,3,1,1162,Roman Hudeczek,,,2026-09-04T20:45:01.381000+00:00,SCHEDULED_START_PLUS_DURATION,2026-09-03T17:42:04.577951+00:00,2026-09-05T05:42:03.230686+00:00,5ddc1a95fbb991870d1c90075dffb77027c9d4d030e26bee7a06d322dbfa0281,api.league-pro.com,OK,3582741cf4482d3dffc549741414d7e0a2a2909e28530d89a449ebe4105ec62d
307348,36407,Tournament A12. League 1000-1100,1000-1100,2026-09-04T20:30:23.239000+00:00,2026-09-04T14:30:23.239000-06:00,2026-09-04T22:30:23.239000+02:00,3,COMPLETED,699,Josef Medek,694,Jan Zajicek,3,1,699,Josef Medek,,,2026-09-04T20:51:43.621000+00:00,SCHEDULED_START_PLUS_DURATION,2026-09-03T17:42:04.577951+00:00,2026-09-05T05:42:03.230686+00:00,5ddc1a95fbb991870d1c90075dffb77027c9d4d030e26bee7a06d322dbfa0281,api.league-pro.com,OK,3a4b1dc8f3aa920c5b02e467c2839df4a0c79f42058d78be01d33cda2ac09891
307476,36422,Tournament A17. League 600-700,600-700,2026-09-04T20:30:34.062000+00:00,2026-09-04T14:30:34.062000-06:00,2026-09-04T22:30:34.062000+02:00,3,COMPLETED,824,Milan Kolar,952,Marek Placek,3,2,824,Milan Kolar,,,2026-09-04T20:57:20.174000+00:00,SCHEDULED_START_PLUS_DURATION,2026-09-03T17:42:04.577951+00:00,2026-09-05T05:42:03.230686+00:00,5ddc1a95fbb991870d1c90075dffb77027c9d4d030e26bee7a06d322dbfa0281,api.league-pro.com,OK,1a8a39860fc978a0c0f6fa0206fd6efe30a8a67c34ab56d6b7ac1dbaf5f2f521
307392,36412,Tournament A14. League 550-600,550-600,2026-09-04T20:30:57.899000+00:00,2026-09-04T14:30:57.899000-06:00,2026-09-04T22:30:57.899000+02:00,3,COMPLETED,1217,Martin Stefek,866,Vaclav Dolezal,3,2,1217,Martin Stefek,,,2026-09-04T20:51:37.868000+00:00,SCHEDULED_START_PLUS_DURATION,2026-09-03T17:42:04.577951+00:00,2026-09-05T05:42:03.230686+00:00,5ddc1a95fbb991870d1c90075dffb77027c9d4d030e26bee7a06d322dbfa0281,api.league-pro.com,OK,064fe9f2f8d522c21bd093bd1afff6acdadc5ae027e5621857d2f1c0f618d064
307437,36417,Tournament A16. League 800-900,800-900,2026-09-04T21:00:24.463000+00:00,2026-09-04T15:00:24.463000-06:00,2026-09-04T23:00:24.463000+02:00,3,COMPLETED,1827,Lukas Kern,1294,Zbynek Pagac,3,1,1827,Lukas Kern,,,2026-09-04T21:14:57.073000+00:00,SCHEDULED_START_PLUS_DURATION,2026-09-03T17:42:04.577951+00:00,2026-09-05T05:42:03.230686+00:00,5ddc1a95fbb991870d1c90075dffb77027c9d4d030e26bee7a06d322dbfa0281,api.league-pro.com,OK,3709e9e6e5f854f632ca69b481b5c339e06703c6d59783489c8c49388d93dec9
307513,36426,Tournament A18. League 600-700,600-700,2026-09-04T21:00:25.184000+00:00,2026-09-04T15:00:25.184000-06:00,2026-09-04T23:00:25.184000+02:00,3,COMPLETED,1732,Jan Hrabec,1748,Tomas Milota,3,2,1732,Jan Hrabec,,,2026-09-04T21:25:19.484000+00:00,SCHEDULED_START_PLUS_DURATION,2026-09-03T17:42:04.577951+00:00,2026-09-05T05:42:03.230686+00:00,5ddc1a95fbb991870d1c90075dffb77027c9d4d030e26bee7a06d322dbfa0281,api.league-pro.com,OK,7cd23b3ddc41e1308ca00a9f0d7e098ea54d54581d758e78cfd0365c02022234
307349,36407,Tournament A12. League 1000-1100,1000-1100,2026-09-04T21:02:02.965000+00:00,2026-09-04T15:02:02.965000-06:00,2026-09-04T23:02:02.965000+02:00,3,COMPLETED,1664,Jakub Vales,694,Jan Zajicek,0,3,694,Jan Zajicek,,,2026-09-04T21:13:23.915000+00:00,SCHEDULED_START_PLUS_DURATION,2026-09-03T17:42:04.577951+00:00,2026-09-05T05:42:03.230686+00:00,5ddc1a95fbb991870d1c90075dffb77027c9d4d030e26bee7a06d322dbfa0281,api.league-pro.com,OK,0ed83775b732c18753ea12b8c7be823d7d12d71021448dc55a35a9d651265a0a
307393,36412,Tournament A14. League 550-600,550-600,2026-09-04T21:02:17.307000+00:00,2026-09-04T15:02:17.307000-06:00,2026-09-04T23:02:17.307000+02:00,3,COMPLETED,1635,Julius Didi,866,Vaclav Dolezal,0,3,866,Vaclav Dolezal,,,2026-09-04T21:14:53.149000+00:00,SCHEDULED_START_PLUS_DURATION,2026-09-03T17:42:04.577951+00:00,2026-09-05T05:42:03.230686+00:00,5ddc1a95fbb991870d1c90075dffb77027c9d4d030e26bee7a06d322dbfa0281,api.league-pro.com,OK,e0429d13f501e93d35d48d7043a912145cf7a1ade4114ffa5d4f007d1e4d4786
307477,36422,Tournament A17. League 600-700,600-700,2026-09-04T21:08:25.949000+00:00,2026-09-04T15:08:25.949000-06:00,2026-09-04T23:08:25.949000+02:00,3,COMPLETED,952,Marek Placek,1679,Jiri Dedek,1,3,1679,Jiri Dedek,,,2026-09-04T21:25:19.756000+00:00,SCHEDULED_START_PLUS_DURATION,2026-09-03T17:42:04.577951+00:00,2026-09-05T05:42:03.230686+00:00,5ddc1a95fbb991870d1c90075dffb77027c9d4d030e26bee7a06d322dbfa0281,api.league-pro.com,OK,426b1fd63d690b607d367cab9ae4b3b23c5bd4a4d9c78207e49a67945b2c6434
307350,36407,Tournament A12. League 1000-1100,1000-1100,2026-09-04T21:30:09.177000+00:00,2026-09-04T15:30:09.177000-06:00,2026-09-04T23:30:09.177000+02:00,3,COMPLETED,688,Erik Mares,699,Josef Medek,2,3,699,Josef Medek,,,2026-09-04T21:51:59.500000+00:00,SCHEDULED_START_PLUS_DURATION,2026-09-03T17:42:04.577951+00:00,2026-09-05T05:42:03.230686+00:00,5ddc1a95fbb991870d1c90075dffb77027c9d4d030e26bee7a06d322dbfa0281,api.league-pro.com,OK,67872b6c1d87a8d419dc87be4c2f97a2c62947293314621f833f954366a86ca1
307514,36426,Tournament A18. League 600-700,600-700,2026-09-04T21:30:10.521000+00:00,2026-09-04T15:30:10.521000-06:00,2026-09-04T23:30:10.521000+02:00,3,COMPLETED,1014,Jakub Levicky,1719,Lukas Velicka,3,0,1014,Jakub Levicky,,,2026-09-04T21:43:12.504000+00:00,SCHEDULED_START_PLUS_DURATION,2026-09-03T17:42:04.577951+00:00,2026-09-05T05:42:03.230686+00:00,5ddc1a95fbb991870d1c90075dffb77027c9d4d030e26bee7a06d322dbfa0281,api.league-pro.com,OK,14c929464d19ac67f9aa046fb638235987e25270076422f2a9cf3063853b24d4
307438,36417,Tournament A16. League 800-900,800-900,2026-09-04T21:30:12.950000+00:00,2026-09-04T15:30:12.950000-06:00,2026-09-04T23:30:12.950000+02:00,3,COMPLETED,1162,Roman Hudeczek,1709,Michal Chalupa,3,2,1162,Roman Hudeczek,,,2026-09-04T21:53:51.162000+00:00,SCHEDULED_START_PLUS_DURATION,2026-09-03T17:42:04.577951+00:00,2026-09-05T05:42:03.230686+00:00,5ddc1a95fbb991870d1c90075dffb77027c9d4d030e26bee7a06d322dbfa0281,api.league-pro.com,OK,d94297fea55afe66c27622fc17af4646bd78664bfeec617de5f5c9d43da6a0ef
307394,36412,Tournament A14. League 550-600,550-600,2026-09-04T21:30:13.210000+00:00,2026-09-04T15:30:13.210000-06:00,2026-09-04T23:30:13.210000+02:00,3,COMPLETED,1681,Adam Svoboda,1217,Martin Stefek,3,1,1681,Adam Svoboda,,,2026-09-04T21:43:22.438000+00:00,SCHEDULED_START_PLUS_DURATION,2026-09-03T17:42:04.577951+00:00,2026-09-05T05:42:03.230686+00:00,5ddc1a95fbb991870d1c90075dffb77027c9d4d030e26bee7a06d322dbfa0281,api.league-pro.com,OK,7e453f0e883420de3fd386220675c2cf2c349acc1159f887426a91f0f9ca3073
307478,36422,Tournament A17. League 600-700,600-700,2026-09-04T21:30:39.386000+00:00,2026-09-04T15:30:39.386000-06:00,2026-09-04T23:30:39.386000+02:00,3,COMPLETED,824,Milan Kolar,865,Vladimir Postelt,3,1,824,Milan Kolar,,,2026-09-04T21:50:48.300000+00:00,SCHEDULED_START_PLUS_DURATION,2026-09-03T17:42:04.577951+00:00,2026-09-05T05:42:03.230686+00:00,5ddc1a95fbb991870d1c90075dffb77027c9d4d030e26bee7a06d322dbfa0281,api.league-pro.com,OK,70ea5e59c3b71ac14837aeef3df90a075408186cd245a3236880ac37c5487fca
307395,36413,Tournament A14. League 550-600,550-600,2026-09-04T21:59:55.635000+00:00,2026-09-04T15:59:55.635000-06:00,2026-09-04T23:59:55.635000+02:00,3,COMPLETED,805,Ondrej Kucirek,1832,Roman Urban,3,2,805,Ondrej Kucirek,,,2026-09-04T22:22:16.910000+00:00,SCHEDULED_START_PLUS_DURATION,2026-09-04T17:42:04.559960+00:00,2026-09-05T05:42:03.230686+00:00,5ddc1a95fbb991870d1c90075dffb77027c9d4d030e26bee7a06d322dbfa0281,api.league-pro.com,OK,e2937eb30145660737130374f8e0e8439c42a204e6b9830c957ade723f7c5de6
307351,36408,Tournament A12. League 600-700,600-700,2026-09-04T22:00:04.919000+00:00,2026-09-04T16:00:04.919000-06:00,2026-09-05T00:00:04.919000+02:00,3,COMPLETED,1412,Jan Steffan,798,Radek Bartunek,2,3,798,Radek Bartunek,,,2026-09-04T22:22:41.331000+00:00,SCHEDULED_START_PLUS_DURATION,2026-09-04T17:42:04.559960+00:00,2026-09-05T05:42:03.230686+00:00,5ddc1a95fbb991870d1c90075dffb77027c9d4d030e26bee7a06d322dbfa0281,api.league-pro.com,OK,0f35641aeb39c0a2f9a8e4096cc3f7091e1674baca4708357c7888a869ba0c04
307479,36423,Tournament A17. League 700-800,700-800,2026-09-04T22:00:14.818000+00:00,2026-09-04T16:00:14.818000-06:00,2026-09-05T00:00:14.818000+02:00,3,COMPLETED,903,Daniel Kouble,853,Patrik Pycha,0,3,853,Patrik Pycha,,,2026-09-04T22:15:33.157000+00:00,SCHEDULED_START_PLUS_DURATION,2026-09-04T17:42:04.559960+00:00,2026-09-05T05:42:03.230686+00:00,5ddc1a95fbb991870d1c90075dffb77027c9d4d030e26bee7a06d322dbfa0281,api.league-pro.com,OK,b8e95004c37573811ddfc00401b25234a5e737ac62bf169b45d7f5dc2611f8cc
307352,36408,Tournament A12. League 600-700,600-700,2026-09-04T22:30:12.328000+00:00,2026-09-04T16:30:12.328000-06:00,2026-09-05T00:30:12.328000+02:00,3,COMPLETED,1607,David Horak,1078,Kyryl Darin,1,3,1078,Kyryl Darin,,,2026-09-04T22:44:36.673000+00:00,SCHEDULED_START_PLUS_DURATION,2026-09-04T17:42:04.559960+00:00,2026-09-05T05:42:03.230686+00:00,5ddc1a95fbb991870d1c90075dffb77027c9d4d030e26bee7a06d322dbfa0281,api.league-pro.com,OK,762caf924841884da13c732bf48c827bb34e90bcc308bf915587b5c3a2b59deb
307480,36423,Tournament A17. League 700-800,700-800,2026-09-04T22:30:12.913000+00:00,2026-09-04T16:30:12.913000-06:00,2026-09-05T00:30:12.913000+02:00,3,COMPLETED,843,Tomas Janata,1421,Richard Krejci,1,3,1421,Richard Krejci,,,2026-09-04T22:48:27.914000+00:00,SCHEDULED_START_PLUS_DURATION,2026-09-04T17:42:04.559960+00:00,2026-09-05T05:42:03.230686+00:00,5ddc1a95fbb991870d1c90075dffb77027c9d4d030e26bee7a06d322dbfa0281,api.league-pro.com,OK,3003519d2149d09770e59e360e1a03dee69bbf76b3cfd9a1ce719fb8e74afe4a
307396,36413,Tournament A14. League 550-600,550-600,2026-09-04T22:30:16.075000+00:00,2026-09-04T16:30:16.075000-06:00,2026-09-05T00:30:16.075000+02:00,3,COMPLETED,1217,Martin Stefek,1681,Adam Svoboda,3,1,1217,Martin Stefek,,,2026-09-04T22:48:59.937000+00:00,SCHEDULED_START_PLUS_DURATION,2026-09-04T17:42:04.559960+00:00,2026-09-05T05:42:03.230686+00:00,5ddc1a95fbb991870d1c90075dffb77027c9d4d030e26bee7a06d322dbfa0281,api.league-pro.com,OK,9fcbc0aec7f1614678caad4ee250a3754f819527b48387bf530362586cadf482
307481,36423,Tournament A17. League 700-800,700-800,2026-09-04T23:00:09.774000+00:00,2026-09-04T17:00:09.774000-06:00,2026-09-05T01:00:09.774000+02:00,3,COMPLETED,853,Patrik Pycha,1411,Simon Kadavy,0,3,1411,Simon Kadavy,,,2026-09-04T23:13:58.921000+00:00,SCHEDULED_START_PLUS_DURATION,2026-09-04T17:42:04.559960+00:00,2026-09-05T05:42:03.230686+00:00,5ddc1a95fbb991870d1c90075dffb77027c9d4d030e26bee7a06d322dbfa0281,api.league-pro.com,OK,33aa0906bf144ae90cf9314e2d7eecd01615485fdc9de876fe6f675926f06ace
307353,36408,Tournament A12. League 600-700,600-700,2026-09-04T23:00:13.067000+00:00,2026-09-04T17:00:13.067000-06:00,2026-09-05T01:00:13.067000+02:00,3,COMPLETED,798,Radek Bartunek,1545,Yurii Holovatiuk,1,3,1545,Yurii Holovatiuk,,,2026-09-04T23:18:32.422000+00:00,SCHEDULED_START_PLUS_DURATION,2026-09-04T17:42:04.559960+00:00,2026-09-05T05:42:03.230686+00:00,5ddc1a95fbb991870d1c90075dffb77027c9d4d030e26bee7a06d322dbfa0281,api.league-pro.com,OK,343300e90662bcbf83b1931c438f4f511382d98ea6b9fbfb525f0f3ecdddbf93
307397,36413,Tournament A14. League 550-600,550-600,2026-09-04T23:00:23.371000+00:00,2026-09-04T17:00:23.371000-06:00,2026-09-05T01:00:23.371000+02:00,3,COMPLETED,1832,Roman Urban,866,Vaclav Dolezal,3,2,1832,Roman Urban,,,2026-09-04T23:21:25.348000+00:00,SCHEDULED_START_PLUS_DURATION,2026-09-04T17:42:04.559960+00:00,2026-09-05T05:42:03.230686+00:00,5ddc1a95fbb991870d1c90075dffb77027c9d4d030e26bee7a06d322dbfa0281,api.league-pro.com,OK,ccf13cd69d9dd1b4bccb24643f20f2f75fe0e232db484efe73abcf79842116c5
307482,36423,Tournament A17. League 700-800,700-800,2026-09-04T23:30:09.877000+00:00,2026-09-04T17:30:09.877000-06:00,2026-09-05T01:30:09.877000+02:00,3,COMPLETED,903,Daniel Kouble,843,Tomas Janata,1,3,843,Tomas Janata,,,2026-09-04T23:50:12.164000+00:00,SCHEDULED_START_PLUS_DURATION,2026-09-04T17:42:04.559960+00:00,2026-09-05T05:42:03.230686+00:00,5ddc1a95fbb991870d1c90075dffb77027c9d4d030e26bee7a06d322dbfa0281,api.league-pro.com,OK,1f94dac3036ba974eb5af7ea07d03e95a24b418b3ae41780e2ab7cccf62c3c58
307354,36408,Tournament A12. League 600-700,600-700,2026-09-04T23:30:13.333000+00:00,2026-09-04T17:30:13.333000-06:00,2026-09-05T01:30:13.333000+02:00,3,COMPLETED,1412,Jan Steffan,1607,David Horak,3,1,1412,Jan Steffan,,,2026-09-04T23:45:46.593000+00:00,SCHEDULED_START_PLUS_DURATION,2026-09-04T17:42:04.559960+00:00,2026-09-05T05:42:03.230686+00:00,5ddc1a95fbb991870d1c90075dffb77027c9d4d030e26bee7a06d322dbfa0281,api.league-pro.com,OK,f4e8dd4a25186385a602d25d963f575f8ef58a5ca3c38932ff392a49f1c1a3bf
307398,36413,Tournament A14. League 550-600,550-600,2026-09-04T23:30:17.712000+00:00,2026-09-04T17:30:17.712000-06:00,2026-09-05T01:30:17.712000+02:00,3,COMPLETED,805,Ondrej Kucirek,1217,Martin Stefek,3,0,805,Ondrej Kucirek,,,2026-09-04T23:40:44.276000+00:00,SCHEDULED_START_PLUS_DURATION,2026-09-04T17:42:04.559960+00:00,2026-09-05T05:42:03.230686+00:00,5ddc1a95fbb991870d1c90075dffb77027c9d4d030e26bee7a06d322dbfa0281,api.league-pro.com,OK,6b10354e6e4c8eefbc7266935caf67d97da85e0575253a6af81b7b3715c51cb1
307399,36413,Tournament A14. League 550-600,550-600,2026-09-04T23:59:49.152000+00:00,2026-09-04T17:59:49.152000-06:00,2026-09-05T01:59:49.152000+02:00,3,COMPLETED,866,Vaclav Dolezal,1681,Adam Svoboda,1,3,1681,Adam Svoboda,,,2026-09-05T00:16:26.423000+00:00,SCHEDULED_START_PLUS_DURATION,2026-09-04T17:42:04.559960+00:00,2026-09-05T05:42:03.230686+00:00,5ddc1a95fbb991870d1c90075dffb77027c9d4d030e26bee7a06d322dbfa0281,api.league-pro.com,OK,de8ba6c4d068aebfcf16e1ce84bbaa0774bc53a72c6d54cee85659e82fcfb432
