match_id,tournament_id,tournament_name,league_band,scheduled_start_utc,scheduled_start_mountain,scheduled_start_prague,official_status,normalized_status,player_1_id,player_1_name,player_2_id,player_2_name,player_1_sets,player_2_sets,winner_player_id,winner_player_name,set_scores,completed_at_utc,calculated_finish_utc,calculated_finish_method,first_seen_at_utc,last_changed_at_utc,source_snapshot_id,source,data_quality,content_hash
308283,36517,Tournament A17. League 500-550,500-550,2026-09-09T00:00:10.329000+00:00,2026-09-08T18:00:10.329000-06:00,2026-09-09T02:00:10.329000+02:00,3,COMPLETED,1681,Adam Svoboda,1862,Martin Novak,3,0,1681,Adam Svoboda,,,2026-09-09T00:09:50.060000+00:00,SCHEDULED_START_PLUS_DURATION,2026-09-08T17:42:04.547142+00:00,2026-09-09T05:42:04.522147+00:00,ee2968988fd1aa559e9f2a354f1163faceae7ced93d5ebc19444b42ac37caf91,api.league-pro.com,OK,fc15bc07d7c6e1aff4e0781b7fde2f0e0eff7639fd1c46a83187773323aab84d
308167,36503,Tournament A14. League 700-800,700-800,2026-09-09T00:00:10.952000+00:00,2026-09-08T18:00:10.952000-06:00,2026-09-09T02:00:10.952000+02:00,3,COMPLETED,1421,Richard Krejci,837,Radim Pavelka,2,3,837,Radim Pavelka,,,2026-09-09T00:30:31.360000+00:00,SCHEDULED_START_PLUS_DURATION,2026-09-08T17:42:04.547142+00:00,2026-09-09T05:42:04.522147+00:00,ee2968988fd1aa559e9f2a354f1163faceae7ced93d5ebc19444b42ac37caf91,api.league-pro.com,OK,27fa5a7159e1e94b9fb1adb1c5f9153d57077ffde6929ddc7a606a8afec710fb
308107,36496,Tournament A12. League 800-900,800-900,2026-09-09T00:00:14.923000+00:00,2026-09-08T18:00:14.923000-06:00,2026-09-09T02:00:14.923000+02:00,3,COMPLETED,1649,Martin Sopko,1403,Ales Hlawatschke,3,0,1649,Martin Sopko,,,2026-09-09T00:11:56.551000+00:00,SCHEDULED_START_PLUS_DURATION,2026-09-08T17:42:04.547142+00:00,2026-09-09T05:42:04.522147+00:00,ee2968988fd1aa559e9f2a354f1163faceae7ced93d5ebc19444b42ac37caf91,api.league-pro.com,OK,ce27fd2666ca3e4a6bb1e14ec583492b8fc6612d572e9efbf1b6f7e630fc2d29
308284,36517,Tournament A17. League 500-550,500-550,2026-09-09T00:30:07.770000+00:00,2026-09-08T18:30:07.770000-06:00,2026-09-09T02:30:07.770000+02:00,3,COMPLETED,1566,Vaclav Kosar,894,Lubor Sulava,3,2,1566,Vaclav Kosar,,,2026-09-09T00:49:14.432000+00:00,SCHEDULED_START_PLUS_DURATION,2026-09-08T17:42:04.547142+00:00,2026-09-09T05:42:04.522147+00:00,ee2968988fd1aa559e9f2a354f1163faceae7ced93d5ebc19444b42ac37caf91,api.league-pro.com,OK,36a99cf54857f0c12f4f18cb5745050df5e60242614f3306defe704fba8675de
308108,36496,Tournament A12. League 800-900,800-900,2026-09-09T00:30:08.862000+00:00,2026-09-08T18:30:08.862000-06:00,2026-09-09T02:30:08.862000+02:00,3,COMPLETED,875,Martin Sobisek,925,Vladimir Cermak,3,0,875,Martin Sobisek,,,2026-09-09T00:40:18.356000+00:00,SCHEDULED_START_PLUS_DURATION,2026-09-08T17:42:04.547142+00:00,2026-09-09T05:42:04.522147+00:00,ee2968988fd1aa559e9f2a354f1163faceae7ced93d5ebc19444b42ac37caf91,api.league-pro.com,OK,79f5f0acec8999a185eca97ebe2e25509410f459a0a20294bc032487cda17a0f
308168,36503,Tournament A14. League 700-800,700-800,2026-09-09T00:32:48.857000+00:00,2026-09-08T18:32:48.857000-06:00,2026-09-09T02:32:48.857000+02:00,3,COMPLETED,865,Vladimir Postelt,1872,Jan Trefny,0,3,1872,Jan Trefny,,,2026-09-09T00:45:13.243000+00:00,SCHEDULED_START_PLUS_DURATION,2026-09-08T17:42:04.547142+00:00,2026-09-09T05:42:04.522147+00:00,ee2968988fd1aa559e9f2a354f1163faceae7ced93d5ebc19444b42ac37caf91,api.league-pro.com,OK,ffc5a1d82aa2b3785ce2f7034d443fb1534a9aac2cc71a7f8987e37abc725114
308285,36517,Tournament A17. League 500-550,500-550,2026-09-09T01:00:08.309000+00:00,2026-09-08T19:00:08.309000-06:00,2026-09-09T03:00:08.309000+02:00,3,COMPLETED,1862,Martin Novak,812,Rostislav Hasmanda,3,0,1862,Martin Novak,,,2026-09-09T01:15:01.618000+00:00,SCHEDULED_START_PLUS_DURATION,2026-09-08T17:42:04.547142+00:00,2026-09-09T05:42:04.522147+00:00,ee2968988fd1aa559e9f2a354f1163faceae7ced93d5ebc19444b42ac37caf91,api.league-pro.com,OK,11779f4777bb4f70b6fdf8c46c99a2cb3719c18a99e91858b3384e2d60296cab
308169,36503,Tournament A14. League 700-800,700-800,2026-09-09T01:00:12.820000+00:00,2026-09-08T19:00:12.820000-06:00,2026-09-09T03:00:12.820000+02:00,3,COMPLETED,837,Radim Pavelka,1015,Michal Vedmoch,1,3,1015,Michal Vedmoch,,,2026-09-09T01:17:04.558000+00:00,SCHEDULED_START_PLUS_DURATION,2026-09-08T17:42:04.547142+00:00,2026-09-09T05:42:04.522147+00:00,ee2968988fd1aa559e9f2a354f1163faceae7ced93d5ebc19444b42ac37caf91,api.league-pro.com,OK,baa22bac6adf04c5dd5591a18ab480d93a140f413a7f8afa9664a3a8213258f2
308109,36496,Tournament A12. League 800-900,800-900,2026-09-09T01:00:17.635000+00:00,2026-09-08T19:00:17.635000-06:00,2026-09-09T03:00:17.635000+02:00,3,COMPLETED,1403,Ales Hlawatschke,863,Daniel Tuma,2,3,863,Daniel Tuma,,,2026-09-09T01:21:45.392000+00:00,SCHEDULED_START_PLUS_DURATION,2026-09-08T17:42:04.547142+00:00,2026-09-09T05:42:04.522147+00:00,ee2968988fd1aa559e9f2a354f1163faceae7ced93d5ebc19444b42ac37caf91,api.league-pro.com,OK,77ac313ebc07abb042c17a52daa766a104e2eb1cdb7a79b928d808aaf6d9c1cd
308286,36517,Tournament A17. League 500-550,500-550,2026-09-09T01:30:06.578000+00:00,2026-09-08T19:30:06.578000-06:00,2026-09-09T03:30:06.578000+02:00,3,COMPLETED,894,Lubor Sulava,1681,Adam Svoboda,0,3,1681,Adam Svoboda,,,2026-09-09T01:40:16.755000+00:00,SCHEDULED_START_PLUS_DURATION,2026-09-08T17:42:04.547142+00:00,2026-09-09T05:42:04.522147+00:00,ee2968988fd1aa559e9f2a354f1163faceae7ced93d5ebc19444b42ac37caf91,api.league-pro.com,OK,82a682c6faa43dec508cfe98e9c44e487ed2cf170a944ee60b4ad53ae772ead2
308170,36503,Tournament A14. League 700-800,700-800,2026-09-09T01:30:07.467000+00:00,2026-09-08T19:30:07.467000-06:00,2026-09-09T03:30:07.467000+02:00,3,COMPLETED,1872,Jan Trefny,1421,Richard Krejci,2,3,1421,Richard Krejci,,,2026-09-09T01:49:24.133000+00:00,SCHEDULED_START_PLUS_DURATION,2026-09-08T17:42:04.547142+00:00,2026-09-09T05:42:04.522147+00:00,ee2968988fd1aa559e9f2a354f1163faceae7ced93d5ebc19444b42ac37caf91,api.league-pro.com,OK,0e41826946457e3910b60fe5b913ebc9d29c1f494ddbf99517d362ea5f26de98
308110,36496,Tournament A12. League 800-900,800-900,2026-09-09T01:30:15.775000+00:00,2026-09-08T19:30:15.775000-06:00,2026-09-09T03:30:15.775000+02:00,3,COMPLETED,925,Vladimir Cermak,1649,Martin Sopko,1,3,1649,Martin Sopko,,,2026-09-09T01:48:23.537000+00:00,SCHEDULED_START_PLUS_DURATION,2026-09-08T17:42:04.547142+00:00,2026-09-09T05:42:04.522147+00:00,ee2968988fd1aa559e9f2a354f1163faceae7ced93d5ebc19444b42ac37caf91,api.league-pro.com,OK,03fb36e2d6a2597f742c6fcae6be8680a9c73a13ac003de0fd81d92a682623a0
308287,36517,Tournament A17. League 500-550,500-550,2026-09-09T02:00:06.726000+00:00,2026-09-08T20:00:06.726000-06:00,2026-09-09T04:00:06.726000+02:00,3,COMPLETED,1862,Martin Novak,1566,Vaclav Kosar,3,1,1862,Martin Novak,,,2026-09-09T02:18:34.254000+00:00,SCHEDULED_START_PLUS_DURATION,2026-09-08T17:42:04.547142+00:00,2026-09-09T05:42:04.522147+00:00,ee2968988fd1aa559e9f2a354f1163faceae7ced93d5ebc19444b42ac37caf91,api.league-pro.com,OK,1a75d065eb2f687d30a82c75f95c08ed0ff921ad3af668d22b1f0dfaa2159117
308171,36503,Tournament A14. League 700-800,700-800,2026-09-09T02:00:08.197000+00:00,2026-09-08T20:00:08.197000-06:00,2026-09-09T04:00:08.197000+02:00,3,COMPLETED,837,Radim Pavelka,865,Vladimir Postelt,2,3,865,Vladimir Postelt,,,2026-09-09T02:24:47.727000+00:00,SCHEDULED_START_PLUS_DURATION,2026-09-08T17:42:04.547142+00:00,2026-09-09T05:42:04.522147+00:00,ee2968988fd1aa559e9f2a354f1163faceae7ced93d5ebc19444b42ac37caf91,api.league-pro.com,OK,de51e2b641b04212b5f696fdfdc3f25b008fa734a9f4ad4be4e839aca77f1359
308111,36496,Tournament A12. League 800-900,800-900,2026-09-09T02:00:20.359000+00:00,2026-09-08T20:00:20.359000-06:00,2026-09-09T04:00:20.359000+02:00,3,COMPLETED,1403,Ales Hlawatschke,875,Martin Sobisek,1,3,875,Martin Sobisek,,,2026-09-09T02:18:44.324000+00:00,SCHEDULED_START_PLUS_DURATION,2026-09-08T17:42:04.547142+00:00,2026-09-09T05:42:04.522147+00:00,ee2968988fd1aa559e9f2a354f1163faceae7ced93d5ebc19444b42ac37caf91,api.league-pro.com,OK,c0d4d8e9826c9e4ecc8a411e9ed113edfbe5e4227d2d0d99b746051cd340a47c
308112,36496,Tournament A12. League 800-900,800-900,2026-09-09T02:30:06.234000+00:00,2026-09-08T20:30:06.234000-06:00,2026-09-09T04:30:06.234000+02:00,3,COMPLETED,1649,Martin Sopko,863,Daniel Tuma,3,0,1649,Martin Sopko,,,2026-09-09T02:41:03.609000+00:00,SCHEDULED_START_PLUS_DURATION,2026-09-08T17:42:04.547142+00:00,2026-09-09T05:42:04.522147+00:00,ee2968988fd1aa559e9f2a354f1163faceae7ced93d5ebc19444b42ac37caf91,api.league-pro.com,OK,c64f8c2ddd825e1c86dcaa52572cc89a8ba91c675504e46869a45b33fa8741b9
308288,36517,Tournament A17. League 500-550,500-550,2026-09-09T02:30:11.087000+00:00,2026-09-08T20:30:11.087000-06:00,2026-09-09T04:30:11.087000+02:00,3,COMPLETED,1681,Adam Svoboda,812,Rostislav Hasmanda,3,0,1681,Adam Svoboda,,,2026-09-09T02:42:05.992000+00:00,SCHEDULED_START_PLUS_DURATION,2026-09-08T17:42:04.547142+00:00,2026-09-09T05:42:04.522147+00:00,ee2968988fd1aa559e9f2a354f1163faceae7ced93d5ebc19444b42ac37caf91,api.league-pro.com,OK,cd04812db61f05bee8f70ec9bc30ac92e743947cff4477ffc9c3a5e99734b56c
308172,36503,Tournament A14. League 700-800,700-800,2026-09-09T02:30:12.433000+00:00,2026-09-08T20:30:12.433000-06:00,2026-09-09T04:30:12.433000+02:00,3,COMPLETED,1421,Richard Krejci,1015,Michal Vedmoch,3,0,1421,Richard Krejci,,,2026-09-09T02:39:05.978000+00:00,SCHEDULED_START_PLUS_DURATION,2026-09-08T17:42:04.547142+00:00,2026-09-09T05:42:04.522147+00:00,ee2968988fd1aa559e9f2a354f1163faceae7ced93d5ebc19444b42ac37caf91,api.league-pro.com,OK,a33adfe3e190723580ab27afa7cf579021eba77ab8598e108085c8f5966fc006
308289,36517,Tournament A17. League 500-550,500-550,2026-09-09T03:00:08.705000+00:00,2026-09-08T21:00:08.705000-06:00,2026-09-09T05:00:08.705000+02:00,3,COMPLETED,1862,Martin Novak,812,Rostislav Hasmanda,1,3,812,Rostislav Hasmanda,,,2026-09-09T03:22:36.910000+00:00,SCHEDULED_START_PLUS_DURATION,2026-09-08T17:42:04.547142+00:00,2026-09-09T05:42:04.522147+00:00,ee2968988fd1aa559e9f2a354f1163faceae7ced93d5ebc19444b42ac37caf91,api.league-pro.com,OK,4045bd12d0ce3c6be0296ed602cf190ef2f81189822de6a19e1d71cb5ea1d6fc
308113,36496,Tournament A12. League 800-900,800-900,2026-09-09T03:00:09.639000+00:00,2026-09-08T21:00:09.639000-06:00,2026-09-09T05:00:09.639000+02:00,3,COMPLETED,863,Daniel Tuma,1403,Ales Hlawatschke,0,3,1403,Ales Hlawatschke,,,2026-09-09T03:11:12.340000+00:00,SCHEDULED_START_PLUS_DURATION,2026-09-08T17:42:04.547142+00:00,2026-09-09T05:42:04.522147+00:00,ee2968988fd1aa559e9f2a354f1163faceae7ced93d5ebc19444b42ac37caf91,api.league-pro.com,OK,c1c259083e31db87242472f4b7a4282af5793dff237f4d4f4465265ec47a21f7
308173,36503,Tournament A14. League 700-800,700-800,2026-09-09T03:00:11.798000+00:00,2026-09-08T21:00:11.798000-06:00,2026-09-09T05:00:11.798000+02:00,3,COMPLETED,1872,Jan Trefny,837,Radim Pavelka,1,3,837,Radim Pavelka,,,2026-09-09T03:14:47.336000+00:00,SCHEDULED_START_PLUS_DURATION,2026-09-08T17:42:04.547142+00:00,2026-09-09T05:42:04.522147+00:00,ee2968988fd1aa559e9f2a354f1163faceae7ced93d5ebc19444b42ac37caf91,api.league-pro.com,OK,aa46466b5fdbdbb7f8dc735563846ca61f7e36ff2760e6d188f2f429034bb4b1
308114,36496,Tournament A12. League 800-900,800-900,2026-09-09T03:30:06.841000+00:00,2026-09-08T21:30:06.841000-06:00,2026-09-09T05:30:06.841000+02:00,3,COMPLETED,875,Martin Sobisek,1649,Martin Sopko,1,3,1649,Martin Sopko,,,2026-09-09T03:53:23.061000+00:00,SCHEDULED_START_PLUS_DURATION,2026-09-08T17:42:04.547142+00:00,2026-09-09T05:42:04.522147+00:00,ee2968988fd1aa559e9f2a354f1163faceae7ced93d5ebc19444b42ac37caf91,api.league-pro.com,OK,21cb8f92c1786741a0a85fef0b0aab9c3d0b1115ba954e72976669f9ce59ee02
308290,36517,Tournament A17. League 500-550,500-550,2026-09-09T03:30:07.691000+00:00,2026-09-08T21:30:07.691000-06:00,2026-09-09T05:30:07.691000+02:00,3,COMPLETED,1681,Adam Svoboda,1566,Vaclav Kosar,3,0,1681,Adam Svoboda,,,2026-09-09T03:40:39.289000+00:00,SCHEDULED_START_PLUS_DURATION,2026-09-08T17:42:04.547142+00:00,2026-09-09T05:42:04.522147+00:00,ee2968988fd1aa559e9f2a354f1163faceae7ced93d5ebc19444b42ac37caf91,api.league-pro.com,OK,8e568e32e33fce04ee50fbf293ba92696034fa8cc18d6c8669613ca8b24e5726
308174,36503,Tournament A14. League 700-800,700-800,2026-09-09T03:30:10.836000+00:00,2026-09-08T21:30:10.836000-06:00,2026-09-09T05:30:10.836000+02:00,3,COMPLETED,1421,Richard Krejci,1015,Michal Vedmoch,0,3,1015,Michal Vedmoch,,,2026-09-09T03:40:09.778000+00:00,SCHEDULED_START_PLUS_DURATION,2026-09-08T17:42:04.547142+00:00,2026-09-09T05:42:04.522147+00:00,ee2968988fd1aa559e9f2a354f1163faceae7ced93d5ebc19444b42ac37caf91,api.league-pro.com,OK,11834081951dafd6a458cb9912b263c0e73c397686af42c1c91412b5b4786d44
308475,36540,Tournament A18. League 1000-1100,1000-1100,2026-09-09T06:00:05.725000+00:00,2026-09-09T00:00:05.725000-06:00,2026-09-09T08:00:05.725000+02:00,3,COMPLETED,1114,Michal Vavrecka,1004,Ondrej Paril,1,3,1004,Ondrej Paril,,,2026-09-09T06:15:01.550000+00:00,SCHEDULED_START_PLUS_DURATION,2026-09-08T17:42:04.547142+00:00,2026-09-09T17:42:04.527616+00:00,05610bddf05395a5c788683a10cfc9ed11f3a6d09920fbae5e380fb44ac3eb0c,api.league-pro.com,OK,b2bce6b753177c7b2f0bb71c3635b47c3215d3ca426e753253ec70944888004e
308375,36528,Tournament A14. League 800-900,800-900,2026-09-09T06:00:10.638000+00:00,2026-09-09T00:00:10.638000-06:00,2026-09-09T08:00:10.638000+02:00,3,COMPLETED,1582,Viktor Vejvoda,1869,Richard Wagner,1,3,1869,Richard Wagner,,,2026-09-09T06:16:17.159000+00:00,SCHEDULED_START_PLUS_DURATION,2026-09-08T17:42:04.547142+00:00,2026-09-09T17:42:04.527616+00:00,05610bddf05395a5c788683a10cfc9ed11f3a6d09920fbae5e380fb44ac3eb0c,api.league-pro.com,OK,bdfb0f364036194e9f93ae5a3adf4998f9e8dc96bf6d9238e701529cee2616ad
308435,36535,Tournament A17. League 500-550,500-550,2026-09-09T06:00:19.819000+00:00,2026-09-09T00:00:19.819000-06:00,2026-09-09T08:00:19.819000+02:00,3,COMPLETED,1635,Julius Didi,866,Vaclav Dolezal,3,0,1635,Julius Didi,,,2026-09-09T06:12:42.892000+00:00,SCHEDULED_START_PLUS_DURATION,2026-09-08T17:42:04.547142+00:00,2026-09-09T17:42:04.527616+00:00,05610bddf05395a5c788683a10cfc9ed11f3a6d09920fbae5e380fb44ac3eb0c,api.league-pro.com,OK,86ee0b8a5d4ade8cc2b2dd8642c5985e4125e8839bf281b6da25f378db47a927
308331,36523,Tournament A12. League 400-450,400-450,2026-09-09T06:00:24.083000+00:00,2026-09-09T00:00:24.083000-06:00,2026-09-09T08:00:24.083000+02:00,3,COMPLETED,1597,Jiri Grohsgott,825,Milan Regner,0,3,825,Milan Regner,,,2026-09-09T06:15:11.058000+00:00,SCHEDULED_START_PLUS_DURATION,2026-09-08T17:42:04.547142+00:00,2026-09-09T17:42:04.527616+00:00,05610bddf05395a5c788683a10cfc9ed11f3a6d09920fbae5e380fb44ac3eb0c,api.league-pro.com,OK,331f6abcf6e2f1d905ebc645d7962c027d5343b7afdabb91d096665779df36b1
308419,36533,Tournament A16. League 500-550,500-550,2026-09-09T06:00:32.253000+00:00,2026-09-09T00:00:32.253000-06:00,2026-09-09T08:00:32.253000+02:00,3,COMPLETED,1810,Filip Zurek,1760,David Mikula,3,2,1810,Filip Zurek,,,2026-09-09T06:24:09.693000+00:00,SCHEDULED_START_PLUS_DURATION,2026-09-08T17:42:04.547142+00:00,2026-09-09T17:42:04.527616+00:00,05610bddf05395a5c788683a10cfc9ed11f3a6d09920fbae5e380fb44ac3eb0c,api.league-pro.com,OK,e5bc0c7bd3f9c7dcf30d8b8eb1cf43d21a933c9a326091ace89f1eefcf961f3d
308476,36540,Tournament A18. League 1000-1100,1000-1100,2026-09-09T06:30:09.675000+00:00,2026-09-09T00:30:09.675000-06:00,2026-09-09T08:30:09.675000+02:00,3,COMPLETED,1283,Radovan Polasek,1046,Radomir Revay,3,1,1283,Radovan Polasek,,,2026-09-09T06:44:58.858000+00:00,SCHEDULED_START_PLUS_DURATION,2026-09-08T17:42:04.547142+00:00,2026-09-09T17:42:04.527616+00:00,05610bddf05395a5c788683a10cfc9ed11f3a6d09920fbae5e380fb44ac3eb0c,api.league-pro.com,OK,647e4f33511bc39d00234ace3687a9395cb1077f5a527f32ed30e4ede1f7a862
308420,36533,Tournament A16. League 500-550,500-550,2026-09-09T06:30:10.602000+00:00,2026-09-09T00:30:10.602000-06:00,2026-09-09T08:30:10.602000+02:00,3,COMPLETED,1171,Jiri Stach,1195,Eduard Sionkala,0,3,1195,Eduard Sionkala,,,2026-09-09T06:45:47.047000+00:00,SCHEDULED_START_PLUS_DURATION,2026-09-08T17:42:04.547142+00:00,2026-09-09T17:42:04.527616+00:00,05610bddf05395a5c788683a10cfc9ed11f3a6d09920fbae5e380fb44ac3eb0c,api.league-pro.com,OK,7ada08e5737e34d83517b4a3b40b2864262841b29c916fe87f76c4d5af7d0a23
308332,36523,Tournament A12. League 400-450,400-450,2026-09-09T06:30:13.934000+00:00,2026-09-09T00:30:13.934000-06:00,2026-09-09T08:30:13.934000+02:00,3,COMPLETED,1749,Lubos Forman,901,Ludek Madle,2,3,901,Ludek Madle,,,2026-09-09T06:49:25.310000+00:00,SCHEDULED_START_PLUS_DURATION,2026-09-08T17:42:04.547142+00:00,2026-09-09T17:42:04.527616+00:00,05610bddf05395a5c788683a10cfc9ed11f3a6d09920fbae5e380fb44ac3eb0c,api.league-pro.com,OK,b9310e4c94ac7931ea39375febae5ec2da18454a7b6c57aefb0f237ed721b169
308436,36535,Tournament A17. League 500-550,500-550,2026-09-09T06:30:24.425000+00:00,2026-09-09T00:30:24.425000-06:00,2026-09-09T08:30:24.425000+02:00,3,COMPLETED,1217,Martin Stefek,1285,Jan Pleskot,2,3,1285,Jan Pleskot,,,2026-09-09T06:48:52.296000+00:00,SCHEDULED_START_PLUS_DURATION,2026-09-08T17:42:04.547142+00:00,2026-09-09T17:42:04.527616+00:00,05610bddf05395a5c788683a10cfc9ed11f3a6d09920fbae5e380fb44ac3eb0c,api.league-pro.com,OK,261bebfb9bff252c197028dff063b6510c1de5cfbeaa6dd2dba9a86c20e02178
308376,36528,Tournament A14. League 800-900,800-900,2026-09-09T06:30:56.027000+00:00,2026-09-09T00:30:56.027000-06:00,2026-09-09T08:30:56.027000+02:00,3,COMPLETED,680,Frantisek Pusch,1630,Petr Saleny,1,3,1630,Petr Saleny,,,2026-09-09T06:44:47.737000+00:00,SCHEDULED_START_PLUS_DURATION,2026-09-08T17:42:04.547142+00:00,2026-09-09T17:42:04.527616+00:00,05610bddf05395a5c788683a10cfc9ed11f3a6d09920fbae5e380fb44ac3eb0c,api.league-pro.com,OK,e9c28f2a69d555dbaf2d91b4514d0d6afeb2d45863e5d3dcd6f5f5887c5c5a70
308477,36540,Tournament A18. League 1000-1100,1000-1100,2026-09-09T07:00:05.180000+00:00,2026-09-09T01:00:05.180000-06:00,2026-09-09T09:00:05.180000+02:00,3,COMPLETED,1004,Ondrej Paril,1283,Radovan Polasek,3,2,1004,Ondrej Paril,,,2026-09-09T07:20:12.321000+00:00,SCHEDULED_START_PLUS_DURATION,2026-09-08T17:42:04.547142+00:00,2026-09-09T17:42:04.527616+00:00,05610bddf05395a5c788683a10cfc9ed11f3a6d09920fbae5e380fb44ac3eb0c,api.league-pro.com,OK,cfc5c79cab44351610d5131d7348042af0a4464df8fcdbecd9cd65f6e8e1deb4
308421,36533,Tournament A16. League 500-550,500-550,2026-09-09T07:00:08.110000+00:00,2026-09-09T01:00:08.110000-06:00,2026-09-09T09:00:08.110000+02:00,3,COMPLETED,1760,David Mikula,1171,Jiri Stach,2,3,1171,Jiri Stach,,,2026-09-09T07:26:38.831000+00:00,SCHEDULED_START_PLUS_DURATION,2026-09-08T17:42:04.547142+00:00,2026-09-09T17:42:04.527616+00:00,05610bddf05395a5c788683a10cfc9ed11f3a6d09920fbae5e380fb44ac3eb0c,api.league-pro.com,OK,23ccb291804870bdbde66052e1ce6a812337647158e5ae25386fd9fdfc76ef82
308333,36523,Tournament A12. League 400-450,400-450,2026-09-09T07:00:11.948000+00:00,2026-09-09T01:00:11.948000-06:00,2026-09-09T09:00:11.948000+02:00,3,COMPLETED,825,Milan Regner,1749,Lubos Forman,3,1,825,Milan Regner,,,2026-09-09T07:14:04.182000+00:00,SCHEDULED_START_PLUS_DURATION,2026-09-08T17:42:04.547142+00:00,2026-09-09T17:42:04.527616+00:00,05610bddf05395a5c788683a10cfc9ed11f3a6d09920fbae5e380fb44ac3eb0c,api.league-pro.com,OK,85442e156997c2bca9ff5679df7283395b2aa0f27b9f366a6dd26f94da3bf9d2
308377,36528,Tournament A14. League 800-900,800-900,2026-09-09T07:00:19.467000+00:00,2026-09-09T01:00:19.467000-06:00,2026-09-09T09:00:19.467000+02:00,3,COMPLETED,1869,Richard Wagner,680,Frantisek Pusch,0,3,680,Frantisek Pusch,,,2026-09-09T07:11:51.034000+00:00,SCHEDULED_START_PLUS_DURATION,2026-09-08T17:42:04.547142+00:00,2026-09-09T17:42:04.527616+00:00,05610bddf05395a5c788683a10cfc9ed11f3a6d09920fbae5e380fb44ac3eb0c,api.league-pro.com,OK,715bcfb67faba8490db81b04f6cfb2328df15d35c5811868992c5dc6d9144857
308437,36535,Tournament A17. League 500-550,500-550,2026-09-09T07:00:36+00:00,2026-09-09T01:00:36-06:00,2026-09-09T09:00:36+02:00,3,COMPLETED,866,Vaclav Dolezal,1217,Martin Stefek,3,2,866,Vaclav Dolezal,,,2026-09-09T07:19:52.916000+00:00,SCHEDULED_START_PLUS_DURATION,2026-09-08T17:42:04.547142+00:00,2026-09-09T17:42:04.527616+00:00,05610bddf05395a5c788683a10cfc9ed11f3a6d09920fbae5e380fb44ac3eb0c,api.league-pro.com,OK,b2b9c9c448fbd4abf7ca3c173dd54c89da656cf2def3435820ef32ee2413ff07
308438,36535,Tournament A17. League 500-550,500-550,2026-09-09T07:30:13.633000+00:00,2026-09-09T01:30:13.633000-06:00,2026-09-09T09:30:13.633000+02:00,3,COMPLETED,1285,Jan Pleskot,1635,Julius Didi,3,1,1285,Jan Pleskot,,,2026-09-09T07:46:34.065000+00:00,SCHEDULED_START_PLUS_DURATION,2026-09-08T17:42:04.547142+00:00,2026-09-09T17:42:04.527616+00:00,05610bddf05395a5c788683a10cfc9ed11f3a6d09920fbae5e380fb44ac3eb0c,api.league-pro.com,OK,a66989482d92e54030ba1e5a272934139d528a77b099ecc76f8b33ad4d546a0d
308478,36540,Tournament A18. League 1000-1100,1000-1100,2026-09-09T07:30:18.543000+00:00,2026-09-09T01:30:18.543000-06:00,2026-09-09T09:30:18.543000+02:00,3,COMPLETED,1046,Radomir Revay,1114,Michal Vavrecka,3,1,1046,Radomir Revay,,,2026-09-09T07:47:10.521000+00:00,SCHEDULED_START_PLUS_DURATION,2026-09-08T17:42:04.547142+00:00,2026-09-09T17:42:04.527616+00:00,05610bddf05395a5c788683a10cfc9ed11f3a6d09920fbae5e380fb44ac3eb0c,api.league-pro.com,OK,9e47d3690b27b165586f8361c3e934adcf1b1924c1235b4f22b611bdfd9c6d97
308334,36523,Tournament A12. League 400-450,400-450,2026-09-09T07:30:25.015000+00:00,2026-09-09T01:30:25.015000-06:00,2026-09-09T09:30:25.015000+02:00,3,COMPLETED,901,Ludek Madle,1597,Jiri Grohsgott,0,3,1597,Jiri Grohsgott,,,2026-09-09T07:45:55.962000+00:00,SCHEDULED_START_PLUS_DURATION,2026-09-08T17:42:04.547142+00:00,2026-09-09T17:42:04.527616+00:00,05610bddf05395a5c788683a10cfc9ed11f3a6d09920fbae5e380fb44ac3eb0c,api.league-pro.com,OK,b7943f8825ff43e18915031846b90125faff8415b5b60150d4d340cb8a3589cd
308378,36528,Tournament A14. League 800-900,800-900,2026-09-09T07:30:27.164000+00:00,2026-09-09T01:30:27.164000-06:00,2026-09-09T09:30:27.164000+02:00,3,COMPLETED,1630,Petr Saleny,1582,Viktor Vejvoda,3,0,1630,Petr Saleny,,,2026-09-09T07:41:26.422000+00:00,SCHEDULED_START_PLUS_DURATION,2026-09-08T17:42:04.547142+00:00,2026-09-09T17:42:04.527616+00:00,05610bddf05395a5c788683a10cfc9ed11f3a6d09920fbae5e380fb44ac3eb0c,api.league-pro.com,OK,4a8391f48f99d1cce44cffba86ff7c5402a008791d2a98f6f771779f575d2b2f
308422,36533,Tournament A16. League 500-550,500-550,2026-09-09T07:31:15.055000+00:00,2026-09-09T01:31:15.055000-06:00,2026-09-09T09:31:15.055000+02:00,3,COMPLETED,1195,Eduard Sionkala,1810,Filip Zurek,2,3,1810,Filip Zurek,,,2026-09-09T07:52:49.540000+00:00,SCHEDULED_START_PLUS_DURATION,2026-09-08T17:42:04.547142+00:00,2026-09-09T17:42:04.527616+00:00,05610bddf05395a5c788683a10cfc9ed11f3a6d09920fbae5e380fb44ac3eb0c,api.league-pro.com,OK,d0eb924246e46605c8b357b62e71792d19e838c74aaf6055912228e1acd41b8f
308479,36540,Tournament A18. League 1000-1100,1000-1100,2026-09-09T08:00:04.765000+00:00,2026-09-09T02:00:04.765000-06:00,2026-09-09T10:00:04.765000+02:00,3,COMPLETED,1114,Michal Vavrecka,1283,Radovan Polasek,1,3,1283,Radovan Polasek,,,2026-09-09T08:17:32.707000+00:00,SCHEDULED_START_PLUS_DURATION,2026-09-08T17:42:04.547142+00:00,2026-09-09T17:42:04.527616+00:00,05610bddf05395a5c788683a10cfc9ed11f3a6d09920fbae5e380fb44ac3eb0c,api.league-pro.com,OK,dc3f444f9b78d180703e8f53c16636abd9a68f0f575db6198051ffda431d312f
308379,36528,Tournament A14. League 800-900,800-900,2026-09-09T08:00:12.034000+00:00,2026-09-09T02:00:12.034000-06:00,2026-09-09T10:00:12.034000+02:00,3,COMPLETED,1582,Viktor Vejvoda,680,Frantisek Pusch,0,3,680,Frantisek Pusch,,,2026-09-09T08:10:02.710000+00:00,SCHEDULED_START_PLUS_DURATION,2026-09-08T17:42:04.547142+00:00,2026-09-09T17:42:04.527616+00:00,05610bddf05395a5c788683a10cfc9ed11f3a6d09920fbae5e380fb44ac3eb0c,api.league-pro.com,OK,541c654d9ca1227bff4f9909f55882a3c90ebafa1a836b67d4e5d84729edce88
308439,36535,Tournament A17. League 500-550,500-550,2026-09-09T08:00:18.384000+00:00,2026-09-09T02:00:18.384000-06:00,2026-09-09T10:00:18.384000+02:00,3,COMPLETED,1635,Julius Didi,1217,Martin Stefek,1,3,1217,Martin Stefek,,,2026-09-09T08:17:23.780000+00:00,SCHEDULED_START_PLUS_DURATION,2026-09-08T17:42:04.547142+00:00,2026-09-09T17:42:04.527616+00:00,05610bddf05395a5c788683a10cfc9ed11f3a6d09920fbae5e380fb44ac3eb0c,api.league-pro.com,OK,608f60fcebb6a7de5f8fc6761337b31e48c85c38e3a4e1fd1c9ea14088c3d7e6
308335,36523,Tournament A12. League 400-450,400-450,2026-09-09T08:00:19.825000+00:00,2026-09-09T02:00:19.825000-06:00,2026-09-09T10:00:19.825000+02:00,3,COMPLETED,1597,Jiri Grohsgott,1749,Lubos Forman,3,2,1597,Jiri Grohsgott,,,2026-09-09T08:21:43.653000+00:00,SCHEDULED_START_PLUS_DURATION,2026-09-08T17:42:04.547142+00:00,2026-09-09T17:42:04.527616+00:00,05610bddf05395a5c788683a10cfc9ed11f3a6d09920fbae5e380fb44ac3eb0c,api.league-pro.com,OK,325bc946065cdd7d88c600ba526782f45a69b8002fc1d976e896a12cd95b666d
308423,36533,Tournament A16. League 500-550,500-550,2026-09-09T08:00:20.933000+00:00,2026-09-09T02:00:20.933000-06:00,2026-09-09T10:00:20.933000+02:00,3,COMPLETED,1810,Filip Zurek,1171,Jiri Stach,3,0,1810,Filip Zurek,,,2026-09-09T08:16:07.135000+00:00,SCHEDULED_START_PLUS_DURATION,2026-09-08T17:42:04.547142+00:00,2026-09-09T17:42:04.527616+00:00,05610bddf05395a5c788683a10cfc9ed11f3a6d09920fbae5e380fb44ac3eb0c,api.league-pro.com,OK,32c39ccce155b87dc19c44d21d46348a995ca7fe18e8be12443aeedb3272dd4f
308480,36540,Tournament A18. League 1000-1100,1000-1100,2026-09-09T08:30:06.760000+00:00,2026-09-09T02:30:06.760000-06:00,2026-09-09T10:30:06.760000+02:00,3,COMPLETED,1004,Ondrej Paril,1046,Radomir Revay,3,2,1004,Ondrej Paril,,,2026-09-09T08:49:13.857000+00:00,SCHEDULED_START_PLUS_DURATION,2026-09-08T17:42:04.547142+00:00,2026-09-09T17:42:04.527616+00:00,05610bddf05395a5c788683a10cfc9ed11f3a6d09920fbae5e380fb44ac3eb0c,api.league-pro.com,OK,9c00566feebf6a96c40493f4112ea5d1c2a02d5af7c5f670aff9359dd373764a
308424,36533,Tournament A16. League 500-550,500-550,2026-09-09T08:30:13.303000+00:00,2026-09-09T02:30:13.303000-06:00,2026-09-09T10:30:13.303000+02:00,3,COMPLETED,1760,David Mikula,1195,Eduard Sionkala,2,3,1195,Eduard Sionkala,,,2026-09-09T08:52:50.430000+00:00,SCHEDULED_START_PLUS_DURATION,2026-09-08T17:42:04.547142+00:00,2026-09-09T17:42:04.527616+00:00,05610bddf05395a5c788683a10cfc9ed11f3a6d09920fbae5e380fb44ac3eb0c,api.league-pro.com,OK,ab5f1abff0ef16c213f93000f0532e7cd94af515c6d5b9ce530d677e48d2119b
308336,36523,Tournament A12. League 400-450,400-450,2026-09-09T08:30:17.082000+00:00,2026-09-09T02:30:17.082000-06:00,2026-09-09T10:30:17.082000+02:00,3,COMPLETED,825,Milan Regner,901,Ludek Madle,2,3,901,Ludek Madle,,,2026-09-09T08:55:43.937000+00:00,SCHEDULED_START_PLUS_DURATION,2026-09-08T17:42:04.547142+00:00,2026-09-09T17:42:04.527616+00:00,05610bddf05395a5c788683a10cfc9ed11f3a6d09920fbae5e380fb44ac3eb0c,api.league-pro.com,OK,4e960c425807bb1f243457c627054bf444c262c629e86d0f15168eaea3ac439b
308440,36535,Tournament A17. League 500-550,500-550,2026-09-09T08:30:23.608000+00:00,2026-09-09T02:30:23.608000-06:00,2026-09-09T10:30:23.608000+02:00,3,COMPLETED,866,Vaclav Dolezal,1285,Jan Pleskot,3,2,866,Vaclav Dolezal,,,2026-09-09T08:54:26.091000+00:00,SCHEDULED_START_PLUS_DURATION,2026-09-08T17:42:04.547142+00:00,2026-09-09T17:42:04.527616+00:00,05610bddf05395a5c788683a10cfc9ed11f3a6d09920fbae5e380fb44ac3eb0c,api.league-pro.com,OK,747314eb81beec22c74fdbbbfd73cd73c49b93b72d3f1c991ba272fadc586089
308380,36528,Tournament A14. League 800-900,800-900,2026-09-09T08:30:32.736000+00:00,2026-09-09T02:30:32.736000-06:00,2026-09-09T10:30:32.736000+02:00,3,COMPLETED,1869,Richard Wagner,1630,Petr Saleny,1,3,1630,Petr Saleny,,,2026-09-09T08:47:17.618000+00:00,SCHEDULED_START_PLUS_DURATION,2026-09-08T17:42:04.547142+00:00,2026-09-09T17:42:04.527616+00:00,05610bddf05395a5c788683a10cfc9ed11f3a6d09920fbae5e380fb44ac3eb0c,api.league-pro.com,OK,7f202458363af955791885db42c7d05aec5fac0d4cbf91d062aa143a206bb450
308481,36540,Tournament A18. League 1000-1100,1000-1100,2026-09-09T09:00:36.232000+00:00,2026-09-09T03:00:36.232000-06:00,2026-09-09T11:00:36.232000+02:00,3,COMPLETED,1046,Radomir Revay,1114,Michal Vavrecka,3,2,1046,Radomir Revay,,,2026-09-09T09:26:14.610000+00:00,SCHEDULED_START_PLUS_DURATION,2026-09-08T17:42:04.547142+00:00,2026-09-09T17:42:04.527616+00:00,05610bddf05395a5c788683a10cfc9ed11f3a6d09920fbae5e380fb44ac3eb0c,api.league-pro.com,OK,f28fc599126ed4440180b51744eccad92fde023a26341c82e05c7a7582fd1ae9
308425,36533,Tournament A16. League 500-550,500-550,2026-09-09T09:00:39.306000+00:00,2026-09-09T03:00:39.306000-06:00,2026-09-09T11:00:39.306000+02:00,3,COMPLETED,1171,Jiri Stach,1760,David Mikula,3,1,1171,Jiri Stach,,,2026-09-09T09:26:53.143000+00:00,SCHEDULED_START_PLUS_DURATION,2026-09-08T17:42:04.547142+00:00,2026-09-09T17:42:04.527616+00:00,05610bddf05395a5c788683a10cfc9ed11f3a6d09920fbae5e380fb44ac3eb0c,api.league-pro.com,OK,4ca05fe886189e6e746f03b0403863cf98a554e9d37ce6d9d4571f92b9919b63
308381,36528,Tournament A14. League 800-900,800-900,2026-09-09T09:01:31.515000+00:00,2026-09-09T03:01:31.515000-06:00,2026-09-09T11:01:31.515000+02:00,3,COMPLETED,1869,Richard Wagner,1582,Viktor Vejvoda,0,3,1582,Viktor Vejvoda,,,2026-09-09T09:14:15.288000+00:00,SCHEDULED_START_PLUS_DURATION,2026-09-08T17:42:04.547142+00:00,2026-09-09T17:42:04.527616+00:00,05610bddf05395a5c788683a10cfc9ed11f3a6d09920fbae5e380fb44ac3eb0c,api.league-pro.com,OK,bde2685d070539e8f190073a064366d62ea7067102baf1078bd989fc93f22716
308441,36535,Tournament A17. League 500-550,500-550,2026-09-09T09:03:34.260000+00:00,2026-09-09T03:03:34.260000-06:00,2026-09-09T11:03:34.260000+02:00,3,COMPLETED,1217,Martin Stefek,1635,Julius Didi,3,2,1217,Martin Stefek,,,2026-09-09T09:22:40.740000+00:00,SCHEDULED_START_PLUS_DURATION,2026-09-08T17:42:04.547142+00:00,2026-09-09T17:42:04.527616+00:00,05610bddf05395a5c788683a10cfc9ed11f3a6d09920fbae5e380fb44ac3eb0c,api.league-pro.com,OK,3f36c3999f3a4534b9df88318998fee5c2819568855182e11113041f4ae73c4d
308337,36523,Tournament A12. League 400-450,400-450,2026-09-09T09:03:34.627000+00:00,2026-09-09T03:03:34.627000-06:00,2026-09-09T11:03:34.627000+02:00,3,COMPLETED,901,Ludek Madle,1749,Lubos Forman,1,3,1749,Lubos Forman,,,2026-09-09T09:18:17.622000+00:00,SCHEDULED_START_PLUS_DURATION,2026-09-08T17:42:04.547142+00:00,2026-09-09T17:42:04.527616+00:00,05610bddf05395a5c788683a10cfc9ed11f3a6d09920fbae5e380fb44ac3eb0c,api.league-pro.com,OK,c62f2d94fd56ef94c17c1d9431eb689e124d5568f1cbfac21ff2d63df3b38863
308382,36528,Tournament A14. League 800-900,800-900,2026-09-09T09:30:08.337000+00:00,2026-09-09T03:30:08.337000-06:00,2026-09-09T11:30:08.337000+02:00,3,COMPLETED,1630,Petr Saleny,680,Frantisek Pusch,3,1,1630,Petr Saleny,,,2026-09-09T09:45:54.931000+00:00,SCHEDULED_START_PLUS_DURATION,2026-09-08T17:42:04.547142+00:00,2026-09-09T17:42:04.527616+00:00,05610bddf05395a5c788683a10cfc9ed11f3a6d09920fbae5e380fb44ac3eb0c,api.league-pro.com,OK,23f371c52cad284643b825e0ebaf628d09a7355a2d3a95e336e2e514ae740cb0
308338,36523,Tournament A12. League 400-450,400-450,2026-09-09T09:30:12.885000+00:00,2026-09-09T03:30:12.885000-06:00,2026-09-09T11:30:12.885000+02:00,3,COMPLETED,825,Milan Regner,1597,Jiri Grohsgott,0,3,1597,Jiri Grohsgott,,,2026-09-09T09:44:08.402000+00:00,SCHEDULED_START_PLUS_DURATION,2026-09-08T17:42:04.547142+00:00,2026-09-09T17:42:04.527616+00:00,05610bddf05395a5c788683a10cfc9ed11f3a6d09920fbae5e380fb44ac3eb0c,api.league-pro.com,OK,03340adf4db1df66011d3a441b80e1fa40f2cddeb8418bd6a8f77f1cf5530599
308482,36540,Tournament A18. League 1000-1100,1000-1100,2026-09-09T09:30:15.401000+00:00,2026-09-09T03:30:15.401000-06:00,2026-09-09T11:30:15.401000+02:00,3,COMPLETED,1004,Ondrej Paril,1283,Radovan Polasek,3,1,1004,Ondrej Paril,,,2026-09-09T09:44:58.662000+00:00,SCHEDULED_START_PLUS_DURATION,2026-09-08T17:42:04.547142+00:00,2026-09-09T17:42:04.527616+00:00,05610bddf05395a5c788683a10cfc9ed11f3a6d09920fbae5e380fb44ac3eb0c,api.league-pro.com,OK,25a541bc1f24aae967426bef7eee848dffb2e184355ff40c76efc5132fe35894
308442,36535,Tournament A17. League 500-550,500-550,2026-09-09T09:30:21.679000+00:00,2026-09-09T03:30:21.679000-06:00,2026-09-09T11:30:21.679000+02:00,3,COMPLETED,1285,Jan Pleskot,866,Vaclav Dolezal,3,2,1285,Jan Pleskot,,,2026-09-09T09:50:02.526000+00:00,SCHEDULED_START_PLUS_DURATION,2026-09-08T17:42:04.547142+00:00,2026-09-09T17:42:04.527616+00:00,05610bddf05395a5c788683a10cfc9ed11f3a6d09920fbae5e380fb44ac3eb0c,api.league-pro.com,OK,a9753d0a93ee1c03923e890cf977b76780265a14a148c890fa1bb6c00986b496
308426,36533,Tournament A16. League 500-550,500-550,2026-09-09T09:31:03.011000+00:00,2026-09-09T03:31:03.011000-06:00,2026-09-09T11:31:03.011000+02:00,3,COMPLETED,1810,Filip Zurek,1195,Eduard Sionkala,3,0,1810,Filip Zurek,,,2026-09-09T09:41:41.241000+00:00,SCHEDULED_START_PLUS_DURATION,2026-09-08T17:42:04.547142+00:00,2026-09-09T17:42:04.527616+00:00,05610bddf05395a5c788683a10cfc9ed11f3a6d09920fbae5e380fb44ac3eb0c,api.league-pro.com,OK,c4f5eef79f99772b5ab3afc4a076965dbcd102334f3a63e122cba7a097153919
308459,36538,Tournament A18. League 700-800,700-800,2026-09-09T10:00:09.685000+00:00,2026-09-09T04:00:09.685000-06:00,2026-09-09T12:00:09.685000+02:00,3,COMPLETED,1035,Richard Skacelik,1729,Stepan Kysely,0,3,1729,Stepan Kysely,,,2026-09-09T10:11:37.308000+00:00,SCHEDULED_START_PLUS_DURATION,2026-09-08T17:42:04.547142+00:00,2026-09-09T17:42:04.527616+00:00,05610bddf05395a5c788683a10cfc9ed11f3a6d09920fbae5e380fb44ac3eb0c,api.league-pro.com,OK,e0621b0171919bfcdf9841ec16515c71bbb88ee1a3370575035b220cc8ab07e1
308383,36529,Tournament A14. League 800-900,800-900,2026-09-09T10:00:11.732000+00:00,2026-09-09T04:00:11.732000-06:00,2026-09-09T12:00:11.732000+02:00,3,COMPLETED,1630,Petr Saleny,680,Frantisek Pusch,1,3,680,Frantisek Pusch,,,2026-09-09T10:15:47.565000+00:00,SCHEDULED_START_PLUS_DURATION,2026-09-08T17:42:04.547142+00:00,2026-09-09T17:42:04.527616+00:00,05610bddf05395a5c788683a10cfc9ed11f3a6d09920fbae5e380fb44ac3eb0c,api.league-pro.com,OK,c4f142280cbaaeb80d46ec35db8231a030535e5b9f16e65e456cc8c845bd2214
308427,36534,Tournament A16. League 350-400,350-400,2026-09-09T10:00:13.536000+00:00,2026-09-09T04:00:13.536000-06:00,2026-09-09T12:00:13.536000+02:00,3,COMPLETED,1733,Zdenek Luksa,1219,Josef Toth,1,3,1219,Josef Toth,,,2026-09-09T10:14:54.482000+00:00,SCHEDULED_START_PLUS_DURATION,2026-09-08T17:42:04.547142+00:00,2026-09-09T17:42:04.527616+00:00,05610bddf05395a5c788683a10cfc9ed11f3a6d09920fbae5e380fb44ac3eb0c,api.league-pro.com,OK,d1b97553e01eab4f9d335fa32a53cecaedc4b79b028cb0ff30e25ba5702018d1
308339,36524,Tournament A12. League 250-300,250-300,2026-09-09T10:00:28.230000+00:00,2026-09-09T04:00:28.230000-06:00,2026-09-09T12:00:28.230000+02:00,3,COMPLETED,923,Cesta Havrda,1440,Petr Serak,2,3,1440,Petr Serak,,,2026-09-09T10:19:54.180000+00:00,SCHEDULED_START_PLUS_DURATION,2026-09-08T17:42:04.547142+00:00,2026-09-09T17:42:04.527616+00:00,05610bddf05395a5c788683a10cfc9ed11f3a6d09920fbae5e380fb44ac3eb0c,api.league-pro.com,OK,9fff56248219306e73ea2a82c106464e2e883f96cbd98bb355f7b8a928f0e194
308483,36541,Tournament A17. League 450-500,450-500,2026-09-09T10:00:37.192000+00:00,2026-09-09T04:00:37.192000-06:00,2026-09-09T12:00:37.192000+02:00,3,COMPLETED,1499,Milan Chalupnicek,942,Jaroslav Strnad,2,3,942,Jaroslav Strnad,,,2026-09-09T10:27:47.729000+00:00,SCHEDULED_START_PLUS_DURATION,2026-09-08T17:42:04.547142+00:00,2026-09-09T17:42:04.527616+00:00,05610bddf05395a5c788683a10cfc9ed11f3a6d09920fbae5e380fb44ac3eb0c,api.league-pro.com,OK,a7e2419c5e37b67fa00a9287e4d8d7c9b1d1e2bdd689b57b4ad7d362243c0757
308428,36534,Tournament A16. League 350-400,350-400,2026-09-09T10:30:11.407000+00:00,2026-09-09T04:30:11.407000-06:00,2026-09-09T12:30:11.407000+02:00,3,COMPLETED,1738,Ivan Kolenciak,1047,Ivo Palmi,3,2,1738,Ivan Kolenciak,,,2026-09-09T10:56:35.666000+00:00,SCHEDULED_START_PLUS_DURATION,2026-09-08T17:42:04.547142+00:00,2026-09-09T17:42:04.527616+00:00,05610bddf05395a5c788683a10cfc9ed11f3a6d09920fbae5e380fb44ac3eb0c,api.league-pro.com,OK,64286a2427b16855312d6ec345dbbb488d6509cab18b41b5e7165e44d41caea5
308460,36538,Tournament A18. League 700-800,700-800,2026-09-09T10:30:11.415000+00:00,2026-09-09T04:30:11.415000-06:00,2026-09-09T12:30:11.415000+02:00,3,COMPLETED,1714,Samuel Byrtus,884,Jaroslav Schwan,3,2,1714,Samuel Byrtus,,,2026-09-09T10:55:04.372000+00:00,SCHEDULED_START_PLUS_DURATION,2026-09-08T17:42:04.547142+00:00,2026-09-09T17:42:04.527616+00:00,05610bddf05395a5c788683a10cfc9ed11f3a6d09920fbae5e380fb44ac3eb0c,api.league-pro.com,OK,e7f3c1313de5e2e17b6e5a57b56f899ee8afdfe7cc2d3c7f23ec416fbdb4a3ea
308384,36529,Tournament A14. League 800-900,800-900,2026-09-09T10:30:17.051000+00:00,2026-09-09T04:30:17.051000-06:00,2026-09-09T12:30:17.051000+02:00,3,COMPLETED,1869,Richard Wagner,1582,Viktor Vejvoda,3,2,1869,Richard Wagner,,,2026-09-09T10:55:04.998000+00:00,SCHEDULED_START_PLUS_DURATION,2026-09-08T17:42:04.547142+00:00,2026-09-09T17:42:04.527616+00:00,05610bddf05395a5c788683a10cfc9ed11f3a6d09920fbae5e380fb44ac3eb0c,api.league-pro.com,OK,5632a5a443cf2b19fd3baeaca956eda3380c859b0974f5dda7e66934a107d341
308340,36524,Tournament A12. League 250-300,250-300,2026-09-09T10:30:27.176000+00:00,2026-09-09T04:30:27.176000-06:00,2026-09-09T12:30:27.176000+02:00,3,COMPLETED,1602,Pavel Petr,1660,Jiri Stary,3,1,1602,Pavel Petr,,,2026-09-09T10:48:36.184000+00:00,SCHEDULED_START_PLUS_DURATION,2026-09-08T17:42:04.547142+00:00,2026-09-09T17:42:04.527616+00:00,05610bddf05395a5c788683a10cfc9ed11f3a6d09920fbae5e380fb44ac3eb0c,api.league-pro.com,OK,0edb4242f0e1e5b4eb9e139642460b59f7c72501b251f6567857cceb8ebdbf86
308484,36541,Tournament A17. League 450-500,450-500,2026-09-09T10:31:05.458000+00:00,2026-09-09T04:31:05.458000-06:00,2026-09-09T12:31:05.458000+02:00,3,COMPLETED,909,Pavel Kulhanek,828,Jiri Svec,3,1,909,Pavel Kulhanek,,,2026-09-09T10:47:46.486000+00:00,SCHEDULED_START_PLUS_DURATION,2026-09-08T17:42:04.547142+00:00,2026-09-09T17:42:04.527616+00:00,05610bddf05395a5c788683a10cfc9ed11f3a6d09920fbae5e380fb44ac3eb0c,api.league-pro.com,OK,172ace18450183edd4953db450a8a7dec3730a846db1bf2656dacb8f65f4adc6
308461,36538,Tournament A18. League 700-800,700-800,2026-09-09T11:00:10.377000+00:00,2026-09-09T05:00:10.377000-06:00,2026-09-09T13:00:10.377000+02:00,3,COMPLETED,1729,Stepan Kysely,1714,Samuel Byrtus,2,3,1714,Samuel Byrtus,,,2026-09-09T11:21:39.355000+00:00,SCHEDULED_START_PLUS_DURATION,2026-09-08T17:42:04.547142+00:00,2026-09-09T17:42:04.527616+00:00,05610bddf05395a5c788683a10cfc9ed11f3a6d09920fbae5e380fb44ac3eb0c,api.league-pro.com,OK,10c9d33887c0ba94f1f8bf361aef242333db861d0d43b66e72b54ae743477024
308341,36524,Tournament A12. League 250-300,250-300,2026-09-09T11:00:12.616000+00:00,2026-09-09T05:00:12.616000-06:00,2026-09-09T13:00:12.616000+02:00,3,COMPLETED,1440,Petr Serak,1602,Pavel Petr,3,1,1440,Petr Serak,,,2026-09-09T11:17:42.553000+00:00,SCHEDULED_START_PLUS_DURATION,2026-09-08T17:42:04.547142+00:00,2026-09-09T17:42:04.527616+00:00,05610bddf05395a5c788683a10cfc9ed11f3a6d09920fbae5e380fb44ac3eb0c,api.league-pro.com,OK,76f3bab5f6a3f9960db083aae7e2b643fca8bbd6e73c4f7ce6abc5752ab14aaf
308429,36534,Tournament A16. League 350-400,350-400,2026-09-09T11:00:13.347000+00:00,2026-09-09T05:00:13.347000-06:00,2026-09-09T13:00:13.347000+02:00,3,COMPLETED,1219,Josef Toth,1738,Ivan Kolenciak,2,3,1738,Ivan Kolenciak,,,2026-09-09T11:21:54.521000+00:00,SCHEDULED_START_PLUS_DURATION,2026-09-08T17:42:04.547142+00:00,2026-09-09T17:42:04.527616+00:00,05610bddf05395a5c788683a10cfc9ed11f3a6d09920fbae5e380fb44ac3eb0c,api.league-pro.com,OK,b3f7745274158261a583ec92384e630808e113fca72b216867a3186c8db969e7
308385,36529,Tournament A14. League 800-900,800-900,2026-09-09T11:00:18.060000+00:00,2026-09-09T05:00:18.060000-06:00,2026-09-09T13:00:18.060000+02:00,3,COMPLETED,680,Frantisek Pusch,1869,Richard Wagner,0,3,1869,Richard Wagner,,,2026-09-09T11:11:36.656000+00:00,SCHEDULED_START_PLUS_DURATION,2026-09-08T17:42:04.547142+00:00,2026-09-09T17:42:04.527616+00:00,05610bddf05395a5c788683a10cfc9ed11f3a6d09920fbae5e380fb44ac3eb0c,api.league-pro.com,OK,f936525759a9a6595eb3a5da6f7844bc093c7d89154dec9afd3d4587bd4dcdc9
308485,36541,Tournament A17. League 450-500,450-500,2026-09-09T11:00:19.634000+00:00,2026-09-09T05:00:19.634000-06:00,2026-09-09T13:00:19.634000+02:00,3,COMPLETED,942,Jaroslav Strnad,909,Pavel Kulhanek,3,2,942,Jaroslav Strnad,,,2026-09-09T11:23:25.051000+00:00,SCHEDULED_START_PLUS_DURATION,2026-09-08T17:42:04.547142+00:00,2026-09-09T17:42:04.527616+00:00,05610bddf05395a5c788683a10cfc9ed11f3a6d09920fbae5e380fb44ac3eb0c,api.league-pro.com,OK,d12e45d4dde26f62df4bef0a862e8ada5094372635f208089d604f44a7728a39
308386,36529,Tournament A14. League 800-900,800-900,2026-09-09T11:30:09.425000+00:00,2026-09-09T05:30:09.425000-06:00,2026-09-09T13:30:09.425000+02:00,3,COMPLETED,1582,Viktor Vejvoda,1630,Petr Saleny,3,1,1582,Viktor Vejvoda,,,2026-09-09T11:49:39.792000+00:00,SCHEDULED_START_PLUS_DURATION,2026-09-08T17:42:04.547142+00:00,2026-09-09T17:42:04.527616+00:00,05610bddf05395a5c788683a10cfc9ed11f3a6d09920fbae5e380fb44ac3eb0c,api.league-pro.com,OK,86d479bbce543c820f3c18162a3850b74f2e8fde8788b47e4772bb61a4bbf975
308430,36534,Tournament A16. League 350-400,350-400,2026-09-09T11:30:09.696000+00:00,2026-09-09T05:30:09.696000-06:00,2026-09-09T13:30:09.696000+02:00,3,COMPLETED,1047,Ivo Palmi,1733,Zdenek Luksa,3,0,1047,Ivo Palmi,,,2026-09-09T11:44:00.401000+00:00,SCHEDULED_START_PLUS_DURATION,2026-09-08T17:42:04.547142+00:00,2026-09-09T17:42:04.527616+00:00,05610bddf05395a5c788683a10cfc9ed11f3a6d09920fbae5e380fb44ac3eb0c,api.league-pro.com,OK,4062ff8266ae2499310fb035a1d511e4075d0b0ad9efb83aa8e078785b0febc2
308462,36538,Tournament A18. League 700-800,700-800,2026-09-09T11:30:13.374000+00:00,2026-09-09T05:30:13.374000-06:00,2026-09-09T13:30:13.374000+02:00,3,COMPLETED,884,Jaroslav Schwan,1035,Richard Skacelik,3,2,884,Jaroslav Schwan,,,2026-09-09T11:50:10.570000+00:00,SCHEDULED_START_PLUS_DURATION,2026-09-08T17:42:04.547142+00:00,2026-09-09T17:42:04.527616+00:00,05610bddf05395a5c788683a10cfc9ed11f3a6d09920fbae5e380fb44ac3eb0c,api.league-pro.com,OK,0a5d8bc05ab2d4a98b1be2f8b224002f13dcd5a85fdbea4f702df43479d006ea
308342,36524,Tournament A12. League 250-300,250-300,2026-09-09T11:30:19.462000+00:00,2026-09-09T05:30:19.462000-06:00,2026-09-09T13:30:19.462000+02:00,3,COMPLETED,1660,Jiri Stary,923,Cesta Havrda,1,3,923,Cesta Havrda,,,2026-09-09T11:50:26.328000+00:00,SCHEDULED_START_PLUS_DURATION,2026-09-08T17:42:04.547142+00:00,2026-09-09T17:42:04.527616+00:00,05610bddf05395a5c788683a10cfc9ed11f3a6d09920fbae5e380fb44ac3eb0c,api.league-pro.com,OK,9e8cc3bdd74fabe82bbcd9afc6b6ccbc704f0e2357724af9d28b98dade128027
308486,36541,Tournament A17. League 450-500,450-500,2026-09-09T11:30:45.154000+00:00,2026-09-09T05:30:45.154000-06:00,2026-09-09T13:30:45.154000+02:00,3,COMPLETED,828,Jiri Svec,1499,Milan Chalupnicek,2,3,1499,Milan Chalupnicek,,,2026-09-09T11:56:35.606000+00:00,SCHEDULED_START_PLUS_DURATION,2026-09-08T17:42:04.547142+00:00,2026-09-09T17:42:04.527616+00:00,05610bddf05395a5c788683a10cfc9ed11f3a6d09920fbae5e380fb44ac3eb0c,api.league-pro.com,OK,b2629119de366a5c25cf91a6dbcc84d8b419803e21e5f31fbb7819d2c3de1c4b
308431,36534,Tournament A16. League 350-400,350-400,2026-09-09T12:00:09.085000+00:00,2026-09-09T06:00:09.085000-06:00,2026-09-09T14:00:09.085000+02:00,3,COMPLETED,1733,Zdenek Luksa,1738,Ivan Kolenciak,2,3,1738,Ivan Kolenciak,,,2026-09-09T12:22:04.025000+00:00,SCHEDULED_START_PLUS_DURATION,2026-09-08T17:42:04.547142+00:00,2026-09-09T17:42:04.527616+00:00,05610bddf05395a5c788683a10cfc9ed11f3a6d09920fbae5e380fb44ac3eb0c,api.league-pro.com,OK,e22e5c35eb1f6014e89283d8fb1401effa43a1cd45ec73684cecc637df4920fb
308387,36529,Tournament A14. League 800-900,800-900,2026-09-09T12:00:09.374000+00:00,2026-09-09T06:00:09.374000-06:00,2026-09-09T14:00:09.374000+02:00,3,COMPLETED,1630,Petr Saleny,1869,Richard Wagner,3,1,1630,Petr Saleny,,,2026-09-09T12:16:58.658000+00:00,SCHEDULED_START_PLUS_DURATION,2026-09-08T17:42:04.547142+00:00,2026-09-09T17:42:04.527616+00:00,05610bddf05395a5c788683a10cfc9ed11f3a6d09920fbae5e380fb44ac3eb0c,api.league-pro.com,OK,9eecf5afd8ac1a23d309eb1b9753d23d756f01e0748fc19cc2d35c878d6b9d35
308463,36538,Tournament A18. League 700-800,700-800,2026-09-09T12:00:10.613000+00:00,2026-09-09T06:00:10.613000-06:00,2026-09-09T14:00:10.613000+02:00,3,COMPLETED,1035,Richard Skacelik,1714,Samuel Byrtus,3,0,1035,Richard Skacelik,,,2026-09-09T12:11:29.232000+00:00,SCHEDULED_START_PLUS_DURATION,2026-09-08T17:42:04.547142+00:00,2026-09-09T17:42:04.527616+00:00,05610bddf05395a5c788683a10cfc9ed11f3a6d09920fbae5e380fb44ac3eb0c,api.league-pro.com,OK,f46eddf4689cc17c45f78abe3750f3944c289d1d20ef7ad0dcccfeca29478fae
308343,36524,Tournament A12. League 250-300,250-300,2026-09-09T12:00:20.368000+00:00,2026-09-09T06:00:20.368000-06:00,2026-09-09T14:00:20.368000+02:00,3,COMPLETED,923,Cesta Havrda,1602,Pavel Petr,3,0,923,Cesta Havrda,,,2026-09-09T12:19:24.719000+00:00,SCHEDULED_START_PLUS_DURATION,2026-09-08T17:42:04.547142+00:00,2026-09-09T17:42:04.527616+00:00,05610bddf05395a5c788683a10cfc9ed11f3a6d09920fbae5e380fb44ac3eb0c,api.league-pro.com,OK,74b6ff696f5ce34113ed11484b4789b6fd42e1828a80cb11dfa0aa14226c0080
308487,36541,Tournament A17. League 450-500,450-500,2026-09-09T12:01:01.367000+00:00,2026-09-09T06:01:01.367000-06:00,2026-09-09T14:01:01.367000+02:00,3,COMPLETED,1499,Milan Chalupnicek,909,Pavel Kulhanek,3,0,1499,Milan Chalupnicek,,,2026-09-09T12:13:48.992000+00:00,SCHEDULED_START_PLUS_DURATION,2026-09-08T17:42:04.547142+00:00,2026-09-09T17:42:04.527616+00:00,05610bddf05395a5c788683a10cfc9ed11f3a6d09920fbae5e380fb44ac3eb0c,api.league-pro.com,OK,ba0b2f0b843d0d3ec49dbedd301e521a8b3257b66ff8c84928ff6856c23e0d39
308464,36538,Tournament A18. League 700-800,700-800,2026-09-09T12:30:11.963000+00:00,2026-09-09T06:30:11.963000-06:00,2026-09-09T14:30:11.963000+02:00,3,COMPLETED,1729,Stepan Kysely,884,Jaroslav Schwan,1,3,884,Jaroslav Schwan,,,2026-09-09T12:46:30.296000+00:00,SCHEDULED_START_PLUS_DURATION,2026-09-08T17:42:04.547142+00:00,2026-09-09T17:42:04.527616+00:00,05610bddf05395a5c788683a10cfc9ed11f3a6d09920fbae5e380fb44ac3eb0c,api.league-pro.com,OK,e377b72b05f56f9ba77402ef72db0f878a4f0b32e80187a43dc5e51c0733fd9d
308432,36534,Tournament A16. League 350-400,350-400,2026-09-09T12:30:12.208000+00:00,2026-09-09T06:30:12.208000-06:00,2026-09-09T14:30:12.208000+02:00,3,COMPLETED,1219,Josef Toth,1047,Ivo Palmi,3,2,1219,Josef Toth,,,2026-09-09T12:54:56.482000+00:00,SCHEDULED_START_PLUS_DURATION,2026-09-08T17:42:04.547142+00:00,2026-09-09T17:42:04.527616+00:00,05610bddf05395a5c788683a10cfc9ed11f3a6d09920fbae5e380fb44ac3eb0c,api.league-pro.com,OK,685c6d440e9b2fe52d55621dad923fe3abad06af8e66765665396acc5695f04a
308344,36524,Tournament A12. League 250-300,250-300,2026-09-09T12:30:15.957000+00:00,2026-09-09T06:30:15.957000-06:00,2026-09-09T14:30:15.957000+02:00,3,COMPLETED,1440,Petr Serak,1660,Jiri Stary,3,1,1440,Petr Serak,,,2026-09-09T12:50:38.926000+00:00,SCHEDULED_START_PLUS_DURATION,2026-09-08T17:42:04.547142+00:00,2026-09-09T17:42:04.527616+00:00,05610bddf05395a5c788683a10cfc9ed11f3a6d09920fbae5e380fb44ac3eb0c,api.league-pro.com,OK,d6c48a759864b0a18c7af248462716003d9aac082c0b837dbd3786a3f2c1c233
308488,36541,Tournament A17. League 450-500,450-500,2026-09-09T12:30:22.457000+00:00,2026-09-09T06:30:22.457000-06:00,2026-09-09T14:30:22.457000+02:00,3,COMPLETED,942,Jaroslav Strnad,828,Jiri Svec,3,1,942,Jaroslav Strnad,,,2026-09-09T12:49:51.792000+00:00,SCHEDULED_START_PLUS_DURATION,2026-09-08T17:42:04.547142+00:00,2026-09-09T17:42:04.527616+00:00,05610bddf05395a5c788683a10cfc9ed11f3a6d09920fbae5e380fb44ac3eb0c,api.league-pro.com,OK,9de4a9e6f4d2eb4454a4a4784e5dc10f876e549557f033ce5b67a2b4f40738c0
308388,36529,Tournament A14. League 800-900,800-900,2026-09-09T12:30:29.107000+00:00,2026-09-09T06:30:29.107000-06:00,2026-09-09T14:30:29.107000+02:00,3,COMPLETED,680,Frantisek Pusch,1582,Viktor Vejvoda,3,2,680,Frantisek Pusch,,,2026-09-09T12:55:05.183000+00:00,SCHEDULED_START_PLUS_DURATION,2026-09-08T17:42:04.547142+00:00,2026-09-09T17:42:04.527616+00:00,05610bddf05395a5c788683a10cfc9ed11f3a6d09920fbae5e380fb44ac3eb0c,api.league-pro.com,OK,ca6d54d35a7c7230b3049ae818ef48e1ab17f5e42ab44ab58102ec84cb4bdd12
308465,36538,Tournament A18. League 700-800,700-800,2026-09-09T13:00:29.701000+00:00,2026-09-09T07:00:29.701000-06:00,2026-09-09T15:00:29.701000+02:00,3,COMPLETED,1729,Stepan Kysely,1035,Richard Skacelik,1,3,1035,Richard Skacelik,,,2026-09-09T13:18:09.651000+00:00,SCHEDULED_START_PLUS_DURATION,2026-09-08T17:42:04.547142+00:00,2026-09-09T17:42:04.527616+00:00,05610bddf05395a5c788683a10cfc9ed11f3a6d09920fbae5e380fb44ac3eb0c,api.league-pro.com,OK,7f13c9f3fe718b294820253ef479c18260801a743871f1957ef6b0cf6437484a
308345,36524,Tournament A12. League 250-300,250-300,2026-09-09T13:00:30.978000+00:00,2026-09-09T07:00:30.978000-06:00,2026-09-09T15:00:30.978000+02:00,3,COMPLETED,1602,Pavel Petr,1660,Jiri Stary,2,3,1660,Jiri Stary,,,2026-09-09T13:29:36.788000+00:00,SCHEDULED_START_PLUS_DURATION,2026-09-08T17:42:04.547142+00:00,2026-09-09T17:42:04.527616+00:00,05610bddf05395a5c788683a10cfc9ed11f3a6d09920fbae5e380fb44ac3eb0c,api.league-pro.com,OK,1016aa739064806a8518cd021994fc20e5671202c38e2314f8a02d4e60686430
308489,36541,Tournament A17. League 450-500,450-500,2026-09-09T13:00:40.658000+00:00,2026-09-09T07:00:40.658000-06:00,2026-09-09T15:00:40.658000+02:00,3,COMPLETED,909,Pavel Kulhanek,828,Jiri Svec,3,0,909,Pavel Kulhanek,,,2026-09-09T13:13:35.610000+00:00,SCHEDULED_START_PLUS_DURATION,2026-09-08T17:42:04.547142+00:00,2026-09-09T17:42:04.527616+00:00,05610bddf05395a5c788683a10cfc9ed11f3a6d09920fbae5e380fb44ac3eb0c,api.league-pro.com,OK,6a8e1fd8d3b0e1f80db88dbbcf941597da6f4b1e0ed1fea895698c1e14fb120f
308389,36529,Tournament A14. League 800-900,800-900,2026-09-09T13:03:37.927000+00:00,2026-09-09T07:03:37.927000-06:00,2026-09-09T15:03:37.927000+02:00,3,COMPLETED,1582,Viktor Vejvoda,1630,Petr Saleny,1,3,1630,Petr Saleny,,,2026-09-09T13:24:44.080000+00:00,SCHEDULED_START_PLUS_DURATION,2026-09-08T17:42:04.547142+00:00,2026-09-09T17:42:04.527616+00:00,05610bddf05395a5c788683a10cfc9ed11f3a6d09920fbae5e380fb44ac3eb0c,api.league-pro.com,OK,dceb1b8dd4008dd2b0597621cab995e939ba55b8e60a73be672245aa286be333
308433,36534,Tournament A16. League 350-400,350-400,2026-09-09T13:03:37.949000+00:00,2026-09-09T07:03:37.949000-06:00,2026-09-09T15:03:37.949000+02:00,3,COMPLETED,1047,Ivo Palmi,1733,Zdenek Luksa,3,1,1047,Ivo Palmi,,,2026-09-09T13:20:53.643000+00:00,SCHEDULED_START_PLUS_DURATION,2026-09-08T17:42:04.547142+00:00,2026-09-09T17:42:04.527616+00:00,05610bddf05395a5c788683a10cfc9ed11f3a6d09920fbae5e380fb44ac3eb0c,api.league-pro.com,OK,c97ff7869affef77547e75e0c217a68cc296847e5f5ef4b1ca02c5f12e9b2fc3
308434,36534,Tournament A16. League 350-400,350-400,2026-09-09T13:30:14.341000+00:00,2026-09-09T07:30:14.341000-06:00,2026-09-09T15:30:14.341000+02:00,3,COMPLETED,1738,Ivan Kolenciak,1219,Josef Toth,2,3,1219,Josef Toth,,,2026-09-09T13:50:45.876000+00:00,SCHEDULED_START_PLUS_DURATION,2026-09-08T17:42:04.547142+00:00,2026-09-09T17:42:04.527616+00:00,05610bddf05395a5c788683a10cfc9ed11f3a6d09920fbae5e380fb44ac3eb0c,api.league-pro.com,OK,ec9e30c36f5740700a55d02bf0f3aaa03ecb813f22bb90bb76532a56222d6313
308466,36538,Tournament A18. League 700-800,700-800,2026-09-09T13:30:17.010000+00:00,2026-09-09T07:30:17.010000-06:00,2026-09-09T15:30:17.010000+02:00,3,COMPLETED,884,Jaroslav Schwan,1714,Samuel Byrtus,1,3,1714,Samuel Byrtus,,,2026-09-09T13:50:33.942000+00:00,SCHEDULED_START_PLUS_DURATION,2026-09-08T17:42:04.547142+00:00,2026-09-09T17:42:04.527616+00:00,05610bddf05395a5c788683a10cfc9ed11f3a6d09920fbae5e380fb44ac3eb0c,api.league-pro.com,OK,fef91c3c6e3bfae5faed49b6f0885cd8cbff0c7733c5ba03a889499719d6242e
308490,36541,Tournament A17. League 450-500,450-500,2026-09-09T13:30:18.585000+00:00,2026-09-09T07:30:18.585000-06:00,2026-09-09T15:30:18.585000+02:00,3,COMPLETED,942,Jaroslav Strnad,1499,Milan Chalupnicek,1,3,1499,Milan Chalupnicek,,,2026-09-09T13:50:20.947000+00:00,SCHEDULED_START_PLUS_DURATION,2026-09-08T17:42:04.547142+00:00,2026-09-09T17:42:04.527616+00:00,05610bddf05395a5c788683a10cfc9ed11f3a6d09920fbae5e380fb44ac3eb0c,api.league-pro.com,OK,f79d5ab96be670a2aacd383bd7672b2c7a0b695d864e87fe96c46b64cd4f8ebe
308390,36529,Tournament A14. League 800-900,800-900,2026-09-09T13:30:48.807000+00:00,2026-09-09T07:30:48.807000-06:00,2026-09-09T15:30:48.807000+02:00,3,COMPLETED,1869,Richard Wagner,680,Frantisek Pusch,1,3,680,Frantisek Pusch,,,2026-09-09T13:48:25.325000+00:00,SCHEDULED_START_PLUS_DURATION,2026-09-08T17:42:04.547142+00:00,2026-09-09T17:42:04.527616+00:00,05610bddf05395a5c788683a10cfc9ed11f3a6d09920fbae5e380fb44ac3eb0c,api.league-pro.com,OK,271504c87926255e1c50320dc99f2da649fae9704b1072a4c5b5f8521dba899f
308346,36524,Tournament A12. League 250-300,250-300,2026-09-09T13:31:46.054000+00:00,2026-09-09T07:31:46.054000-06:00,2026-09-09T15:31:46.054000+02:00,3,COMPLETED,1440,Petr Serak,923,Cesta Havrda,0,3,923,Cesta Havrda,,,2026-09-09T13:45:16.708000+00:00,SCHEDULED_START_PLUS_DURATION,2026-09-08T17:42:04.547142+00:00,2026-09-09T17:42:04.527616+00:00,05610bddf05395a5c788683a10cfc9ed11f3a6d09920fbae5e380fb44ac3eb0c,api.league-pro.com,OK,3fc57fbebd929e770bd003f7f4654e836cf272b112b347ff13df43dbf288c0c3
308347,36525,Tournament A12. League 550-600,550-600,2026-09-09T14:00:01.082000+00:00,2026-09-09T08:00:01.082000-06:00,2026-09-09T16:00:01.082000+02:00,3,COMPLETED,1635,Julius Didi,1520,Tomas Regner,3,0,1635,Julius Didi,,,2026-09-09T14:11:20.765000+00:00,SCHEDULED_START_PLUS_DURATION,2026-09-08T17:42:04.547142+00:00,2026-09-09T17:42:04.527616+00:00,05610bddf05395a5c788683a10cfc9ed11f3a6d09920fbae5e380fb44ac3eb0c,api.league-pro.com,OK,205d7da8c97974993fd8a82a88c6031bcffc3d866f12f67606ddb881302cec5a
308443,36536,Tournament A16. League 800-900,800-900,2026-09-09T14:00:04.837000+00:00,2026-09-09T08:00:04.837000-06:00,2026-09-09T16:00:04.837000+02:00,3,COMPLETED,1162,Roman Hudeczek,1827,Lukas Kern,1,3,1827,Lukas Kern,,,2026-09-09T14:16:18.145000+00:00,SCHEDULED_START_PLUS_DURATION,2026-09-08T17:42:04.547142+00:00,2026-09-09T17:42:04.527616+00:00,05610bddf05395a5c788683a10cfc9ed11f3a6d09920fbae5e380fb44ac3eb0c,api.league-pro.com,OK,a2e6e2d28f1650cac79ba0262ad8f366b7358c51a819befb4a93825523bc92e8
308491,36542,Tournament A17. League 700-800,700-800,2026-09-09T14:00:08.311000+00:00,2026-09-09T08:00:08.311000-06:00,2026-09-09T16:00:08.311000+02:00,3,COMPLETED,1015,Michal Vedmoch,830,Jakub Hradecky,2,3,830,Jakub Hradecky,,,2026-09-09T14:15:20.800000+00:00,SCHEDULED_START_PLUS_DURATION,2026-09-08T17:42:04.547142+00:00,2026-09-09T17:42:04.527616+00:00,05610bddf05395a5c788683a10cfc9ed11f3a6d09920fbae5e380fb44ac3eb0c,api.league-pro.com,OK,f48946432fb6e5de174db740cb05e3c5fbd6898a677cadcd226f078d16ae5375
308391,36530,Tournament A14. League 900-1000,900-1000,2026-09-09T14:00:09.165000+00:00,2026-09-09T08:00:09.165000-06:00,2026-09-09T16:00:09.165000+02:00,3,COMPLETED,1128,Radim Urbaniec,896,Michal Jezek,1,3,896,Michal Jezek,,,2026-09-09T14:14:22.396000+00:00,SCHEDULED_START_PLUS_DURATION,2026-09-08T17:42:04.547142+00:00,2026-09-09T17:42:04.527616+00:00,05610bddf05395a5c788683a10cfc9ed11f3a6d09920fbae5e380fb44ac3eb0c,api.league-pro.com,OK,40a5910e00271dcbd9fa029ce96abb0d71cc025841327d52d1254b923651f48b
308467,36539,Tournament A18. League 1000-1100,1000-1100,2026-09-09T14:00:11.631000+00:00,2026-09-09T08:00:11.631000-06:00,2026-09-09T16:00:11.631000+02:00,3,COMPLETED,1804,Martin Skotnica,1796,Libor Prikasky,3,2,1804,Martin Skotnica,,,2026-09-09T14:24:06.713000+00:00,SCHEDULED_START_PLUS_DURATION,2026-09-08T17:42:04.547142+00:00,2026-09-09T17:42:04.527616+00:00,05610bddf05395a5c788683a10cfc9ed11f3a6d09920fbae5e380fb44ac3eb0c,api.league-pro.com,OK,d910323e31a55afb804a1926cba65720853d60c84dca907fbdd098c199ce2d76
308468,36539,Tournament A18. League 1000-1100,1000-1100,2026-09-09T14:30:06.992000+00:00,2026-09-09T08:30:06.992000-06:00,2026-09-09T16:30:06.992000+02:00,3,COMPLETED,1803,Matej Grundel,1283,Radovan Polasek,2,3,1283,Radovan Polasek,,,2026-09-09T14:49:01.634000+00:00,SCHEDULED_START_PLUS_DURATION,2026-09-08T17:42:04.547142+00:00,2026-09-09T17:42:04.527616+00:00,05610bddf05395a5c788683a10cfc9ed11f3a6d09920fbae5e380fb44ac3eb0c,api.league-pro.com,OK,c647cbd9c61439f073f04e218cbfbcc9f1c14146f05d76b2cf21926ccac41683
308348,36525,Tournament A12. League 550-600,550-600,2026-09-09T14:30:07.453000+00:00,2026-09-09T08:30:07.453000-06:00,2026-09-09T16:30:07.453000+02:00,3,COMPLETED,1412,Jan Steffan,1217,Martin Stefek,1,3,1217,Martin Stefek,,,2026-09-09T14:44:26.520000+00:00,SCHEDULED_START_PLUS_DURATION,2026-09-08T17:42:04.547142+00:00,2026-09-09T17:42:04.527616+00:00,05610bddf05395a5c788683a10cfc9ed11f3a6d09920fbae5e380fb44ac3eb0c,api.league-pro.com,OK,156b2998b385ebfad5fd164a8c171711c9b65e5bb12549b0ef3a101a27a1d314
308492,36542,Tournament A17. League 700-800,700-800,2026-09-09T14:30:11.537000+00:00,2026-09-09T08:30:11.537000-06:00,2026-09-09T16:30:11.537000+02:00,3,COMPLETED,1272,Jakub Stolfa,818,Marek Sedlak,3,2,1272,Jakub Stolfa,,,2026-09-09T14:53:17.390000+00:00,SCHEDULED_START_PLUS_DURATION,2026-09-08T17:42:04.547142+00:00,2026-09-09T17:42:04.527616+00:00,05610bddf05395a5c788683a10cfc9ed11f3a6d09920fbae5e380fb44ac3eb0c,api.league-pro.com,OK,451b8d1260738cef98eab889db2d413e3f2f6cbd0420232f7885560478490a24
308392,36530,Tournament A14. League 900-1000,900-1000,2026-09-09T14:30:11.881000+00:00,2026-09-09T08:30:11.881000-06:00,2026-09-09T16:30:11.881000+02:00,3,COMPLETED,1668,Oleksandr Kolisnyk,879,Jiri Ruzicka,1,3,879,Jiri Ruzicka,,,2026-09-09T14:45:32.655000+00:00,SCHEDULED_START_PLUS_DURATION,2026-09-08T17:42:04.547142+00:00,2026-09-09T17:42:04.527616+00:00,05610bddf05395a5c788683a10cfc9ed11f3a6d09920fbae5e380fb44ac3eb0c,api.league-pro.com,OK,f54f18b21a0fd4e96f5029cbf932337b3423c6d68bd65995a7be6573741ab293
308444,36536,Tournament A16. League 800-900,800-900,2026-09-09T14:30:12.896000+00:00,2026-09-09T08:30:12.896000-06:00,2026-09-09T16:30:12.896000+02:00,3,COMPLETED,1209,David Szotek,1092,Marek Holub,1,3,1092,Marek Holub,,,2026-09-09T14:52:05.106000+00:00,SCHEDULED_START_PLUS_DURATION,2026-09-08T17:42:04.547142+00:00,2026-09-09T17:42:04.527616+00:00,05610bddf05395a5c788683a10cfc9ed11f3a6d09920fbae5e380fb44ac3eb0c,api.league-pro.com,OK,d144532e8b338b691c986a8af29b8f8cf3a87e48bf46752f4c879b9ff48b29bf
308349,36525,Tournament A12. League 550-600,550-600,2026-09-09T15:00:03.848000+00:00,2026-09-09T09:00:03.848000-06:00,2026-09-09T17:00:03.848000+02:00,3,COMPLETED,1520,Tomas Regner,1412,Jan Steffan,3,2,1520,Tomas Regner,,,2026-09-09T15:18:48.768000+00:00,SCHEDULED_START_PLUS_DURATION,2026-09-08T17:42:04.547142+00:00,2026-09-09T17:42:04.527616+00:00,05610bddf05395a5c788683a10cfc9ed11f3a6d09920fbae5e380fb44ac3eb0c,api.league-pro.com,OK,36766de4465d6984c3c2042a0ba8783469209d134844c96f5bf1a00db37d0783
308469,36539,Tournament A18. League 1000-1100,1000-1100,2026-09-09T15:00:06.872000+00:00,2026-09-09T09:00:06.872000-06:00,2026-09-09T17:00:06.872000+02:00,3,COMPLETED,1796,Libor Prikasky,1803,Matej Grundel,1,3,1803,Matej Grundel,,,2026-09-09T15:23:19.118000+00:00,SCHEDULED_START_PLUS_DURATION,2026-09-08T17:42:04.547142+00:00,2026-09-09T17:42:04.527616+00:00,05610bddf05395a5c788683a10cfc9ed11f3a6d09920fbae5e380fb44ac3eb0c,api.league-pro.com,OK,45eb33d310ccea8c0954647a6e7f154fff0313374b316cf089cb082d991473de
308445,36536,Tournament A16. League 800-900,800-900,2026-09-09T15:00:08.536000+00:00,2026-09-09T09:00:08.536000-06:00,2026-09-09T17:00:08.536000+02:00,3,COMPLETED,1827,Lukas Kern,1209,David Szotek,1,3,1209,David Szotek,,,2026-09-09T15:45:20.016000+00:00,SCHEDULED_START_PLUS_DURATION,2026-09-08T17:42:04.547142+00:00,2026-09-09T17:42:04.527616+00:00,05610bddf05395a5c788683a10cfc9ed11f3a6d09920fbae5e380fb44ac3eb0c,api.league-pro.com,OK,c080115290e6b0842454bd42b1eadd6d270a8a577f70de927441b109f9fb228f
308493,36542,Tournament A17. League 700-800,700-800,2026-09-09T15:00:08.971000+00:00,2026-09-09T09:00:08.971000-06:00,2026-09-09T17:00:08.971000+02:00,3,COMPLETED,830,Jakub Hradecky,1272,Jakub Stolfa,3,2,830,Jakub Hradecky,,,2026-09-09T15:25:52.738000+00:00,SCHEDULED_START_PLUS_DURATION,2026-09-08T17:42:04.547142+00:00,2026-09-09T17:42:04.527616+00:00,05610bddf05395a5c788683a10cfc9ed11f3a6d09920fbae5e380fb44ac3eb0c,api.league-pro.com,OK,0fc82fc5d2058d6579ff3e8b65068c59d6d4784e47875a1bb6c3fc700a967848
308393,36530,Tournament A14. League 900-1000,900-1000,2026-09-09T15:00:37.905000+00:00,2026-09-09T09:00:37.905000-06:00,2026-09-09T17:00:37.905000+02:00,3,COMPLETED,896,Michal Jezek,1668,Oleksandr Kolisnyk,1,3,1668,Oleksandr Kolisnyk,,,2026-09-09T15:15:49.089000+00:00,SCHEDULED_START_PLUS_DURATION,2026-09-08T17:42:04.547142+00:00,2026-09-09T17:42:04.527616+00:00,05610bddf05395a5c788683a10cfc9ed11f3a6d09920fbae5e380fb44ac3eb0c,api.league-pro.com,OK,5273c3825504a443c7e6232b00c7fae351977877cfeba7f01f638104c26112ec
308350,36525,Tournament A12. League 550-600,550-600,2026-09-09T15:30:02.710000+00:00,2026-09-09T09:30:02.710000-06:00,2026-09-09T17:30:02.710000+02:00,3,COMPLETED,1217,Martin Stefek,1635,Julius Didi,1,3,1635,Julius Didi,,,2026-09-09T15:44:00.388000+00:00,SCHEDULED_START_PLUS_DURATION,2026-09-08T17:42:04.547142+00:00,2026-09-09T17:42:04.527616+00:00,05610bddf05395a5c788683a10cfc9ed11f3a6d09920fbae5e380fb44ac3eb0c,api.league-pro.com,OK,b8fdc962721739266229a97ef58191fc028b6bbc56b2632f48bf6d9f487672f1
308494,36542,Tournament A17. League 700-800,700-800,2026-09-09T15:30:09.282000+00:00,2026-09-09T09:30:09.282000-06:00,2026-09-09T17:30:09.282000+02:00,3,COMPLETED,818,Marek Sedlak,1015,Michal Vedmoch,1,3,1015,Michal Vedmoch,,,2026-09-09T15:41:09.698000+00:00,SCHEDULED_START_PLUS_DURATION,2026-09-08T17:42:04.547142+00:00,2026-09-09T17:42:04.527616+00:00,05610bddf05395a5c788683a10cfc9ed11f3a6d09920fbae5e380fb44ac3eb0c,api.league-pro.com,OK,d41c22bb785165e2e196051646545a852e5d0ac374f4000ce3bfc2c39190525b
308394,36530,Tournament A14. League 900-1000,900-1000,2026-09-09T15:30:16.915000+00:00,2026-09-09T09:30:16.915000-06:00,2026-09-09T17:30:16.915000+02:00,3,COMPLETED,879,Jiri Ruzicka,1128,Radim Urbaniec,0,3,1128,Radim Urbaniec,,,2026-09-09T15:41:34.954000+00:00,SCHEDULED_START_PLUS_DURATION,2026-09-08T17:42:04.547142+00:00,2026-09-09T17:42:04.527616+00:00,05610bddf05395a5c788683a10cfc9ed11f3a6d09920fbae5e380fb44ac3eb0c,api.league-pro.com,OK,fb6fc29785dfc6b5a9465b6e890e40419ffc5e7c71dda1465624fa6be92c5f22
308470,36539,Tournament A18. League 1000-1100,1000-1100,2026-09-09T15:38:17.457000+00:00,2026-09-09T09:38:17.457000-06:00,2026-09-09T17:38:17.457000+02:00,3,COMPLETED,1283,Radovan Polasek,1804,Martin Skotnica,1,3,1804,Martin Skotnica,,,2026-09-09T15:55:18.481000+00:00,SCHEDULED_START_PLUS_DURATION,2026-09-08T17:42:04.547142+00:00,2026-09-09T17:42:04.527616+00:00,05610bddf05395a5c788683a10cfc9ed11f3a6d09920fbae5e380fb44ac3eb0c,api.league-pro.com,OK,0e961f727920f792603be65b32294bb3e53670c08eb69c4949c2380a26366731
308446,36536,Tournament A16. League 800-900,800-900,2026-09-09T15:48:26.415000+00:00,2026-09-09T09:48:26.415000-06:00,2026-09-09T17:48:26.415000+02:00,3,COMPLETED,1092,Marek Holub,1162,Roman Hudeczek,3,2,1092,Marek Holub,,,2026-09-09T16:13:50.714000+00:00,SCHEDULED_START_PLUS_DURATION,2026-09-08T17:42:04.547142+00:00,2026-09-09T17:42:04.527616+00:00,05610bddf05395a5c788683a10cfc9ed11f3a6d09920fbae5e380fb44ac3eb0c,api.league-pro.com,OK,85bde404a59e14cf03b52f691497b318432fd75f90a3b0e7ae9a1f5ee55f72dd
308351,36525,Tournament A12. League 550-600,550-600,2026-09-09T16:00:00.906000+00:00,2026-09-09T10:00:00.906000-06:00,2026-09-09T18:00:00.906000+02:00,3,COMPLETED,1635,Julius Didi,1412,Jan Steffan,3,2,1635,Julius Didi,,,2026-09-09T16:23:02.953000+00:00,SCHEDULED_START_PLUS_DURATION,2026-09-08T17:42:04.547142+00:00,2026-09-09T17:42:04.527616+00:00,05610bddf05395a5c788683a10cfc9ed11f3a6d09920fbae5e380fb44ac3eb0c,api.league-pro.com,OK,36dd5342169f8dcecb6d35b206260b182819cbeb8feb85b2276c9a140cfa8fa0
308471,36539,Tournament A18. League 1000-1100,1000-1100,2026-09-09T16:00:06.819000+00:00,2026-09-09T10:00:06.819000-06:00,2026-09-09T18:00:06.819000+02:00,3,COMPLETED,1804,Martin Skotnica,1803,Matej Grundel,1,3,1803,Matej Grundel,,,2026-09-09T16:14:08.794000+00:00,SCHEDULED_START_PLUS_DURATION,2026-09-08T17:42:04.547142+00:00,2026-09-09T17:42:04.527616+00:00,05610bddf05395a5c788683a10cfc9ed11f3a6d09920fbae5e380fb44ac3eb0c,api.league-pro.com,OK,c95e3f97586893da9ff8b88f9b7eac6d2ddc47a0af239d26e2453ebf71002575
308495,36542,Tournament A17. League 700-800,700-800,2026-09-09T16:00:08.013000+00:00,2026-09-09T10:00:08.013000-06:00,2026-09-09T18:00:08.013000+02:00,3,COMPLETED,1015,Michal Vedmoch,1272,Jakub Stolfa,1,3,1272,Jakub Stolfa,,,2026-09-09T16:19:26.577000+00:00,SCHEDULED_START_PLUS_DURATION,2026-09-08T17:42:04.547142+00:00,2026-09-09T17:42:04.527616+00:00,05610bddf05395a5c788683a10cfc9ed11f3a6d09920fbae5e380fb44ac3eb0c,api.league-pro.com,OK,11622561adb5ebc18a412ed0ab05086fc1fb9493426f590471779a262077b647
308395,36530,Tournament A14. League 900-1000,900-1000,2026-09-09T16:00:18.535000+00:00,2026-09-09T10:00:18.535000-06:00,2026-09-09T18:00:18.535000+02:00,3,COMPLETED,1128,Radim Urbaniec,1668,Oleksandr Kolisnyk,1,3,1668,Oleksandr Kolisnyk,,,2026-09-09T16:16:20.446000+00:00,SCHEDULED_START_PLUS_DURATION,2026-09-08T17:42:04.547142+00:00,2026-09-09T17:42:04.527616+00:00,05610bddf05395a5c788683a10cfc9ed11f3a6d09920fbae5e380fb44ac3eb0c,api.league-pro.com,OK,b1af32793e2cd2fe03af765f1cb83b3b6a28b6c7a19ff961e44d885fa37941fc
308447,36536,Tournament A16. League 800-900,800-900,2026-09-09T16:18:17.803000+00:00,2026-09-09T10:18:17.803000-06:00,2026-09-09T18:18:17.803000+02:00,3,COMPLETED,1162,Roman Hudeczek,1209,David Szotek,3,2,1162,Roman Hudeczek,,,2026-09-09T16:39:44.841000+00:00,SCHEDULED_START_PLUS_DURATION,2026-09-08T17:42:04.547142+00:00,2026-09-09T17:42:04.527616+00:00,05610bddf05395a5c788683a10cfc9ed11f3a6d09920fbae5e380fb44ac3eb0c,api.league-pro.com,OK,58468d47fc44bf2a7ffbf137e355d9bd29cc63f07e39eddcd5cfc1bb2e14a19b
308352,36525,Tournament A12. League 550-600,550-600,2026-09-09T16:30:01.383000+00:00,2026-09-09T10:30:01.383000-06:00,2026-09-09T18:30:01.383000+02:00,3,COMPLETED,1520,Tomas Regner,1217,Martin Stefek,1,3,1217,Martin Stefek,,,2026-09-09T16:48:52.557000+00:00,SCHEDULED_START_PLUS_DURATION,2026-09-08T17:42:04.547142+00:00,2026-09-09T17:42:04.527616+00:00,05610bddf05395a5c788683a10cfc9ed11f3a6d09920fbae5e380fb44ac3eb0c,api.league-pro.com,OK,701289166de4f5c331c6be4c3a6d4309d8cdf69bad6e5c5165a67fddf6ad7e12
308472,36539,Tournament A18. League 1000-1100,1000-1100,2026-09-09T16:30:10.973000+00:00,2026-09-09T10:30:10.973000-06:00,2026-09-09T18:30:10.973000+02:00,3,COMPLETED,1796,Libor Prikasky,1283,Radovan Polasek,0,3,1283,Radovan Polasek,,,2026-09-09T16:45:02.804000+00:00,SCHEDULED_START_PLUS_DURATION,2026-09-08T17:42:04.547142+00:00,2026-09-09T17:42:04.527616+00:00,05610bddf05395a5c788683a10cfc9ed11f3a6d09920fbae5e380fb44ac3eb0c,api.league-pro.com,OK,727875cb059506efaabb2380b329316b285b68964901c337d3d5e3b74da6c92a
308496,36542,Tournament A17. League 700-800,700-800,2026-09-09T16:30:13.088000+00:00,2026-09-09T10:30:13.088000-06:00,2026-09-09T18:30:13.088000+02:00,3,COMPLETED,830,Jakub Hradecky,818,Marek Sedlak,3,0,830,Jakub Hradecky,,,2026-09-09T16:39:23.364000+00:00,SCHEDULED_START_PLUS_DURATION,2026-09-08T17:42:04.547142+00:00,2026-09-09T17:42:04.527616+00:00,05610bddf05395a5c788683a10cfc9ed11f3a6d09920fbae5e380fb44ac3eb0c,api.league-pro.com,OK,33273e04e5879a76d3e4cb1d3e40bea53167910823dcde72d165bb2a50000f62
308396,36530,Tournament A14. League 900-1000,900-1000,2026-09-09T16:30:18.218000+00:00,2026-09-09T10:30:18.218000-06:00,2026-09-09T18:30:18.218000+02:00,3,COMPLETED,896,Michal Jezek,879,Jiri Ruzicka,0,3,879,Jiri Ruzicka,,,2026-09-09T16:39:31.133000+00:00,SCHEDULED_START_PLUS_DURATION,2026-09-08T17:42:04.547142+00:00,2026-09-09T17:42:04.527616+00:00,05610bddf05395a5c788683a10cfc9ed11f3a6d09920fbae5e380fb44ac3eb0c,api.league-pro.com,OK,8bc3aef36f8d246df2a9c0102a3ddf45ebec5880dbfc0ffbb98b46bb86f43fff
308448,36536,Tournament A16. League 800-900,800-900,2026-09-09T16:42:28.499000+00:00,2026-09-09T10:42:28.499000-06:00,2026-09-09T18:42:28.499000+02:00,3,COMPLETED,1827,Lukas Kern,1092,Marek Holub,3,2,1827,Lukas Kern,,,2026-09-09T17:06:09.340000+00:00,SCHEDULED_START_PLUS_DURATION,2026-09-08T17:42:04.547142+00:00,2026-09-09T17:42:04.527616+00:00,05610bddf05395a5c788683a10cfc9ed11f3a6d09920fbae5e380fb44ac3eb0c,api.league-pro.com,OK,95a525ea6ef2c5526e8d21ab55eda628b1e34fc603fbc6c361233a7e3c2aed1f
308353,36525,Tournament A12. League 550-600,550-600,2026-09-09T17:00:21.005000+00:00,2026-09-09T11:00:21.005000-06:00,2026-09-09T19:00:21.005000+02:00,3,COMPLETED,1520,Tomas Regner,1412,Jan Steffan,0,3,1412,Jan Steffan,,,2026-09-09T17:09:39.427000+00:00,SCHEDULED_START_PLUS_DURATION,2026-09-08T17:42:04.547142+00:00,2026-09-09T17:42:04.527616+00:00,05610bddf05395a5c788683a10cfc9ed11f3a6d09920fbae5e380fb44ac3eb0c,api.league-pro.com,OK,612b086c7f8a8724eaf941fa0bb707756053027ef3db284e2bd6aa7858ce0d6f
308397,36530,Tournament A14. League 900-1000,900-1000,2026-09-09T17:00:22.421000+00:00,2026-09-09T11:00:22.421000-06:00,2026-09-09T19:00:22.421000+02:00,3,COMPLETED,1128,Radim Urbaniec,896,Michal Jezek,0,3,896,Michal Jezek,,,2026-09-09T17:10:04.915000+00:00,SCHEDULED_START_PLUS_DURATION,2026-09-08T17:42:04.547142+00:00,2026-09-09T17:42:04.527616+00:00,05610bddf05395a5c788683a10cfc9ed11f3a6d09920fbae5e380fb44ac3eb0c,api.league-pro.com,OK,aa7da2f775274ee4401ddd16c3bee80ae25ee6c27e8e088c419d111c53a6c2cc
308497,36542,Tournament A17. League 700-800,700-800,2026-09-09T17:00:25.010000+00:00,2026-09-09T11:00:25.010000-06:00,2026-09-09T19:00:25.010000+02:00,3,COMPLETED,1015,Michal Vedmoch,818,Marek Sedlak,3,1,1015,Michal Vedmoch,,,2026-09-09T17:15:48.715000+00:00,SCHEDULED_START_PLUS_DURATION,2026-09-08T17:42:04.547142+00:00,2026-09-09T17:42:04.527616+00:00,05610bddf05395a5c788683a10cfc9ed11f3a6d09920fbae5e380fb44ac3eb0c,api.league-pro.com,OK,358897ad718222b2b36795d0b53e9c6821b93d36bed7182901d7d17b5e1729c6
308473,36539,Tournament A18. League 1000-1100,1000-1100,2026-09-09T17:00:25.556000+00:00,2026-09-09T11:00:25.556000-06:00,2026-09-09T19:00:25.556000+02:00,3,COMPLETED,1804,Martin Skotnica,1796,Libor Prikasky,2,3,1796,Libor Prikasky,,,2026-09-09T17:24:38.321000+00:00,SCHEDULED_START_PLUS_DURATION,2026-09-08T17:42:04.547142+00:00,2026-09-09T17:42:04.527616+00:00,05610bddf05395a5c788683a10cfc9ed11f3a6d09920fbae5e380fb44ac3eb0c,api.league-pro.com,OK,3731c19e8af15d5e9ce955e78842d9b2834fe6d4d11b4b2f0db462d58f4245ca
308449,36536,Tournament A16. League 800-900,800-900,2026-09-09T17:15:22.761000+00:00,2026-09-09T11:15:22.761000-06:00,2026-09-09T19:15:22.761000+02:00,3,COMPLETED,1209,David Szotek,1162,Roman Hudeczek,3,0,1209,David Szotek,,,2026-09-09T17:28:32.007000+00:00,SCHEDULED_START_PLUS_DURATION,2026-09-08T17:42:04.547142+00:00,2026-09-09T17:42:04.527616+00:00,05610bddf05395a5c788683a10cfc9ed11f3a6d09920fbae5e380fb44ac3eb0c,api.league-pro.com,OK,001555dfda9e600751c9c872e8e461bfd31a8ad3c68dfdd1a1174dfeb2debef0
308354,36525,Tournament A12. League 550-600,550-600,2026-09-09T17:30:08.073000+00:00,2026-09-09T11:30:08.073000-06:00,2026-09-09T19:30:08.073000+02:00,3,COMPLETED,1635,Julius Didi,1217,Martin Stefek,2,3,1217,Martin Stefek,,,2026-09-09T17:49:25.600000+00:00,SCHEDULED_START_PLUS_DURATION,2026-09-08T17:42:04.547142+00:00,2026-09-10T05:42:01.448300+00:00,854e79e34bb5f6eae47c60658d5ce2bca1b144029e3fce847d21a8859a89862a,api.league-pro.com,OK,54c037c6ae91e0e41524daff82159a0d52e82ad0f680c2a3bac18c173f857693
308398,36530,Tournament A14. League 900-1000,900-1000,2026-09-09T17:30:09.059000+00:00,2026-09-09T11:30:09.059000-06:00,2026-09-09T19:30:09.059000+02:00,3,COMPLETED,1668,Oleksandr Kolisnyk,879,Jiri Ruzicka,0,3,879,Jiri Ruzicka,,,2026-09-09T17:42:33.221000+00:00,SCHEDULED_START_PLUS_DURATION,2026-09-08T17:42:04.547142+00:00,2026-09-10T05:42:01.448300+00:00,854e79e34bb5f6eae47c60658d5ce2bca1b144029e3fce847d21a8859a89862a,api.league-pro.com,OK,0a83eb1de97d7d2c0a35fdd41c7c1a0c4ec12a4b5255cef02bbb32965a0d63e5
308474,36539,Tournament A18. League 1000-1100,1000-1100,2026-09-09T17:30:12.254000+00:00,2026-09-09T11:30:12.254000-06:00,2026-09-09T19:30:12.254000+02:00,3,COMPLETED,1803,Matej Grundel,1283,Radovan Polasek,3,2,1803,Matej Grundel,,,2026-09-09T17:47:31.636000+00:00,SCHEDULED_START_PLUS_DURATION,2026-09-08T17:42:04.547142+00:00,2026-09-10T05:42:01.448300+00:00,854e79e34bb5f6eae47c60658d5ce2bca1b144029e3fce847d21a8859a89862a,api.league-pro.com,OK,46950396a2070fafb53a3cdad574c23ef5ec8aaaf164a0afc6278191c0ed8a13
308498,36542,Tournament A17. League 700-800,700-800,2026-09-09T17:30:15.094000+00:00,2026-09-09T11:30:15.094000-06:00,2026-09-09T19:30:15.094000+02:00,3,COMPLETED,830,Jakub Hradecky,1272,Jakub Stolfa,2,3,1272,Jakub Stolfa,,,2026-09-09T17:53:00.101000+00:00,SCHEDULED_START_PLUS_DURATION,2026-09-08T17:42:04.547142+00:00,2026-09-10T05:42:01.448300+00:00,854e79e34bb5f6eae47c60658d5ce2bca1b144029e3fce847d21a8859a89862a,api.league-pro.com,OK,451524a5b2b9642c5f80eea4e08f9169d3be049eb3a925e8c05942d0a0da3fc0
308450,36536,Tournament A16. League 800-900,800-900,2026-09-09T17:31:57.661000+00:00,2026-09-09T11:31:57.661000-06:00,2026-09-09T19:31:57.661000+02:00,3,COMPLETED,1092,Marek Holub,1827,Lukas Kern,3,2,1092,Marek Holub,,,2026-09-09T18:02:08.605000+00:00,SCHEDULED_START_PLUS_DURATION,2026-09-08T17:42:04.547142+00:00,2026-09-10T05:42:01.448300+00:00,854e79e34bb5f6eae47c60658d5ce2bca1b144029e3fce847d21a8859a89862a,api.league-pro.com,OK,07c434faf1d3abb3555501ac1b9d758a3d956f027b99ee4e328cc578efeee2d9
308499,36543,Tournament A17. League 800-900,800-900,2026-09-09T18:00:06.981000+00:00,2026-09-09T12:00:06.981000-06:00,2026-09-09T20:00:06.981000+02:00,3,COMPLETED,881,Marcel Pikous,863,Daniel Tuma,2,3,863,Daniel Tuma,,,2026-09-09T18:17:04.142000+00:00,SCHEDULED_START_PLUS_DURATION,2026-09-08T17:42:04.547142+00:00,2026-09-10T05:42:01.448300+00:00,854e79e34bb5f6eae47c60658d5ce2bca1b144029e3fce847d21a8859a89862a,api.league-pro.com,OK,5803ac0f5b9084af70efed16da43c2971ba71b19d816135326c0a3ae71acc1fa
308355,36526,Tournament A12. League 800-900,800-900,2026-09-09T18:00:10.221000+00:00,2026-09-09T12:00:10.221000-06:00,2026-09-09T20:00:10.221000+02:00,3,COMPLETED,711,Radek Rose,714,Jiri Louda,1,3,714,Jiri Louda,,,2026-09-09T18:24:42.603000+00:00,SCHEDULED_START_PLUS_DURATION,2026-09-08T17:42:04.547142+00:00,2026-09-10T05:42:01.448300+00:00,854e79e34bb5f6eae47c60658d5ce2bca1b144029e3fce847d21a8859a89862a,api.league-pro.com,OK,d41be0c8d5f384eb3a278c828563036994d7e19ef2f7ffa49465c74f09cc6efa
308519,36545,Tournament A18. League 600-700,600-700,2026-09-09T18:00:10.299000+00:00,2026-09-09T12:00:10.299000-06:00,2026-09-09T20:00:10.299000+02:00,3,COMPLETED,1724,Radim Adam,1800,Michal Koral,0,3,1800,Michal Koral,,,2026-09-09T18:12:30.088000+00:00,SCHEDULED_START_PLUS_DURATION,2026-09-08T17:42:04.547142+00:00,2026-09-10T05:42:01.448300+00:00,854e79e34bb5f6eae47c60658d5ce2bca1b144029e3fce847d21a8859a89862a,api.league-pro.com,OK,05afc38aead8434b4047b664e2cd8ec713264f6d426fb15c6bf9aee6704879a8
308399,36531,Tournament A14. League 800-900,800-900,2026-09-09T18:00:13.786000+00:00,2026-09-09T12:00:13.786000-06:00,2026-09-09T20:00:13.786000+02:00,3,COMPLETED,885,Denis Hofman,1847,Martin Skakal,2,3,1847,Martin Skakal,,,2026-09-09T18:16:58.090000+00:00,SCHEDULED_START_PLUS_DURATION,2026-09-08T17:42:04.547142+00:00,2026-09-10T05:42:01.448300+00:00,854e79e34bb5f6eae47c60658d5ce2bca1b144029e3fce847d21a8859a89862a,api.league-pro.com,OK,2304fcb08bf504a9d3e32831ebf2fb35ae22145850ba36598cfe98f9151885d2
308451,36537,Tournament A16. League 800-900,800-900,2026-09-09T18:04:36.425000+00:00,2026-09-09T12:04:36.425000-06:00,2026-09-09T20:04:36.425000+02:00,3,COMPLETED,1709,Michal Chalupa,1209,David Szotek,3,1,1709,Michal Chalupa,,,2026-09-09T18:22:21.578000+00:00,SCHEDULED_START_PLUS_DURATION,2026-09-08T17:42:04.547142+00:00,2026-09-10T05:42:01.448300+00:00,854e79e34bb5f6eae47c60658d5ce2bca1b144029e3fce847d21a8859a89862a,api.league-pro.com,OK,f0a6a7d7a96792a15fb8e34a6dd42f0b61d36273bcfe37c2fd286cac7a0bd40f
308356,36526,Tournament A12. League 800-900,800-900,2026-09-09T18:30:02.186000+00:00,2026-09-09T12:30:02.186000-06:00,2026-09-09T20:30:02.186000+02:00,3,COMPLETED,1600,Michal Vondrak,1563,Martin Sychra,3,1,1600,Michal Vondrak,,,2026-09-09T18:43:47.969000+00:00,SCHEDULED_START_PLUS_DURATION,2026-09-08T17:42:04.547142+00:00,2026-09-10T05:42:01.448300+00:00,854e79e34bb5f6eae47c60658d5ce2bca1b144029e3fce847d21a8859a89862a,api.league-pro.com,OK,71b0ca750a678d649b019d71829ab5208ba3d3453b56eab4edc30ad24ec76280
308452,36537,Tournament A16. League 800-900,800-900,2026-09-09T18:30:07.145000+00:00,2026-09-09T12:30:07.145000-06:00,2026-09-09T20:30:07.145000+02:00,3,COMPLETED,1162,Roman Hudeczek,1827,Lukas Kern,3,1,1162,Roman Hudeczek,,,2026-09-09T18:46:08.547000+00:00,SCHEDULED_START_PLUS_DURATION,2026-09-08T17:42:04.547142+00:00,2026-09-10T05:42:01.448300+00:00,854e79e34bb5f6eae47c60658d5ce2bca1b144029e3fce847d21a8859a89862a,api.league-pro.com,OK,ac61a97cc20923d482323158f1a59d769546da63f36e5c452c7bc6c0d0b43223
308500,36543,Tournament A17. League 800-900,800-900,2026-09-09T18:30:08.611000+00:00,2026-09-09T12:30:08.611000-06:00,2026-09-09T20:30:08.611000+02:00,3,COMPLETED,755,Martin Bittner,1272,Jakub Stolfa,1,3,1272,Jakub Stolfa,,,2026-09-09T18:50:03.952000+00:00,SCHEDULED_START_PLUS_DURATION,2026-09-08T17:42:04.547142+00:00,2026-09-10T05:42:01.448300+00:00,854e79e34bb5f6eae47c60658d5ce2bca1b144029e3fce847d21a8859a89862a,api.league-pro.com,OK,a1d6151b5e1df9078818187069a78e54a896d1fbc7c1674a62d24890c0979cf7
308520,36545,Tournament A18. League 600-700,600-700,2026-09-09T18:30:09.145000+00:00,2026-09-09T12:30:09.145000-06:00,2026-09-09T20:30:09.145000+02:00,3,COMPLETED,1414,Marek Blejchar,1736,Roman Guliak,3,2,1414,Marek Blejchar,,,2026-09-09T18:53:25.783000+00:00,SCHEDULED_START_PLUS_DURATION,2026-09-08T17:42:04.547142+00:00,2026-09-10T05:42:01.448300+00:00,854e79e34bb5f6eae47c60658d5ce2bca1b144029e3fce847d21a8859a89862a,api.league-pro.com,OK,3a472ed50b400cf748100a983510eeb09fe0e766bb1113262664b060c038b901
308400,36531,Tournament A14. League 800-900,800-900,2026-09-09T18:30:15.446000+00:00,2026-09-09T12:30:15.446000-06:00,2026-09-09T20:30:15.446000+02:00,3,COMPLETED,1539,Jakub Tazler,747,Milan Klement,3,2,1539,Jakub Tazler,,,2026-09-09T18:57:34.624000+00:00,SCHEDULED_START_PLUS_DURATION,2026-09-08T17:42:04.547142+00:00,2026-09-10T05:42:01.448300+00:00,854e79e34bb5f6eae47c60658d5ce2bca1b144029e3fce847d21a8859a89862a,api.league-pro.com,OK,fa17f6e5336115b7156259c85f945994a5165f9872a1933f4fa90bcd6617fb2a
308501,36543,Tournament A17. League 800-900,800-900,2026-09-09T19:00:09.125000+00:00,2026-09-09T13:00:09.125000-06:00,2026-09-09T21:00:09.125000+02:00,3,COMPLETED,863,Daniel Tuma,755,Martin Bittner,2,3,755,Martin Bittner,,,2026-09-09T19:21:06.081000+00:00,SCHEDULED_START_PLUS_DURATION,2026-09-08T17:42:04.547142+00:00,2026-09-10T05:42:01.448300+00:00,854e79e34bb5f6eae47c60658d5ce2bca1b144029e3fce847d21a8859a89862a,api.league-pro.com,OK,0752c9a38a9521f90d830074f960cd5ec9466b17f7819575b95fb1706df15ac6
308357,36526,Tournament A12. League 800-900,800-900,2026-09-09T19:00:09.868000+00:00,2026-09-09T13:00:09.868000-06:00,2026-09-09T21:00:09.868000+02:00,3,COMPLETED,714,Jiri Louda,1600,Michal Vondrak,2,3,1600,Michal Vondrak,,,2026-09-09T19:23:27.191000+00:00,SCHEDULED_START_PLUS_DURATION,2026-09-08T17:42:04.547142+00:00,2026-09-10T05:42:01.448300+00:00,854e79e34bb5f6eae47c60658d5ce2bca1b144029e3fce847d21a8859a89862a,api.league-pro.com,OK,90c43a8973b5ed571f3109bf50d0917f21835aabfd5efd85865a599d138e8e46
308521,36545,Tournament A18. League 600-700,600-700,2026-09-09T19:00:11.365000+00:00,2026-09-09T13:00:11.365000-06:00,2026-09-09T21:00:11.365000+02:00,3,COMPLETED,1800,Michal Koral,1414,Marek Blejchar,1,3,1414,Marek Blejchar,,,2026-09-09T19:18:26.754000+00:00,SCHEDULED_START_PLUS_DURATION,2026-09-08T17:42:04.547142+00:00,2026-09-10T05:42:01.448300+00:00,854e79e34bb5f6eae47c60658d5ce2bca1b144029e3fce847d21a8859a89862a,api.league-pro.com,OK,cdb412643af361d772b0311ab33f1d4ce14d97376b51dc86a9dafd9c0740ab89
308453,36537,Tournament A16. League 800-900,800-900,2026-09-09T19:00:15.434000+00:00,2026-09-09T13:00:15.434000-06:00,2026-09-09T21:00:15.434000+02:00,3,COMPLETED,1209,David Szotek,1162,Roman Hudeczek,1,3,1162,Roman Hudeczek,,,2026-09-09T19:16:35.443000+00:00,SCHEDULED_START_PLUS_DURATION,2026-09-08T17:42:04.547142+00:00,2026-09-10T05:42:01.448300+00:00,854e79e34bb5f6eae47c60658d5ce2bca1b144029e3fce847d21a8859a89862a,api.league-pro.com,OK,cb1a8d55924cedc9f25ec6d48d533ce714326873e45c2ad7fb93d2683779464a
308401,36531,Tournament A14. League 800-900,800-900,2026-09-09T19:00:56.209000+00:00,2026-09-09T13:00:56.209000-06:00,2026-09-09T21:00:56.209000+02:00,3,COMPLETED,1847,Martin Skakal,1539,Jakub Tazler,3,0,1847,Martin Skakal,,,2026-09-09T19:12:18.804000+00:00,SCHEDULED_START_PLUS_DURATION,2026-09-08T17:42:04.547142+00:00,2026-09-10T05:42:01.448300+00:00,854e79e34bb5f6eae47c60658d5ce2bca1b144029e3fce847d21a8859a89862a,api.league-pro.com,OK,75a4de8cbe059bcbca681e781771a97e5a4d3ded099cf7cf9f195b6fe4c1792c
308358,36526,Tournament A12. League 800-900,800-900,2026-09-09T19:30:02.461000+00:00,2026-09-09T13:30:02.461000-06:00,2026-09-09T21:30:02.461000+02:00,3,COMPLETED,1563,Martin Sychra,711,Radek Rose,3,1,1563,Martin Sychra,,,2026-09-09T19:56:54.978000+00:00,SCHEDULED_START_PLUS_DURATION,2026-09-08T17:42:04.547142+00:00,2026-09-10T05:42:01.448300+00:00,854e79e34bb5f6eae47c60658d5ce2bca1b144029e3fce847d21a8859a89862a,api.league-pro.com,OK,b6a0dbd4997800e6ef71a5f4e785de5693c251210f9fe2a7c3765ec2030ea35c
308502,36543,Tournament A17. League 800-900,800-900,2026-09-09T19:30:06.595000+00:00,2026-09-09T13:30:06.595000-06:00,2026-09-09T21:30:06.595000+02:00,3,COMPLETED,1272,Jakub Stolfa,881,Marcel Pikous,3,1,1272,Jakub Stolfa,,,2026-09-09T19:47:21.905000+00:00,SCHEDULED_START_PLUS_DURATION,2026-09-08T17:42:04.547142+00:00,2026-09-10T05:42:01.448300+00:00,854e79e34bb5f6eae47c60658d5ce2bca1b144029e3fce847d21a8859a89862a,api.league-pro.com,OK,14e4672c60767295443efa740468d09fd327743ba1aa88da756f23b6057f0f57
308454,36537,Tournament A16. League 800-900,800-900,2026-09-09T19:30:06.968000+00:00,2026-09-09T13:30:06.968000-06:00,2026-09-09T21:30:06.968000+02:00,3,COMPLETED,1827,Lukas Kern,1709,Michal Chalupa,0,3,1709,Michal Chalupa,,,2026-09-09T19:47:00.768000+00:00,SCHEDULED_START_PLUS_DURATION,2026-09-08T17:42:04.547142+00:00,2026-09-10T05:42:01.448300+00:00,854e79e34bb5f6eae47c60658d5ce2bca1b144029e3fce847d21a8859a89862a,api.league-pro.com,OK,b52314602266cdc8714a01b62951fb7bbd7fab8db94eb0a749844645bd4226d1
308522,36545,Tournament A18. League 600-700,600-700,2026-09-09T19:30:11.173000+00:00,2026-09-09T13:30:11.173000-06:00,2026-09-09T21:30:11.173000+02:00,3,COMPLETED,1736,Roman Guliak,1724,Radim Adam,2,3,1724,Radim Adam,,,2026-09-09T19:54:17.038000+00:00,SCHEDULED_START_PLUS_DURATION,2026-09-08T17:42:04.547142+00:00,2026-09-10T05:42:01.448300+00:00,854e79e34bb5f6eae47c60658d5ce2bca1b144029e3fce847d21a8859a89862a,api.league-pro.com,OK,eb7d6e91a12312bfd77ff5eccbe6ccd1ef01cad3744e05e0e3e8ba97a14d9abd
308402,36531,Tournament A14. League 800-900,800-900,2026-09-09T19:30:17.794000+00:00,2026-09-09T13:30:17.794000-06:00,2026-09-09T21:30:17.794000+02:00,3,COMPLETED,747,Milan Klement,885,Denis Hofman,3,0,747,Milan Klement,,,2026-09-09T19:42:40.376000+00:00,SCHEDULED_START_PLUS_DURATION,2026-09-08T17:42:04.547142+00:00,2026-09-10T05:42:01.448300+00:00,854e79e34bb5f6eae47c60658d5ce2bca1b144029e3fce847d21a8859a89862a,api.league-pro.com,OK,0951e7f6d9fb4df0375425f930d573a6c25aaa401639a4abeaa44ffdbb893cc3
308503,36543,Tournament A17. League 800-900,800-900,2026-09-09T20:00:08.669000+00:00,2026-09-09T14:00:08.669000-06:00,2026-09-09T22:00:08.669000+02:00,3,COMPLETED,881,Marcel Pikous,755,Martin Bittner,1,3,755,Martin Bittner,,,2026-09-09T20:18:58.992000+00:00,SCHEDULED_START_PLUS_DURATION,2026-09-08T17:42:04.547142+00:00,2026-09-10T05:42:01.448300+00:00,854e79e34bb5f6eae47c60658d5ce2bca1b144029e3fce847d21a8859a89862a,api.league-pro.com,OK,29634b888238b3c6ee602b1607497c4f8d8ffc6b5d73debf8722c0599d7f2b8c
308455,36537,Tournament A16. League 800-900,800-900,2026-09-09T20:00:09.871000+00:00,2026-09-09T14:00:09.871000-06:00,2026-09-09T22:00:09.871000+02:00,3,COMPLETED,1709,Michal Chalupa,1162,Roman Hudeczek,3,2,1709,Michal Chalupa,,,2026-09-09T20:25:49.124000+00:00,SCHEDULED_START_PLUS_DURATION,2026-09-08T17:42:04.547142+00:00,2026-09-10T05:42:01.448300+00:00,854e79e34bb5f6eae47c60658d5ce2bca1b144029e3fce847d21a8859a89862a,api.league-pro.com,OK,3b79f01f2641a1c0e017b4f3e0c4809547d76c5cb5e3b029564f76bd231e104e
308523,36545,Tournament A18. League 600-700,600-700,2026-09-09T20:00:10.692000+00:00,2026-09-09T14:00:10.692000-06:00,2026-09-09T22:00:10.692000+02:00,3,COMPLETED,1724,Radim Adam,1414,Marek Blejchar,3,1,1724,Radim Adam,,,2026-09-09T20:18:15.253000+00:00,SCHEDULED_START_PLUS_DURATION,2026-09-08T17:42:04.547142+00:00,2026-09-10T05:42:01.448300+00:00,854e79e34bb5f6eae47c60658d5ce2bca1b144029e3fce847d21a8859a89862a,api.league-pro.com,OK,36bb8f407183412dc5a9f7542624738f907cbd37114ae38d1e99e67cd781d825
308403,36531,Tournament A14. League 800-900,800-900,2026-09-09T20:00:19.422000+00:00,2026-09-09T14:00:19.422000-06:00,2026-09-09T22:00:19.422000+02:00,3,COMPLETED,885,Denis Hofman,1539,Jakub Tazler,0,3,1539,Jakub Tazler,,,2026-09-09T20:13:24.463000+00:00,SCHEDULED_START_PLUS_DURATION,2026-09-08T17:42:04.547142+00:00,2026-09-10T05:42:01.448300+00:00,854e79e34bb5f6eae47c60658d5ce2bca1b144029e3fce847d21a8859a89862a,api.league-pro.com,OK,97401177d71231a9afe79c1cdb658f8601c20ca76e78204fe70d3f33ee9093cc
308359,36526,Tournament A12. League 800-900,800-900,2026-09-09T20:00:23.398000+00:00,2026-09-09T14:00:23.398000-06:00,2026-09-09T22:00:23.398000+02:00,3,COMPLETED,711,Radek Rose,1600,Michal Vondrak,3,0,711,Radek Rose,,,2026-09-09T20:12:41.650000+00:00,SCHEDULED_START_PLUS_DURATION,2026-09-08T17:42:04.547142+00:00,2026-09-10T05:42:01.448300+00:00,854e79e34bb5f6eae47c60658d5ce2bca1b144029e3fce847d21a8859a89862a,api.league-pro.com,OK,74d43873f2246f82cf7a155cf2922c469c333723dc8f44cc6385df4332fb47e5
308404,36531,Tournament A14. League 800-900,800-900,2026-09-09T20:30:07.238000+00:00,2026-09-09T14:30:07.238000-06:00,2026-09-09T22:30:07.238000+02:00,3,COMPLETED,1847,Martin Skakal,747,Milan Klement,3,1,1847,Martin Skakal,,,2026-09-09T20:47:22.491000+00:00,SCHEDULED_START_PLUS_DURATION,2026-09-08T17:42:04.547142+00:00,2026-09-10T05:42:01.448300+00:00,854e79e34bb5f6eae47c60658d5ce2bca1b144029e3fce847d21a8859a89862a,api.league-pro.com,OK,7168d25235dd8686fafa25a5e087fd0aa1829f36c7e6a207949000887564cce2
308456,36537,Tournament A16. League 800-900,800-900,2026-09-09T20:30:07.601000+00:00,2026-09-09T14:30:07.601000-06:00,2026-09-09T22:30:07.601000+02:00,3,COMPLETED,1209,David Szotek,1827,Lukas Kern,1,3,1827,Lukas Kern,,,2026-09-09T20:44:15.864000+00:00,SCHEDULED_START_PLUS_DURATION,2026-09-08T17:42:04.547142+00:00,2026-09-10T05:42:01.448300+00:00,854e79e34bb5f6eae47c60658d5ce2bca1b144029e3fce847d21a8859a89862a,api.league-pro.com,OK,8eacd3b2786b6a0b6078fe23b45a5bdfbba3ee64b80b13d10ae14b3f006dadf2
308360,36526,Tournament A12. League 800-900,800-900,2026-09-09T20:30:10.048000+00:00,2026-09-09T14:30:10.048000-06:00,2026-09-09T22:30:10.048000+02:00,3,COMPLETED,714,Jiri Louda,1563,Martin Sychra,3,1,714,Jiri Louda,,,2026-09-09T20:48:27.454000+00:00,SCHEDULED_START_PLUS_DURATION,2026-09-08T17:42:04.547142+00:00,2026-09-10T05:42:01.448300+00:00,854e79e34bb5f6eae47c60658d5ce2bca1b144029e3fce847d21a8859a89862a,api.league-pro.com,OK,a5b6f35dbf99e53b3e1472f8eee76cd3f7c92d394e7fbe53ee11b615b2a0d428
308524,36545,Tournament A18. League 600-700,600-700,2026-09-09T20:30:10.474000+00:00,2026-09-09T14:30:10.474000-06:00,2026-09-09T22:30:10.474000+02:00,3,COMPLETED,1800,Michal Koral,1736,Roman Guliak,3,1,1800,Michal Koral,,,2026-09-09T20:48:51.579000+00:00,SCHEDULED_START_PLUS_DURATION,2026-09-08T17:42:04.547142+00:00,2026-09-10T05:42:01.448300+00:00,854e79e34bb5f6eae47c60658d5ce2bca1b144029e3fce847d21a8859a89862a,api.league-pro.com,OK,5a266ce31667f63680eb3b6cbe9413b3d53a37ee40f1ece291d091f0605b2778
308504,36543,Tournament A17. League 800-900,800-900,2026-09-09T20:30:10.964000+00:00,2026-09-09T14:30:10.964000-06:00,2026-09-09T22:30:10.964000+02:00,3,COMPLETED,863,Daniel Tuma,1272,Jakub Stolfa,1,3,1272,Jakub Stolfa,,,2026-09-09T20:44:46.970000+00:00,SCHEDULED_START_PLUS_DURATION,2026-09-08T17:42:04.547142+00:00,2026-09-10T05:42:01.448300+00:00,854e79e34bb5f6eae47c60658d5ce2bca1b144029e3fce847d21a8859a89862a,api.league-pro.com,OK,c831ab5ae422a5dc880a36226cf1155e9d0f2ebf665313a4d653a8c0e2c067a2
308505,36543,Tournament A17. League 800-900,800-900,2026-09-09T21:00:18.128000+00:00,2026-09-09T15:00:18.128000-06:00,2026-09-09T23:00:18.128000+02:00,3,COMPLETED,863,Daniel Tuma,881,Marcel Pikous,0,3,881,Marcel Pikous,,,2026-09-09T21:10:34.940000+00:00,SCHEDULED_START_PLUS_DURATION,2026-09-08T17:42:04.547142+00:00,2026-09-10T05:42:01.448300+00:00,854e79e34bb5f6eae47c60658d5ce2bca1b144029e3fce847d21a8859a89862a,api.league-pro.com,OK,03d6d945ff33ea92db9ab0c048646d9d10a7a64171eae60018a9a8934ac70afd
308457,36537,Tournament A16. League 800-900,800-900,2026-09-09T21:00:18.414000+00:00,2026-09-09T15:00:18.414000-06:00,2026-09-09T23:00:18.414000+02:00,3,COMPLETED,1827,Lukas Kern,1209,David Szotek,0,3,1209,David Szotek,,,2026-09-09T21:14:22.410000+00:00,SCHEDULED_START_PLUS_DURATION,2026-09-08T17:42:04.547142+00:00,2026-09-10T05:42:01.448300+00:00,854e79e34bb5f6eae47c60658d5ce2bca1b144029e3fce847d21a8859a89862a,api.league-pro.com,OK,36b81fd1c8e45bc6271f79ed1a3f05467568ce3175a82fcfa893b88a10452b20
308405,36531,Tournament A14. League 800-900,800-900,2026-09-09T21:00:19.344000+00:00,2026-09-09T15:00:19.344000-06:00,2026-09-09T23:00:19.344000+02:00,3,COMPLETED,747,Milan Klement,885,Denis Hofman,2,3,885,Denis Hofman,,,2026-09-09T21:21:42.858000+00:00,SCHEDULED_START_PLUS_DURATION,2026-09-08T17:42:04.547142+00:00,2026-09-10T05:42:01.448300+00:00,854e79e34bb5f6eae47c60658d5ce2bca1b144029e3fce847d21a8859a89862a,api.league-pro.com,OK,3a840f2545cc9ccd4240c311c25a4a5e4b2200f590cd19d57092a7eca539a4dd
308361,36526,Tournament A12. League 800-900,800-900,2026-09-09T21:00:19.360000+00:00,2026-09-09T15:00:19.360000-06:00,2026-09-09T23:00:19.360000+02:00,3,COMPLETED,711,Radek Rose,1563,Martin Sychra,3,2,711,Radek Rose,,,2026-09-09T21:20:46.579000+00:00,SCHEDULED_START_PLUS_DURATION,2026-09-08T17:42:04.547142+00:00,2026-09-10T05:42:01.448300+00:00,854e79e34bb5f6eae47c60658d5ce2bca1b144029e3fce847d21a8859a89862a,api.league-pro.com,OK,d9c5c08d872286433cf24c549ebf184c8c622bc1616daaeaa193fc3e9f3e7d9e
308525,36545,Tournament A18. League 600-700,600-700,2026-09-09T21:00:21.746000+00:00,2026-09-09T15:00:21.746000-06:00,2026-09-09T23:00:21.746000+02:00,3,COMPLETED,1724,Radim Adam,1736,Roman Guliak,3,0,1724,Radim Adam,,,2026-09-09T21:15:40.340000+00:00,SCHEDULED_START_PLUS_DURATION,2026-09-08T17:42:04.547142+00:00,2026-09-10T05:42:01.448300+00:00,854e79e34bb5f6eae47c60658d5ce2bca1b144029e3fce847d21a8859a89862a,api.league-pro.com,OK,a4ee46f1b3070a6b27137cfdc7677dd6f7b0ad3986550a56cf87b0edd711eeff
308362,36526,Tournament A12. League 800-900,800-900,2026-09-09T21:30:04.198000+00:00,2026-09-09T15:30:04.198000-06:00,2026-09-09T23:30:04.198000+02:00,3,COMPLETED,714,Jiri Louda,1600,Michal Vondrak,3,1,714,Jiri Louda,,,2026-09-09T21:48:49.941000+00:00,SCHEDULED_START_PLUS_DURATION,2026-09-08T17:42:04.547142+00:00,2026-09-10T05:42:01.448300+00:00,854e79e34bb5f6eae47c60658d5ce2bca1b144029e3fce847d21a8859a89862a,api.league-pro.com,OK,0e531bff7c84e6359ed28bed533e44d6b1fa3c31a9b8491c7e65e022da6812ee
308458,36537,Tournament A16. League 800-900,800-900,2026-09-09T21:30:08.140000+00:00,2026-09-09T15:30:08.140000-06:00,2026-09-09T23:30:08.140000+02:00,3,COMPLETED,1709,Michal Chalupa,1162,Roman Hudeczek,3,1,1709,Michal Chalupa,,,2026-09-09T21:51:43.784000+00:00,SCHEDULED_START_PLUS_DURATION,2026-09-08T17:42:04.547142+00:00,2026-09-10T05:42:01.448300+00:00,854e79e34bb5f6eae47c60658d5ce2bca1b144029e3fce847d21a8859a89862a,api.league-pro.com,OK,a9aa4f2b1fb39712a35a5687171f7606550d721c59f98a4577bcb51e69d522c2
308506,36543,Tournament A17. League 800-900,800-900,2026-09-09T21:30:09.508000+00:00,2026-09-09T15:30:09.508000-06:00,2026-09-09T23:30:09.508000+02:00,3,COMPLETED,1272,Jakub Stolfa,755,Martin Bittner,3,0,1272,Jakub Stolfa,,,2026-09-09T21:44:20.060000+00:00,SCHEDULED_START_PLUS_DURATION,2026-09-08T17:42:04.547142+00:00,2026-09-10T05:42:01.448300+00:00,854e79e34bb5f6eae47c60658d5ce2bca1b144029e3fce847d21a8859a89862a,api.league-pro.com,OK,34cedae215cf1f491a397b7a058bd64ef02c62f8e54f9bf9b3b4056f922555c8
308526,36545,Tournament A18. League 600-700,600-700,2026-09-09T21:30:10.475000+00:00,2026-09-09T15:30:10.475000-06:00,2026-09-09T23:30:10.475000+02:00,3,COMPLETED,1800,Michal Koral,1414,Marek Blejchar,0,3,1414,Marek Blejchar,,,2026-09-09T21:42:32.658000+00:00,SCHEDULED_START_PLUS_DURATION,2026-09-08T17:42:04.547142+00:00,2026-09-10T05:42:01.448300+00:00,854e79e34bb5f6eae47c60658d5ce2bca1b144029e3fce847d21a8859a89862a,api.league-pro.com,OK,29a6cc097389b58ac56590d9fb4c5cc987939823b126feb1fd6556a26e513700
308406,36531,Tournament A14. League 800-900,800-900,2026-09-09T21:30:13.154000+00:00,2026-09-09T15:30:13.154000-06:00,2026-09-09T23:30:13.154000+02:00,3,COMPLETED,1847,Martin Skakal,1539,Jakub Tazler,0,3,1539,Jakub Tazler,,,2026-09-09T21:42:53.034000+00:00,SCHEDULED_START_PLUS_DURATION,2026-09-08T17:42:04.547142+00:00,2026-09-10T05:42:01.448300+00:00,854e79e34bb5f6eae47c60658d5ce2bca1b144029e3fce847d21a8859a89862a,api.league-pro.com,OK,e892bd9ff71f7d4fc566cc1515827c50ac674571090ae8f870bdaa238f88efef
308407,36532,Tournament A14. League 800-900,800-900,2026-09-09T22:00:02.194000+00:00,2026-09-09T16:00:02.194000-06:00,2026-09-10T00:00:02.194000+02:00,3,COMPLETED,881,Marcel Pikous,809,Michal Regner,3,0,881,Marcel Pikous,,,2026-09-09T22:21:18.909000+00:00,SCHEDULED_START_PLUS_DURATION,2026-09-09T17:42:04.527616+00:00,2026-09-10T05:42:01.448300+00:00,854e79e34bb5f6eae47c60658d5ce2bca1b144029e3fce847d21a8859a89862a,api.league-pro.com,OK,c9350dd68ce45ab8fbc5bdf91d51dc326338caae756c53475716ff5bce527f77
308363,36527,Tournament A12. League 900-1000,900-1000,2026-09-09T22:00:09.981000+00:00,2026-09-09T16:00:09.981000-06:00,2026-09-10T00:00:09.981000+02:00,3,COMPLETED,1093,Sebastian Kasnik,1873,Mark Wagner,2,3,1873,Mark Wagner,,,2026-09-09T22:20:48.133000+00:00,SCHEDULED_START_PLUS_DURATION,2026-09-09T17:42:04.527616+00:00,2026-09-10T05:42:01.448300+00:00,854e79e34bb5f6eae47c60658d5ce2bca1b144029e3fce847d21a8859a89862a,api.league-pro.com,OK,d5a776364a9f9002dddacf35144fb1279088de772e6d44f6e1d62fa24b41649a
308507,36544,Tournament A17. League 700-800,700-800,2026-09-09T22:00:10.422000+00:00,2026-09-09T16:00:10.422000-06:00,2026-09-10T00:00:10.422000+02:00,3,COMPLETED,1015,Michal Vedmoch,903,Daniel Kouble,3,0,1015,Michal Vedmoch,,,2026-09-09T22:10:25.518000+00:00,SCHEDULED_START_PLUS_DURATION,2026-09-09T17:42:04.527616+00:00,2026-09-10T05:42:01.448300+00:00,854e79e34bb5f6eae47c60658d5ce2bca1b144029e3fce847d21a8859a89862a,api.league-pro.com,OK,5d04e647e090449a280b062dd21cba183a53e1ec3dc05eadb45a145d624c0013
308408,36532,Tournament A14. League 800-900,800-900,2026-09-09T22:30:01.090000+00:00,2026-09-09T16:30:01.090000-06:00,2026-09-10T00:30:01.090000+02:00,3,COMPLETED,1539,Jakub Tazler,1847,Martin Skakal,1,3,1847,Martin Skakal,,,2026-09-09T22:50:52.833000+00:00,SCHEDULED_START_PLUS_DURATION,2026-09-09T17:42:04.527616+00:00,2026-09-10T05:42:01.448300+00:00,854e79e34bb5f6eae47c60658d5ce2bca1b144029e3fce847d21a8859a89862a,api.league-pro.com,OK,302fc3c83c8a463d0300a23839d31198abefe74f8bea1b63dccb2ce0696c5f87
308364,36527,Tournament A12. League 900-1000,900-1000,2026-09-09T22:30:14.929000+00:00,2026-09-09T16:30:14.929000-06:00,2026-09-10T00:30:14.929000+02:00,3,COMPLETED,1324,Ondrej Svacha,1128,Radim Urbaniec,0,3,1128,Radim Urbaniec,,,2026-09-09T22:40:10.913000+00:00,SCHEDULED_START_PLUS_DURATION,2026-09-09T17:42:04.527616+00:00,2026-09-10T05:42:01.448300+00:00,854e79e34bb5f6eae47c60658d5ce2bca1b144029e3fce847d21a8859a89862a,api.league-pro.com,OK,f61258f2cea70536513410f97f6be85b2d7c5a6c57c388fa2b45ca161c4e417d
308508,36544,Tournament A17. League 700-800,700-800,2026-09-09T22:30:15.449000+00:00,2026-09-09T16:30:15.449000-06:00,2026-09-10T00:30:15.449000+02:00,3,COMPLETED,925,Vladimir Cermak,1403,Ales Hlawatschke,3,1,925,Vladimir Cermak,,,2026-09-09T22:47:18.206000+00:00,SCHEDULED_START_PLUS_DURATION,2026-09-09T17:42:04.527616+00:00,2026-09-10T05:42:01.448300+00:00,854e79e34bb5f6eae47c60658d5ce2bca1b144029e3fce847d21a8859a89862a,api.league-pro.com,OK,25eb1ceac664a37bef034da5e0b5571f0359302644ea85d3a3b8cc65a524b160
308409,36532,Tournament A14. League 800-900,800-900,2026-09-09T22:59:41.603000+00:00,2026-09-09T16:59:41.603000-06:00,2026-09-10T00:59:41.603000+02:00,3,COMPLETED,809,Michal Regner,1563,Martin Sychra,3,0,809,Michal Regner,,,2026-09-09T23:14:19.381000+00:00,SCHEDULED_START_PLUS_DURATION,2026-09-09T17:42:04.527616+00:00,2026-09-10T05:42:01.448300+00:00,854e79e34bb5f6eae47c60658d5ce2bca1b144029e3fce847d21a8859a89862a,api.league-pro.com,OK,70ccb85dacebf5b5dc595ccb219f0924e6a281dd4d6e06ab6f100a93206e689b
308509,36544,Tournament A17. League 700-800,700-800,2026-09-09T23:00:07.063000+00:00,2026-09-09T17:00:07.063000-06:00,2026-09-10T01:00:07.063000+02:00,3,COMPLETED,903,Daniel Kouble,830,Jakub Hradecky,1,3,830,Jakub Hradecky,,,2026-09-09T23:15:37.103000+00:00,SCHEDULED_START_PLUS_DURATION,2026-09-09T17:42:04.527616+00:00,2026-09-10T05:42:01.448300+00:00,854e79e34bb5f6eae47c60658d5ce2bca1b144029e3fce847d21a8859a89862a,api.league-pro.com,OK,0306400abf7029c405b74ac477fd7247e53fbb333209a587f991914008c00563
308365,36527,Tournament A12. League 900-1000,900-1000,2026-09-09T23:00:09.334000+00:00,2026-09-09T17:00:09.334000-06:00,2026-09-10T01:00:09.334000+02:00,3,COMPLETED,1873,Mark Wagner,879,Jiri Ruzicka,1,3,879,Jiri Ruzicka,,,2026-09-09T23:18:45.025000+00:00,SCHEDULED_START_PLUS_DURATION,2026-09-09T17:42:04.527616+00:00,2026-09-10T05:42:01.448300+00:00,854e79e34bb5f6eae47c60658d5ce2bca1b144029e3fce847d21a8859a89862a,api.league-pro.com,OK,4068b91d31488756146eebd727e12a27951cf0024d19d35ad983f7b5d6850714
308510,36544,Tournament A17. League 700-800,700-800,2026-09-09T23:30:09.290000+00:00,2026-09-09T17:30:09.290000-06:00,2026-09-10T01:30:09.290000+02:00,3,COMPLETED,1015,Michal Vedmoch,925,Vladimir Cermak,1,3,925,Vladimir Cermak,,,2026-09-09T23:48:28.346000+00:00,SCHEDULED_START_PLUS_DURATION,2026-09-09T17:42:04.527616+00:00,2026-09-10T05:42:01.448300+00:00,854e79e34bb5f6eae47c60658d5ce2bca1b144029e3fce847d21a8859a89862a,api.league-pro.com,OK,1e2f57619033beb6e3fd5a177eb5ca2944e09606ee85bbb4399fd5affacf7bf3
308366,36527,Tournament A12. League 900-1000,900-1000,2026-09-09T23:30:20.133000+00:00,2026-09-09T17:30:20.133000-06:00,2026-09-10T01:30:20.133000+02:00,3,COMPLETED,1093,Sebastian Kasnik,1324,Ondrej Svacha,3,1,1093,Sebastian Kasnik,,,2026-09-09T23:47:57.338000+00:00,SCHEDULED_START_PLUS_DURATION,2026-09-09T17:42:04.527616+00:00,2026-09-10T05:42:01.448300+00:00,854e79e34bb5f6eae47c60658d5ce2bca1b144029e3fce847d21a8859a89862a,api.league-pro.com,OK,e3b45d8270b540faa6785e01e4daebe6ed1278f1f270f99a21b0f86a08bfe894
308410,36532,Tournament A14. League 800-900,800-900,2026-09-09T23:30:20.783000+00:00,2026-09-09T17:30:20.783000-06:00,2026-09-10T01:30:20.783000+02:00,3,COMPLETED,881,Marcel Pikous,1539,Jakub Tazler,0,3,1539,Jakub Tazler,,,2026-09-09T23:42:52.910000+00:00,SCHEDULED_START_PLUS_DURATION,2026-09-09T17:42:04.527616+00:00,2026-09-10T05:42:01.448300+00:00,854e79e34bb5f6eae47c60658d5ce2bca1b144029e3fce847d21a8859a89862a,api.league-pro.com,OK,737e9b0ed79647934f16e4b7df5cf5ccebf11ea8043994a63f8b09ae6cbab1bb
308411,36532,Tournament A14. League 800-900,800-900,2026-09-09T23:59:59.956000+00:00,2026-09-09T17:59:59.956000-06:00,2026-09-10T01:59:59.956000+02:00,3,COMPLETED,1563,Martin Sychra,1847,Martin Skakal,3,0,1563,Martin Sychra,,,2026-09-10T00:12:56.964000+00:00,SCHEDULED_START_PLUS_DURATION,2026-09-09T17:42:04.527616+00:00,2026-09-10T05:42:01.448300+00:00,854e79e34bb5f6eae47c60658d5ce2bca1b144029e3fce847d21a8859a89862a,api.league-pro.com,OK,9e5e53755c6b4cb273af265d726c623e4d3a29ad1cbd0dcd8c4de3fa010db0e1
