match_id,tournament_id,tournament_name,league_band,scheduled_start_utc,scheduled_start_mountain,scheduled_start_prague,official_status,normalized_status,player_1_id,player_1_name,player_2_id,player_2_name,player_1_sets,player_2_sets,winner_player_id,winner_player_name,set_scores,completed_at_utc,calculated_finish_utc,calculated_finish_method,first_seen_at_utc,last_changed_at_utc,source_snapshot_id,source,data_quality,content_hash
309935,36711,Tournament A12. League 900-1000,900-1000,2026-09-18T00:00:02.125000+00:00,2026-09-17T18:00:02.125000-06:00,2026-09-18T02:00:02.125000+02:00,3,COMPLETED,826,Ales Barton,1839,Jan Simecek,3,2,826,Ales Barton,,,2026-09-18T00:29:35.447000+00:00,SCHEDULED_START_PLUS_DURATION,2026-09-17T17:42:04.552892+00:00,2026-09-18T05:42:04.547206+00:00,92a0949d04b1f6f8455f7e51cb7e1a95f42bbc4c6519cfb4cd91c116dee73d5d,api.league-pro.com,OK,5f656d81a50437ab5e551c999d089b64e8fc2fcd0eb262b102d1fc7e1da1912e
310087,36729,Tournament A17. League 700-800,700-800,2026-09-18T00:00:10.084000+00:00,2026-09-17T18:00:10.084000-06:00,2026-09-18T02:00:10.084000+02:00,3,COMPLETED,863,Daniel Tuma,1421,Richard Krejci,0,3,1421,Richard Krejci,,,2026-09-18T00:14:54.244000+00:00,SCHEDULED_START_PLUS_DURATION,2026-09-17T17:42:04.552892+00:00,2026-09-18T05:42:04.547206+00:00,92a0949d04b1f6f8455f7e51cb7e1a95f42bbc4c6519cfb4cd91c116dee73d5d,api.league-pro.com,OK,02b62533b7173bd5633344e068b4ee43ccfaf10e9e6c01d7fe1130c38b81f109
309979,36716,Tournament A14. League 800-900,800-900,2026-09-18T00:00:13.005000+00:00,2026-09-17T18:00:13.005000-06:00,2026-09-18T02:00:13.005000+02:00,3,COMPLETED,809,Michal Regner,747,Milan Klement,2,3,747,Milan Klement,,,2026-09-18T00:25:09.414000+00:00,SCHEDULED_START_PLUS_DURATION,2026-09-17T17:42:04.552892+00:00,2026-09-18T05:42:04.547206+00:00,92a0949d04b1f6f8455f7e51cb7e1a95f42bbc4c6519cfb4cd91c116dee73d5d,api.league-pro.com,OK,96e89b747e269092d03a66437a785073d43120adfe4fc790b7d5cb2465d053e9
309980,36716,Tournament A14. League 800-900,800-900,2026-09-18T00:30:16.819000+00:00,2026-09-17T18:30:16.819000-06:00,2026-09-18T02:30:16.819000+02:00,3,COMPLETED,1561,Tomas Franek,1582,Viktor Vejvoda,3,1,1561,Tomas Franek,,,2026-09-18T00:45:35.853000+00:00,SCHEDULED_START_PLUS_DURATION,2026-09-17T17:42:04.552892+00:00,2026-09-18T05:42:04.547206+00:00,92a0949d04b1f6f8455f7e51cb7e1a95f42bbc4c6519cfb4cd91c116dee73d5d,api.league-pro.com,OK,10935d6cdaab7300fc9be846f80674b5148de03211a16fe24cf4743d0485f39e
310088,36729,Tournament A17. League 700-800,700-800,2026-09-18T00:30:26.448000+00:00,2026-09-17T18:30:26.448000-06:00,2026-09-18T02:30:26.448000+02:00,3,COMPLETED,756,Frantisek Just,925,Vladimir Cermak,1,3,925,Vladimir Cermak,,,2026-09-18T00:50:21.011000+00:00,SCHEDULED_START_PLUS_DURATION,2026-09-17T17:42:04.552892+00:00,2026-09-18T05:42:04.547206+00:00,92a0949d04b1f6f8455f7e51cb7e1a95f42bbc4c6519cfb4cd91c116dee73d5d,api.league-pro.com,OK,ea6cbed821fcd3c6361f52049f28a738bb4e6b0b7d93229f53ac31c3807e08ad
309936,36711,Tournament A12. League 900-1000,900-1000,2026-09-18T00:32:36.400000+00:00,2026-09-17T18:32:36.400000-06:00,2026-09-18T02:32:36.400000+02:00,3,COMPLETED,1873,Mark Wagner,879,Jiri Ruzicka,3,0,1873,Mark Wagner,,,2026-09-18T00:45:39.179000+00:00,SCHEDULED_START_PLUS_DURATION,2026-09-17T17:42:04.552892+00:00,2026-09-18T05:42:04.547206+00:00,92a0949d04b1f6f8455f7e51cb7e1a95f42bbc4c6519cfb4cd91c116dee73d5d,api.league-pro.com,OK,c1c8d794372c8c6d2c47f57adc0022ac25e26340b820fc780fb50b77362065f5
309937,36711,Tournament A12. League 900-1000,900-1000,2026-09-18T01:00:04.566000+00:00,2026-09-17T19:00:04.566000-06:00,2026-09-18T03:00:04.566000+02:00,3,COMPLETED,1839,Jan Simecek,1668,Oleksandr Kolisnyk,1,3,1668,Oleksandr Kolisnyk,,,2026-09-18T01:17:15.115000+00:00,SCHEDULED_START_PLUS_DURATION,2026-09-17T17:42:04.552892+00:00,2026-09-18T05:42:04.547206+00:00,92a0949d04b1f6f8455f7e51cb7e1a95f42bbc4c6519cfb4cd91c116dee73d5d,api.league-pro.com,OK,19b069738febd78258624fc57fd70452bca753e2f490255db7d874a2623a7a13
309981,36716,Tournament A14. League 800-900,800-900,2026-09-18T01:00:09.671000+00:00,2026-09-17T19:00:09.671000-06:00,2026-09-18T03:00:09.671000+02:00,3,COMPLETED,747,Milan Klement,1847,Martin Skakal,3,2,747,Milan Klement,,,2026-09-18T01:24:06.129000+00:00,SCHEDULED_START_PLUS_DURATION,2026-09-17T17:42:04.552892+00:00,2026-09-18T05:42:04.547206+00:00,92a0949d04b1f6f8455f7e51cb7e1a95f42bbc4c6519cfb4cd91c116dee73d5d,api.league-pro.com,OK,972879f46d3fedbe031d90e327442b132b6ce7f82a9db6d2e454b2f8234d876a
310089,36729,Tournament A17. League 700-800,700-800,2026-09-18T01:00:13.352000+00:00,2026-09-17T19:00:13.352000-06:00,2026-09-18T03:00:13.352000+02:00,3,COMPLETED,1421,Richard Krejci,1403,Ales Hlawatschke,2,3,1403,Ales Hlawatschke,,,2026-09-18T01:21:14.921000+00:00,SCHEDULED_START_PLUS_DURATION,2026-09-17T17:42:04.552892+00:00,2026-09-18T05:42:04.547206+00:00,92a0949d04b1f6f8455f7e51cb7e1a95f42bbc4c6519cfb4cd91c116dee73d5d,api.league-pro.com,OK,658195f7de2f9bd26b8c5071fb466c4b51cfd5f2a2f36e1f7fe3dea00c0ab68c
309982,36716,Tournament A14. League 800-900,800-900,2026-09-18T01:30:08.813000+00:00,2026-09-17T19:30:08.813000-06:00,2026-09-18T03:30:08.813000+02:00,3,COMPLETED,1582,Viktor Vejvoda,809,Michal Regner,3,0,1582,Viktor Vejvoda,,,2026-09-18T01:42:05.430000+00:00,SCHEDULED_START_PLUS_DURATION,2026-09-17T17:42:04.552892+00:00,2026-09-18T05:42:04.547206+00:00,92a0949d04b1f6f8455f7e51cb7e1a95f42bbc4c6519cfb4cd91c116dee73d5d,api.league-pro.com,OK,ba9cf8ca63fffdc5dcbb1fd08e8d2a9b46253b6a139af433f2fbe0d35e9017d3
310090,36729,Tournament A17. League 700-800,700-800,2026-09-18T01:30:42.927000+00:00,2026-09-17T19:30:42.927000-06:00,2026-09-18T03:30:42.927000+02:00,3,COMPLETED,925,Vladimir Cermak,863,Daniel Tuma,3,1,925,Vladimir Cermak,,,2026-09-18T01:47:21.577000+00:00,SCHEDULED_START_PLUS_DURATION,2026-09-17T17:42:04.552892+00:00,2026-09-18T05:42:04.547206+00:00,92a0949d04b1f6f8455f7e51cb7e1a95f42bbc4c6519cfb4cd91c116dee73d5d,api.league-pro.com,OK,b00166ca9836a59ce0c36ce908cf75455e6f37985d38d5c8a422cd8524840dfd
309938,36711,Tournament A12. League 900-1000,900-1000,2026-09-18T01:30:45.802000+00:00,2026-09-17T19:30:45.802000-06:00,2026-09-18T03:30:45.802000+02:00,3,COMPLETED,879,Jiri Ruzicka,826,Ales Barton,3,2,879,Jiri Ruzicka,,,2026-09-18T01:58:40.895000+00:00,SCHEDULED_START_PLUS_DURATION,2026-09-17T17:42:04.552892+00:00,2026-09-18T05:42:04.547206+00:00,92a0949d04b1f6f8455f7e51cb7e1a95f42bbc4c6519cfb4cd91c116dee73d5d,api.league-pro.com,OK,78efdf855e8b7cf916dc317ceb9424e0248e6b98e4c49a47ff2db7c4fcff394f
309983,36716,Tournament A14. League 800-900,800-900,2026-09-18T02:00:07.732000+00:00,2026-09-17T20:00:07.732000-06:00,2026-09-18T04:00:07.732000+02:00,3,COMPLETED,747,Milan Klement,1561,Tomas Franek,3,0,747,Milan Klement,,,2026-09-18T02:11:11.828000+00:00,SCHEDULED_START_PLUS_DURATION,2026-09-17T17:42:04.552892+00:00,2026-09-18T05:42:04.547206+00:00,92a0949d04b1f6f8455f7e51cb7e1a95f42bbc4c6519cfb4cd91c116dee73d5d,api.league-pro.com,OK,c84ecd57bd0c020b7b3eb497a84af8c67c6a760fec38c10be0d7fb5f5b204bed
310091,36729,Tournament A17. League 700-800,700-800,2026-09-18T02:00:22.252000+00:00,2026-09-17T20:00:22.252000-06:00,2026-09-18T04:00:22.252000+02:00,3,COMPLETED,1421,Richard Krejci,756,Frantisek Just,3,0,1421,Richard Krejci,,,2026-09-18T02:12:46.471000+00:00,SCHEDULED_START_PLUS_DURATION,2026-09-17T17:42:04.552892+00:00,2026-09-18T05:42:04.547206+00:00,92a0949d04b1f6f8455f7e51cb7e1a95f42bbc4c6519cfb4cd91c116dee73d5d,api.league-pro.com,OK,a47874c2fd79aa7705f722bcc4ebf2fd16fb4d3f099577cdb169044cbc77407a
309939,36711,Tournament A12. League 900-1000,900-1000,2026-09-18T02:00:36.765000+00:00,2026-09-17T20:00:36.765000-06:00,2026-09-18T04:00:36.765000+02:00,3,COMPLETED,1839,Jan Simecek,1873,Mark Wagner,1,3,1873,Mark Wagner,,,2026-09-18T02:11:47.825000+00:00,SCHEDULED_START_PLUS_DURATION,2026-09-17T17:42:04.552892+00:00,2026-09-18T05:42:04.547206+00:00,92a0949d04b1f6f8455f7e51cb7e1a95f42bbc4c6519cfb4cd91c116dee73d5d,api.league-pro.com,OK,b0afa9399efdb6ec420d4e539872139c55021128219d37ae3ed7aa9359ec0394
309984,36716,Tournament A14. League 800-900,800-900,2026-09-18T02:30:06.462000+00:00,2026-09-17T20:30:06.462000-06:00,2026-09-18T04:30:06.462000+02:00,3,COMPLETED,809,Michal Regner,1847,Martin Skakal,3,2,809,Michal Regner,,,2026-09-18T02:50:28.181000+00:00,SCHEDULED_START_PLUS_DURATION,2026-09-17T17:42:04.552892+00:00,2026-09-18T05:42:04.547206+00:00,92a0949d04b1f6f8455f7e51cb7e1a95f42bbc4c6519cfb4cd91c116dee73d5d,api.league-pro.com,OK,525e2c30311afab1ba5dd347f9391438d98558fe0904e32da0a1360ea829bc4e
310092,36729,Tournament A17. League 700-800,700-800,2026-09-18T02:30:10.952000+00:00,2026-09-17T20:30:10.952000-06:00,2026-09-18T04:30:10.952000+02:00,3,COMPLETED,863,Daniel Tuma,1403,Ales Hlawatschke,3,2,863,Daniel Tuma,,,2026-09-18T02:54:00.113000+00:00,SCHEDULED_START_PLUS_DURATION,2026-09-17T17:42:04.552892+00:00,2026-09-18T05:42:04.547206+00:00,92a0949d04b1f6f8455f7e51cb7e1a95f42bbc4c6519cfb4cd91c116dee73d5d,api.league-pro.com,OK,da7873d9c052ac4de78b7349bff0e71df24d1ae5d0a2fcbb2b281fc3b0096883
309940,36711,Tournament A12. League 900-1000,900-1000,2026-09-18T02:30:24.567000+00:00,2026-09-17T20:30:24.567000-06:00,2026-09-18T04:30:24.567000+02:00,3,COMPLETED,826,Ales Barton,1668,Oleksandr Kolisnyk,3,1,826,Ales Barton,,,2026-09-18T02:46:23.560000+00:00,SCHEDULED_START_PLUS_DURATION,2026-09-17T17:42:04.552892+00:00,2026-09-18T05:42:04.547206+00:00,92a0949d04b1f6f8455f7e51cb7e1a95f42bbc4c6519cfb4cd91c116dee73d5d,api.league-pro.com,OK,8eac3510e0fab4cd89c84920f0911408c0e0bc1b9502f55dbd07d55e0e165cb3
309941,36711,Tournament A12. League 900-1000,900-1000,2026-09-18T03:00:04.917000+00:00,2026-09-17T21:00:04.917000-06:00,2026-09-18T05:00:04.917000+02:00,3,COMPLETED,826,Ales Barton,879,Jiri Ruzicka,3,0,826,Ales Barton,,,2026-09-18T03:13:14.005000+00:00,SCHEDULED_START_PLUS_DURATION,2026-09-17T17:42:04.552892+00:00,2026-09-18T05:42:04.547206+00:00,92a0949d04b1f6f8455f7e51cb7e1a95f42bbc4c6519cfb4cd91c116dee73d5d,api.league-pro.com,OK,ff5049321ed672d4145533faed066327f232bafdb27a1cfb927c5507e3974c18
309985,36716,Tournament A14. League 800-900,800-900,2026-09-18T03:00:07.275000+00:00,2026-09-17T21:00:07.275000-06:00,2026-09-18T05:00:07.275000+02:00,3,COMPLETED,1582,Viktor Vejvoda,1847,Martin Skakal,0,3,1847,Martin Skakal,,,2026-09-18T03:12:31.166000+00:00,SCHEDULED_START_PLUS_DURATION,2026-09-17T17:42:04.552892+00:00,2026-09-18T05:42:04.547206+00:00,92a0949d04b1f6f8455f7e51cb7e1a95f42bbc4c6519cfb4cd91c116dee73d5d,api.league-pro.com,OK,cab2ac6130de55eeac50c4a4731808a70b3a739aa01e2c7fa304df64cbd5a4f1
310093,36729,Tournament A17. League 700-800,700-800,2026-09-18T03:03:20.402000+00:00,2026-09-17T21:03:20.402000-06:00,2026-09-18T05:03:20.402000+02:00,3,COMPLETED,1421,Richard Krejci,863,Daniel Tuma,1,3,863,Daniel Tuma,,,2026-09-18T03:16:34.975000+00:00,SCHEDULED_START_PLUS_DURATION,2026-09-17T17:42:04.552892+00:00,2026-09-18T05:42:04.547206+00:00,92a0949d04b1f6f8455f7e51cb7e1a95f42bbc4c6519cfb4cd91c116dee73d5d,api.league-pro.com,OK,d3c7b8e2e219bb5168b57ec0fe55e0e7a291038c7d62a96d3c5abf4972448e74
309942,36711,Tournament A12. League 900-1000,900-1000,2026-09-18T03:30:03.643000+00:00,2026-09-17T21:30:03.643000-06:00,2026-09-18T05:30:03.643000+02:00,3,COMPLETED,1668,Oleksandr Kolisnyk,1873,Mark Wagner,3,1,1668,Oleksandr Kolisnyk,,,2026-09-18T03:44:56.252000+00:00,SCHEDULED_START_PLUS_DURATION,2026-09-17T17:42:04.552892+00:00,2026-09-18T05:42:04.547206+00:00,92a0949d04b1f6f8455f7e51cb7e1a95f42bbc4c6519cfb4cd91c116dee73d5d,api.league-pro.com,OK,3809bc254e44ef51d234704eb68ac6f71755c4ddb07f3b63ab67c94545622689
310094,36729,Tournament A17. League 700-800,700-800,2026-09-18T03:30:11.295000+00:00,2026-09-17T21:30:11.295000-06:00,2026-09-18T05:30:11.295000+02:00,3,COMPLETED,1403,Ales Hlawatschke,925,Vladimir Cermak,3,2,1403,Ales Hlawatschke,,,2026-09-18T03:56:04.563000+00:00,SCHEDULED_START_PLUS_DURATION,2026-09-17T17:42:04.552892+00:00,2026-09-18T05:42:04.547206+00:00,92a0949d04b1f6f8455f7e51cb7e1a95f42bbc4c6519cfb4cd91c116dee73d5d,api.league-pro.com,OK,b8a4bf2e3f38f5d51aa16a81f6b628a2aa264ab298c50807f53fb17ccd8435cb
309986,36716,Tournament A14. League 800-900,800-900,2026-09-18T03:30:16.019000+00:00,2026-09-17T21:30:16.019000-06:00,2026-09-18T05:30:16.019000+02:00,3,COMPLETED,747,Milan Klement,1561,Tomas Franek,0,3,1561,Tomas Franek,,,2026-09-18T03:40:51.567000+00:00,SCHEDULED_START_PLUS_DURATION,2026-09-17T17:42:04.552892+00:00,2026-09-18T05:42:04.547206+00:00,92a0949d04b1f6f8455f7e51cb7e1a95f42bbc4c6519cfb4cd91c116dee73d5d,api.league-pro.com,OK,f4c0eb9304f7e1209f75a95bc3b98e9c3abf246d6803792eec17f3ba464ec929
310191,36741,Tournament A17. League 350-400,350-400,2026-09-18T06:00:10.553000+00:00,2026-09-18T00:00:10.553000-06:00,2026-09-18T08:00:10.553000+02:00,3,COMPLETED,1557,Miroslav Vaclavik,1515,Ladislav Novotny,2,3,1515,Ladislav Novotny,,,2026-09-18T06:20:03.015000+00:00,SCHEDULED_START_PLUS_DURATION,2026-09-17T17:42:04.552892+00:00,2026-09-18T17:42:04.646372+00:00,71afaca9745ee4ccf4585464d726c841fbfad7e0c2a2955e9d8f90559012c0e6,api.league-pro.com,OK,af3eb5e20ae4e2db31ae3f7bb9e3a9b61ccc65b46c3bdfd23e2a2dba2d42d984
310139,36735,Tournament A14. League 500-550,500-550,2026-09-18T06:00:11.007000+00:00,2026-09-18T00:00:11.007000-06:00,2026-09-18T08:00:11.007000+02:00,3,COMPLETED,1217,Martin Stefek,1319,Tomas Nohejl,2,3,1319,Tomas Nohejl,,,2026-09-18T06:16:37.870000+00:00,SCHEDULED_START_PLUS_DURATION,2026-09-17T17:42:04.552892+00:00,2026-09-18T17:42:04.646372+00:00,71afaca9745ee4ccf4585464d726c841fbfad7e0c2a2955e9d8f90559012c0e6,api.league-pro.com,OK,7a740f010904b70f96044d2326db9a2fbc24833696a1b90001eb905f5c06898f
310183,36740,Tournament A16. League 1000-1100,1000-1100,2026-09-18T06:00:14.660000+00:00,2026-09-18T00:00:14.660000-06:00,2026-09-18T08:00:14.660000+02:00,3,COMPLETED,996,Tadeas Zika,1379,Pavel Wawrosz,2,3,1379,Pavel Wawrosz,,,2026-09-18T06:26:50.792000+00:00,SCHEDULED_START_PLUS_DURATION,2026-09-17T17:42:04.552892+00:00,2026-09-18T17:42:04.646372+00:00,71afaca9745ee4ccf4585464d726c841fbfad7e0c2a2955e9d8f90559012c0e6,api.league-pro.com,OK,a3a5a9d6bfa9962c7ee1d451ba601f2943ea13a8fcaec0ad15b2cce011441f4a
310095,36730,Tournament A12. League 700-800,700-800,2026-09-18T06:00:14.891000+00:00,2026-09-18T00:00:14.891000-06:00,2026-09-18T08:00:14.891000+02:00,3,COMPLETED,749,Jan Svoboda,1272,Jakub Stolfa,3,0,749,Jan Svoboda,,,2026-09-18T06:17:43.923000+00:00,SCHEDULED_START_PLUS_DURATION,2026-09-17T17:42:04.552892+00:00,2026-09-18T17:42:04.646372+00:00,71afaca9745ee4ccf4585464d726c841fbfad7e0c2a2955e9d8f90559012c0e6,api.league-pro.com,OK,e8d0173979b3b52a8157ecc0be25271ff99f604ab429f5f961e353758ab2c7c7
310275,36751,Tournament A18. League 700-800,700-800,2026-09-18T06:00:15.332000+00:00,2026-09-18T00:00:15.332000-06:00,2026-09-18T08:00:15.332000+02:00,3,COMPLETED,1035,Richard Skacelik,1714,Samuel Byrtus,2,3,1714,Samuel Byrtus,,,2026-09-18T06:19:24.409000+00:00,SCHEDULED_START_PLUS_DURATION,2026-09-17T17:42:04.552892+00:00,2026-09-18T17:42:04.646372+00:00,71afaca9745ee4ccf4585464d726c841fbfad7e0c2a2955e9d8f90559012c0e6,api.league-pro.com,OK,1757d86f333a64db3770226a297935e97b2fbd8bb401a9474aa44febc0550a95
310096,36730,Tournament A12. League 700-800,700-800,2026-09-18T06:30:08.626000+00:00,2026-09-18T00:30:08.626000-06:00,2026-09-18T08:30:08.626000+02:00,3,COMPLETED,1662,Martin Vizek,875,Martin Sobisek,0,3,875,Martin Sobisek,,,2026-09-18T06:40:24.406000+00:00,SCHEDULED_START_PLUS_DURATION,2026-09-17T17:42:04.552892+00:00,2026-09-18T17:42:04.646372+00:00,71afaca9745ee4ccf4585464d726c841fbfad7e0c2a2955e9d8f90559012c0e6,api.league-pro.com,OK,9f52532d70f358e6ff4293306a5e1e1c1cf6946ef9b03e9d5ab670c5a510c259
310140,36735,Tournament A14. League 500-550,500-550,2026-09-18T06:30:11.671000+00:00,2026-09-18T00:30:11.671000-06:00,2026-09-18T08:30:11.671000+02:00,3,COMPLETED,1452,Zdenek Zikmunda,1852,Zbynek Drabek,0,3,1852,Zbynek Drabek,,,2026-09-18T06:44:02.258000+00:00,SCHEDULED_START_PLUS_DURATION,2026-09-17T17:42:04.552892+00:00,2026-09-18T17:42:04.646372+00:00,71afaca9745ee4ccf4585464d726c841fbfad7e0c2a2955e9d8f90559012c0e6,api.league-pro.com,OK,a7be369c3bdefd3d76ab01a5edc4741bc4697122c96f01a1871bb499f6a4aa53
310276,36751,Tournament A18. League 700-800,700-800,2026-09-18T06:30:13.170000+00:00,2026-09-18T00:30:13.170000-06:00,2026-09-18T08:30:13.170000+02:00,3,COMPLETED,1757,David Heczko,1014,Jakub Levicky,1,3,1014,Jakub Levicky,,,2026-09-18T06:46:14.145000+00:00,SCHEDULED_START_PLUS_DURATION,2026-09-17T17:42:04.552892+00:00,2026-09-18T17:42:04.646372+00:00,71afaca9745ee4ccf4585464d726c841fbfad7e0c2a2955e9d8f90559012c0e6,api.league-pro.com,OK,074c036b9ca9c524a7786e8b44dbad57b3464ce8598d5b62bc515be74b93e2cf
310184,36740,Tournament A16. League 1000-1100,1000-1100,2026-09-18T06:30:21.420000+00:00,2026-09-18T00:30:21.420000-06:00,2026-09-18T08:30:21.420000+02:00,3,COMPLETED,1046,Radomir Revay,1283,Radovan Polasek,2,3,1283,Radovan Polasek,,,2026-09-18T06:51:28.597000+00:00,SCHEDULED_START_PLUS_DURATION,2026-09-17T17:42:04.552892+00:00,2026-09-18T17:42:04.646372+00:00,71afaca9745ee4ccf4585464d726c841fbfad7e0c2a2955e9d8f90559012c0e6,api.league-pro.com,OK,94a4bd4ec6752834810dfd96104dc8d3a41b84062d89e3b6ddce8dc5e1440209
310192,36741,Tournament A17. League 350-400,350-400,2026-09-18T06:30:26.205000+00:00,2026-09-18T00:30:26.205000-06:00,2026-09-18T08:30:26.205000+02:00,3,COMPLETED,1253,Marcel Marjan,1228,Jaromir Cernik,1,3,1228,Jaromir Cernik,,,2026-09-18T06:51:58.023000+00:00,SCHEDULED_START_PLUS_DURATION,2026-09-17T17:42:04.552892+00:00,2026-09-18T17:42:04.646372+00:00,71afaca9745ee4ccf4585464d726c841fbfad7e0c2a2955e9d8f90559012c0e6,api.league-pro.com,OK,86f3cfd0cb2adfc205157d462425915abcf6a3e752462c73676e475e7d10570b
310185,36740,Tournament A16. League 1000-1100,1000-1100,2026-09-18T07:00:09.833000+00:00,2026-09-18T01:00:09.833000-06:00,2026-09-18T09:00:09.833000+02:00,3,COMPLETED,1379,Pavel Wawrosz,1046,Radomir Revay,1,3,1046,Radomir Revay,,,2026-09-18T07:19:57.125000+00:00,SCHEDULED_START_PLUS_DURATION,2026-09-17T17:42:04.552892+00:00,2026-09-18T17:42:04.646372+00:00,71afaca9745ee4ccf4585464d726c841fbfad7e0c2a2955e9d8f90559012c0e6,api.league-pro.com,OK,85cb17230ed91540f403bbd03f418a013fc5a3324c10b1612ad5121dfde1b713
310097,36730,Tournament A12. League 700-800,700-800,2026-09-18T07:00:10.813000+00:00,2026-09-18T01:00:10.813000-06:00,2026-09-18T09:00:10.813000+02:00,3,COMPLETED,1272,Jakub Stolfa,1662,Martin Vizek,1,3,1662,Martin Vizek,,,2026-09-18T07:19:46.355000+00:00,SCHEDULED_START_PLUS_DURATION,2026-09-17T17:42:04.552892+00:00,2026-09-18T17:42:04.646372+00:00,71afaca9745ee4ccf4585464d726c841fbfad7e0c2a2955e9d8f90559012c0e6,api.league-pro.com,OK,33c89e6e51577ec13ea08d9bee5422a302317cfd512854fd807369cc1c0c662c
310193,36741,Tournament A17. League 350-400,350-400,2026-09-18T07:00:13.194000+00:00,2026-09-18T01:00:13.194000-06:00,2026-09-18T09:00:13.194000+02:00,3,COMPLETED,1515,Ladislav Novotny,1253,Marcel Marjan,3,0,1515,Ladislav Novotny,,,2026-09-18T07:10:59.708000+00:00,SCHEDULED_START_PLUS_DURATION,2026-09-17T17:42:04.552892+00:00,2026-09-18T17:42:04.646372+00:00,71afaca9745ee4ccf4585464d726c841fbfad7e0c2a2955e9d8f90559012c0e6,api.league-pro.com,OK,4bca60a3c91c6846e9803fc006a454445eb682b13ab9dfd4dc5c5cedad711cd7
310277,36751,Tournament A18. League 700-800,700-800,2026-09-18T07:00:18.298000+00:00,2026-09-18T01:00:18.298000-06:00,2026-09-18T09:00:18.298000+02:00,3,COMPLETED,1714,Samuel Byrtus,1757,David Heczko,3,1,1714,Samuel Byrtus,,,2026-09-18T07:16:21.734000+00:00,SCHEDULED_START_PLUS_DURATION,2026-09-17T17:42:04.552892+00:00,2026-09-18T17:42:04.646372+00:00,71afaca9745ee4ccf4585464d726c841fbfad7e0c2a2955e9d8f90559012c0e6,api.league-pro.com,OK,46cecca9630ff5e64394aec12cd11d379213bf43b81ddbea0195cc563c41e417
310141,36735,Tournament A14. League 500-550,500-550,2026-09-18T07:00:19.022000+00:00,2026-09-18T01:00:19.022000-06:00,2026-09-18T09:00:19.022000+02:00,3,COMPLETED,1319,Tomas Nohejl,1452,Zdenek Zikmunda,3,1,1319,Tomas Nohejl,,,2026-09-18T07:15:03.185000+00:00,SCHEDULED_START_PLUS_DURATION,2026-09-17T17:42:04.552892+00:00,2026-09-18T17:42:04.646372+00:00,71afaca9745ee4ccf4585464d726c841fbfad7e0c2a2955e9d8f90559012c0e6,api.league-pro.com,OK,3f1746b58d256485542c23a8cd202dca1fa81871e23903c3d890dc1a77731ddb
310098,36730,Tournament A12. League 700-800,700-800,2026-09-18T07:30:07.581000+00:00,2026-09-18T01:30:07.581000-06:00,2026-09-18T09:30:07.581000+02:00,3,COMPLETED,875,Martin Sobisek,749,Jan Svoboda,2,3,749,Jan Svoboda,,,2026-09-18T07:52:53.713000+00:00,SCHEDULED_START_PLUS_DURATION,2026-09-17T17:42:04.552892+00:00,2026-09-18T17:42:04.646372+00:00,71afaca9745ee4ccf4585464d726c841fbfad7e0c2a2955e9d8f90559012c0e6,api.league-pro.com,OK,a0cecb4873cafc533407e6d537ddb9994fc9f137bdb26e72bd8fe5d55efca6f9
310278,36751,Tournament A18. League 700-800,700-800,2026-09-18T07:30:07.796000+00:00,2026-09-18T01:30:07.796000-06:00,2026-09-18T09:30:07.796000+02:00,3,COMPLETED,1014,Jakub Levicky,1035,Richard Skacelik,2,3,1035,Richard Skacelik,,,2026-09-18T07:51:49.744000+00:00,SCHEDULED_START_PLUS_DURATION,2026-09-17T17:42:04.552892+00:00,2026-09-18T17:42:04.646372+00:00,71afaca9745ee4ccf4585464d726c841fbfad7e0c2a2955e9d8f90559012c0e6,api.league-pro.com,OK,02ff87eb90bc47a14986443d1957de7cc8d34547bcf7dbadfbfd2a80639d2e6d
310194,36741,Tournament A17. League 350-400,350-400,2026-09-18T07:30:14.772000+00:00,2026-09-18T01:30:14.772000-06:00,2026-09-18T09:30:14.772000+02:00,3,COMPLETED,1228,Jaromir Cernik,1557,Miroslav Vaclavik,1,3,1557,Miroslav Vaclavik,,,2026-09-18T07:59:25.609000+00:00,SCHEDULED_START_PLUS_DURATION,2026-09-17T17:42:04.552892+00:00,2026-09-18T17:42:04.646372+00:00,71afaca9745ee4ccf4585464d726c841fbfad7e0c2a2955e9d8f90559012c0e6,api.league-pro.com,OK,eb5f5c3a8c906ee66d94744de6e51bb5835e103aebb66ba4955a1693b2091532
310142,36735,Tournament A14. League 500-550,500-550,2026-09-18T07:30:18.275000+00:00,2026-09-18T01:30:18.275000-06:00,2026-09-18T09:30:18.275000+02:00,3,COMPLETED,1852,Zbynek Drabek,1217,Martin Stefek,3,0,1852,Zbynek Drabek,,,2026-09-18T07:44:28.524000+00:00,SCHEDULED_START_PLUS_DURATION,2026-09-17T17:42:04.552892+00:00,2026-09-18T17:42:04.646372+00:00,71afaca9745ee4ccf4585464d726c841fbfad7e0c2a2955e9d8f90559012c0e6,api.league-pro.com,OK,f38f6d6b2882c524ebbcaa8a322dbfd8d5c94a3f56d6ca73421f9d8d93009005
310186,36740,Tournament A16. League 1000-1100,1000-1100,2026-09-18T07:30:35.222000+00:00,2026-09-18T01:30:35.222000-06:00,2026-09-18T09:30:35.222000+02:00,3,COMPLETED,1283,Radovan Polasek,996,Tadeas Zika,3,2,1283,Radovan Polasek,,,2026-09-18T07:54:31.012000+00:00,SCHEDULED_START_PLUS_DURATION,2026-09-17T17:42:04.552892+00:00,2026-09-18T17:42:04.646372+00:00,71afaca9745ee4ccf4585464d726c841fbfad7e0c2a2955e9d8f90559012c0e6,api.league-pro.com,OK,a28e1b9c64d5546bbd6a95cb00fb1cbab2048aaa71b375db73dc6a8a639cc2e6
310143,36735,Tournament A14. League 500-550,500-550,2026-09-18T08:00:09.650000+00:00,2026-09-18T02:00:09.650000-06:00,2026-09-18T10:00:09.650000+02:00,3,COMPLETED,1217,Martin Stefek,1452,Zdenek Zikmunda,3,0,1217,Martin Stefek,,,2026-09-18T08:11:25.464000+00:00,SCHEDULED_START_PLUS_DURATION,2026-09-17T17:42:04.552892+00:00,2026-09-18T17:42:04.646372+00:00,71afaca9745ee4ccf4585464d726c841fbfad7e0c2a2955e9d8f90559012c0e6,api.league-pro.com,OK,41a47d302a1ed1ef1077f5b8f24dd2f9c61aa074b6eb816ca518874a1e91a754
310279,36751,Tournament A18. League 700-800,700-800,2026-09-18T08:00:13.169000+00:00,2026-09-18T02:00:13.169000-06:00,2026-09-18T10:00:13.169000+02:00,3,COMPLETED,1035,Richard Skacelik,1757,David Heczko,1,3,1757,David Heczko,,,2026-09-18T08:24:58.542000+00:00,SCHEDULED_START_PLUS_DURATION,2026-09-17T17:42:04.552892+00:00,2026-09-18T17:42:04.646372+00:00,71afaca9745ee4ccf4585464d726c841fbfad7e0c2a2955e9d8f90559012c0e6,api.league-pro.com,OK,f2b8183cbeae7402d105d84602be126818db8482147bb0198213a6e36d79e56e
310099,36730,Tournament A12. League 700-800,700-800,2026-09-18T08:00:16.131000+00:00,2026-09-18T02:00:16.131000-06:00,2026-09-18T10:00:16.131000+02:00,3,COMPLETED,749,Jan Svoboda,1662,Martin Vizek,3,2,749,Jan Svoboda,,,2026-09-18T08:19:31.958000+00:00,SCHEDULED_START_PLUS_DURATION,2026-09-17T17:42:04.552892+00:00,2026-09-18T17:42:04.646372+00:00,71afaca9745ee4ccf4585464d726c841fbfad7e0c2a2955e9d8f90559012c0e6,api.league-pro.com,OK,029e0f8890f8f7906fca1754af036554428def3772482a646def7903b5dee8a6
310187,36740,Tournament A16. League 1000-1100,1000-1100,2026-09-18T08:00:17.895000+00:00,2026-09-18T02:00:17.895000-06:00,2026-09-18T10:00:17.895000+02:00,3,COMPLETED,996,Tadeas Zika,1046,Radomir Revay,0,3,1046,Radomir Revay,,,2026-09-18T08:14:16.143000+00:00,SCHEDULED_START_PLUS_DURATION,2026-09-17T17:42:04.552892+00:00,2026-09-18T17:42:04.646372+00:00,71afaca9745ee4ccf4585464d726c841fbfad7e0c2a2955e9d8f90559012c0e6,api.league-pro.com,OK,91d5dd8563993289306827e9bb13ed426daf58ee0841b6fb139aff996db05710
310195,36741,Tournament A17. League 350-400,350-400,2026-09-18T08:02:12.777000+00:00,2026-09-18T02:02:12.777000-06:00,2026-09-18T10:02:12.777000+02:00,3,COMPLETED,1557,Miroslav Vaclavik,1253,Marcel Marjan,3,2,1557,Miroslav Vaclavik,,,2026-09-18T08:20:55.180000+00:00,SCHEDULED_START_PLUS_DURATION,2026-09-17T17:42:04.552892+00:00,2026-09-18T17:42:04.646372+00:00,71afaca9745ee4ccf4585464d726c841fbfad7e0c2a2955e9d8f90559012c0e6,api.league-pro.com,OK,db49f4b5fa21091ca62ed560eebfd975673b5098b984d0af04a31821ef8c6759
310144,36735,Tournament A14. League 500-550,500-550,2026-09-18T08:30:13.365000+00:00,2026-09-18T02:30:13.365000-06:00,2026-09-18T10:30:13.365000+02:00,3,COMPLETED,1319,Tomas Nohejl,1852,Zbynek Drabek,1,3,1852,Zbynek Drabek,,,2026-09-18T08:47:32.263000+00:00,SCHEDULED_START_PLUS_DURATION,2026-09-17T17:42:04.552892+00:00,2026-09-18T17:42:04.646372+00:00,71afaca9745ee4ccf4585464d726c841fbfad7e0c2a2955e9d8f90559012c0e6,api.league-pro.com,OK,ec684610f9666cb875635c5b3a2d22c21a4decea921f96fc2d8ba23b45d7c728
310196,36741,Tournament A17. League 350-400,350-400,2026-09-18T08:30:13.961000+00:00,2026-09-18T02:30:13.961000-06:00,2026-09-18T10:30:13.961000+02:00,3,COMPLETED,1515,Ladislav Novotny,1228,Jaromir Cernik,2,3,1228,Jaromir Cernik,,,2026-09-18T09:00:19.905000+00:00,SCHEDULED_START_PLUS_DURATION,2026-09-17T17:42:04.552892+00:00,2026-09-18T17:42:04.646372+00:00,71afaca9745ee4ccf4585464d726c841fbfad7e0c2a2955e9d8f90559012c0e6,api.league-pro.com,OK,059579406b79b1b5f88762b686a8b9ba4e54175342b09bd795cc20bf66dc4a7a
310188,36740,Tournament A16. League 1000-1100,1000-1100,2026-09-18T08:30:14.414000+00:00,2026-09-18T02:30:14.414000-06:00,2026-09-18T10:30:14.414000+02:00,3,COMPLETED,1379,Pavel Wawrosz,1283,Radovan Polasek,3,1,1379,Pavel Wawrosz,,,2026-09-18T08:46:30.154000+00:00,SCHEDULED_START_PLUS_DURATION,2026-09-17T17:42:04.552892+00:00,2026-09-18T17:42:04.646372+00:00,71afaca9745ee4ccf4585464d726c841fbfad7e0c2a2955e9d8f90559012c0e6,api.league-pro.com,OK,23c1cd54ca0c5ce7be1da26775b236282fe85eafb985e015d31c3c3b215e7fd3
310100,36730,Tournament A12. League 700-800,700-800,2026-09-18T08:30:15.881000+00:00,2026-09-18T02:30:15.881000-06:00,2026-09-18T10:30:15.881000+02:00,3,COMPLETED,1272,Jakub Stolfa,875,Martin Sobisek,2,3,875,Martin Sobisek,,,2026-09-18T08:55:41.605000+00:00,SCHEDULED_START_PLUS_DURATION,2026-09-17T17:42:04.552892+00:00,2026-09-18T17:42:04.646372+00:00,71afaca9745ee4ccf4585464d726c841fbfad7e0c2a2955e9d8f90559012c0e6,api.league-pro.com,OK,f8e5190cd5c533ec549f6188a38e1f6a5170ff467a49db0c577dec3b4e9e3147
310280,36751,Tournament A18. League 700-800,700-800,2026-09-18T08:30:20.902000+00:00,2026-09-18T02:30:20.902000-06:00,2026-09-18T10:30:20.902000+02:00,3,COMPLETED,1714,Samuel Byrtus,1014,Jakub Levicky,1,3,1014,Jakub Levicky,,,2026-09-18T08:52:24.093000+00:00,SCHEDULED_START_PLUS_DURATION,2026-09-17T17:42:04.552892+00:00,2026-09-18T17:42:04.646372+00:00,71afaca9745ee4ccf4585464d726c841fbfad7e0c2a2955e9d8f90559012c0e6,api.league-pro.com,OK,b9d987049f730dd08697062ed6e0c6d4422ab13552813b215197ed437ba34b38
310145,36735,Tournament A14. League 500-550,500-550,2026-09-18T09:00:12.044000+00:00,2026-09-18T03:00:12.044000-06:00,2026-09-18T11:00:12.044000+02:00,3,COMPLETED,1217,Martin Stefek,1452,Zdenek Zikmunda,3,1,1217,Martin Stefek,,,2026-09-18T09:15:52.408000+00:00,SCHEDULED_START_PLUS_DURATION,2026-09-17T17:42:04.552892+00:00,2026-09-18T17:42:04.646372+00:00,71afaca9745ee4ccf4585464d726c841fbfad7e0c2a2955e9d8f90559012c0e6,api.league-pro.com,OK,eaefbe25f4d61ad44112bc63d242a7c003de8342d31d5082526c192e846d95c5
310189,36740,Tournament A16. League 1000-1100,1000-1100,2026-09-18T09:00:14.383000+00:00,2026-09-18T03:00:14.383000-06:00,2026-09-18T11:00:14.383000+02:00,3,COMPLETED,1283,Radovan Polasek,996,Tadeas Zika,3,1,1283,Radovan Polasek,,,2026-09-18T09:16:07.986000+00:00,SCHEDULED_START_PLUS_DURATION,2026-09-17T17:42:04.552892+00:00,2026-09-18T17:42:04.646372+00:00,71afaca9745ee4ccf4585464d726c841fbfad7e0c2a2955e9d8f90559012c0e6,api.league-pro.com,OK,a3e38990d542d9de44f7e2ee4ba6d0db33c98a7ff40cf70d36c8c57612b41e69
310281,36751,Tournament A18. League 700-800,700-800,2026-09-18T09:00:19.522000+00:00,2026-09-18T03:00:19.522000-06:00,2026-09-18T11:00:19.522000+02:00,3,COMPLETED,1035,Richard Skacelik,1757,David Heczko,0,3,1757,David Heczko,,,2026-09-18T09:17:07.070000+00:00,SCHEDULED_START_PLUS_DURATION,2026-09-17T17:42:04.552892+00:00,2026-09-18T17:42:04.646372+00:00,71afaca9745ee4ccf4585464d726c841fbfad7e0c2a2955e9d8f90559012c0e6,api.league-pro.com,OK,854388c9f4c48d4dfad3305a9b95aeb1f6b1ef55502c9d44a8fba6ee1e118839
310101,36730,Tournament A12. League 700-800,700-800,2026-09-18T09:04:08.570000+00:00,2026-09-18T03:04:08.570000-06:00,2026-09-18T11:04:08.570000+02:00,3,COMPLETED,1662,Martin Vizek,1272,Jakub Stolfa,3,1,1662,Martin Vizek,,,2026-09-18T09:22:04.244000+00:00,SCHEDULED_START_PLUS_DURATION,2026-09-17T17:42:04.552892+00:00,2026-09-18T17:42:04.646372+00:00,71afaca9745ee4ccf4585464d726c841fbfad7e0c2a2955e9d8f90559012c0e6,api.league-pro.com,OK,3c55853a1a0011a609e623fce88ec6d580a7e421ab3c155d4bc9ab9eb3b1b0f3
310197,36741,Tournament A17. League 350-400,350-400,2026-09-18T09:10:09.179000+00:00,2026-09-18T03:10:09.179000-06:00,2026-09-18T11:10:09.179000+02:00,3,COMPLETED,1228,Jaromir Cernik,1253,Marcel Marjan,3,0,1228,Jaromir Cernik,,,2026-09-18T09:29:31.722000+00:00,SCHEDULED_START_PLUS_DURATION,2026-09-17T17:42:04.552892+00:00,2026-09-18T17:42:04.646372+00:00,71afaca9745ee4ccf4585464d726c841fbfad7e0c2a2955e9d8f90559012c0e6,api.league-pro.com,OK,bfcb1fddf385b1b3048acf529f62dda363898450ed8c2f3863d11da7d0400ee0
310102,36730,Tournament A12. League 700-800,700-800,2026-09-18T09:30:10.683000+00:00,2026-09-18T03:30:10.683000-06:00,2026-09-18T11:30:10.683000+02:00,3,COMPLETED,749,Jan Svoboda,875,Martin Sobisek,0,3,875,Martin Sobisek,,,2026-09-18T09:43:14.424000+00:00,SCHEDULED_START_PLUS_DURATION,2026-09-17T17:42:04.552892+00:00,2026-09-18T17:42:04.646372+00:00,71afaca9745ee4ccf4585464d726c841fbfad7e0c2a2955e9d8f90559012c0e6,api.league-pro.com,OK,5ac87b03e3e35a7ee91279895abc5875a072520c30f4519cb0dcc564339c7e76
310190,36740,Tournament A16. League 1000-1100,1000-1100,2026-09-18T09:30:11.892000+00:00,2026-09-18T03:30:11.892000-06:00,2026-09-18T11:30:11.892000+02:00,3,COMPLETED,1046,Radomir Revay,1379,Pavel Wawrosz,2,3,1379,Pavel Wawrosz,,,2026-09-18T09:55:15.201000+00:00,SCHEDULED_START_PLUS_DURATION,2026-09-17T17:42:04.552892+00:00,2026-09-18T17:42:04.646372+00:00,71afaca9745ee4ccf4585464d726c841fbfad7e0c2a2955e9d8f90559012c0e6,api.league-pro.com,OK,c5110ea486495f193459990eff67052f7cac049339c6e15695dbd7cc4ecb89c4
310282,36751,Tournament A18. League 700-800,700-800,2026-09-18T09:30:14.920000+00:00,2026-09-18T03:30:14.920000-06:00,2026-09-18T11:30:14.920000+02:00,3,COMPLETED,1014,Jakub Levicky,1714,Samuel Byrtus,1,3,1714,Samuel Byrtus,,,2026-09-18T09:49:10.940000+00:00,SCHEDULED_START_PLUS_DURATION,2026-09-17T17:42:04.552892+00:00,2026-09-18T17:42:04.646372+00:00,71afaca9745ee4ccf4585464d726c841fbfad7e0c2a2955e9d8f90559012c0e6,api.league-pro.com,OK,029c50ed0cfddbf0da26d74eafe168e5a5110ad7820f115e82870f43924350ba
310146,36735,Tournament A14. League 500-550,500-550,2026-09-18T09:30:37.844000+00:00,2026-09-18T03:30:37.844000-06:00,2026-09-18T11:30:37.844000+02:00,3,COMPLETED,1852,Zbynek Drabek,1319,Tomas Nohejl,0,3,1319,Tomas Nohejl,,,2026-09-18T09:45:42.777000+00:00,SCHEDULED_START_PLUS_DURATION,2026-09-17T17:42:04.552892+00:00,2026-09-18T17:42:04.646372+00:00,71afaca9745ee4ccf4585464d726c841fbfad7e0c2a2955e9d8f90559012c0e6,api.league-pro.com,OK,4f9b13207b9185b45c4fd0e7ad1d22f763afae695109c0f8bbabf37723b82289
310198,36741,Tournament A17. League 350-400,350-400,2026-09-18T09:31:53.207000+00:00,2026-09-18T03:31:53.207000-06:00,2026-09-18T11:31:53.207000+02:00,3,COMPLETED,1515,Ladislav Novotny,1557,Miroslav Vaclavik,3,1,1515,Ladislav Novotny,,,2026-09-18T09:50:05.223000+00:00,SCHEDULED_START_PLUS_DURATION,2026-09-17T17:42:04.552892+00:00,2026-09-18T17:42:04.646372+00:00,71afaca9745ee4ccf4585464d726c841fbfad7e0c2a2955e9d8f90559012c0e6,api.league-pro.com,OK,e9a3469721254c01f9c93604ec02b66100121903047acceee7de0d7af81a759c
310223,36745,Tournament A17. League 350-400,350-400,2026-09-18T10:00:06.553000+00:00,2026-09-18T04:00:06.553000-06:00,2026-09-18T12:00:06.553000+02:00,3,COMPLETED,1228,Jaromir Cernik,1144,Jaroslav Strnad,3,1,1228,Jaromir Cernik,,,2026-09-18T10:27:47.120000+00:00,SCHEDULED_START_PLUS_DURATION,2026-09-17T17:42:04.552892+00:00,2026-09-18T17:42:04.646372+00:00,71afaca9745ee4ccf4585464d726c841fbfad7e0c2a2955e9d8f90559012c0e6,api.league-pro.com,OK,3c19dd97cbf06daa99e010ae3f35e3810bf26bc0d0941bf14936cf5233fc83bb
310103,36731,Tournament A12. League 800-900,800-900,2026-09-18T10:00:08.119000+00:00,2026-09-18T04:00:08.119000-06:00,2026-09-18T12:00:08.119000+02:00,3,COMPLETED,830,Jakub Hradecky,875,Martin Sobisek,3,2,830,Jakub Hradecky,,,2026-09-18T10:25:24.764000+00:00,SCHEDULED_START_PLUS_DURATION,2026-09-17T17:42:04.552892+00:00,2026-09-18T17:42:04.646372+00:00,71afaca9745ee4ccf4585464d726c841fbfad7e0c2a2955e9d8f90559012c0e6,api.league-pro.com,OK,31583dd58ce2d1a92b9292c12d12306ca42033394ce7d7e876451c5cbb12e16e
310259,36749,Tournament A18. League 350-400,350-400,2026-09-18T10:00:11.547000+00:00,2026-09-18T04:00:11.547000-06:00,2026-09-18T12:00:11.547000+02:00,3,COMPLETED,1075,Alois Kanak,1047,Ivo Palmi,3,2,1075,Alois Kanak,,,2026-09-18T10:26:58.261000+00:00,SCHEDULED_START_PLUS_DURATION,2026-09-17T17:42:04.552892+00:00,2026-09-18T17:42:04.646372+00:00,71afaca9745ee4ccf4585464d726c841fbfad7e0c2a2955e9d8f90559012c0e6,api.league-pro.com,OK,624f0bb048f0c8dd0bc5636d6698d1a1477a72de6999a7a6897b4bcd4457ce37
310147,36736,Tournament A14. League 500-550,500-550,2026-09-18T10:00:16.256000+00:00,2026-09-18T04:00:16.256000-06:00,2026-09-18T12:00:16.256000+02:00,3,COMPLETED,1452,Zdenek Zikmunda,909,Pavel Kulhanek,3,2,1452,Zdenek Zikmunda,,,2026-09-18T10:19:48.145000+00:00,SCHEDULED_START_PLUS_DURATION,2026-09-17T17:42:04.552892+00:00,2026-09-18T17:42:04.646372+00:00,71afaca9745ee4ccf4585464d726c841fbfad7e0c2a2955e9d8f90559012c0e6,api.league-pro.com,OK,06fe44f2f0d868cb245022594ca0e51ee669ad03aa57705a474acd26e7ec64a7
310199,36742,Tournament A16. League 1000-1100,1000-1100,2026-09-18T10:00:18.177000+00:00,2026-09-18T04:00:18.177000-06:00,2026-09-18T12:00:18.177000+02:00,3,COMPLETED,1046,Radomir Revay,1708,Jakub Pilch,3,1,1046,Radomir Revay,,,2026-09-18T10:19:34.816000+00:00,SCHEDULED_START_PLUS_DURATION,2026-09-17T17:42:04.552892+00:00,2026-09-18T17:42:04.646372+00:00,71afaca9745ee4ccf4585464d726c841fbfad7e0c2a2955e9d8f90559012c0e6,api.league-pro.com,OK,d8ca245471edf34db0b0316b2c1f032ef5b4fd5680a585c7cc22b8894a4e2054
310224,36745,Tournament A17. League 350-400,350-400,2026-09-18T10:30:07.703000+00:00,2026-09-18T04:30:07.703000-06:00,2026-09-18T12:30:07.703000+02:00,3,COMPLETED,1253,Marcel Marjan,1515,Ladislav Novotny,3,1,1253,Marcel Marjan,,,2026-09-18T10:47:11.659000+00:00,SCHEDULED_START_PLUS_DURATION,2026-09-17T17:42:04.552892+00:00,2026-09-18T17:42:04.646372+00:00,71afaca9745ee4ccf4585464d726c841fbfad7e0c2a2955e9d8f90559012c0e6,api.league-pro.com,OK,cb11cf14195ca9502b654fddee4b673c94eee621c03d194f79532acedc6036ab
310104,36731,Tournament A12. League 800-900,800-900,2026-09-18T10:30:11.657000+00:00,2026-09-18T04:30:11.657000-06:00,2026-09-18T12:30:11.657000+02:00,3,COMPLETED,1662,Martin Vizek,749,Jan Svoboda,3,2,1662,Martin Vizek,,,2026-09-18T10:52:39.755000+00:00,SCHEDULED_START_PLUS_DURATION,2026-09-17T17:42:04.552892+00:00,2026-09-18T17:42:04.646372+00:00,71afaca9745ee4ccf4585464d726c841fbfad7e0c2a2955e9d8f90559012c0e6,api.league-pro.com,OK,0e1183af53ca7b9997192474e871efe3e89be84609a4cd250469d1de4e5b2101
310260,36749,Tournament A18. League 350-400,350-400,2026-09-18T10:30:16.366000+00:00,2026-09-18T04:30:16.366000-06:00,2026-09-18T12:30:16.366000+02:00,3,COMPLETED,1219,Josef Toth,1738,Ivan Kolenciak,3,0,1219,Josef Toth,,,2026-09-18T10:42:17.114000+00:00,SCHEDULED_START_PLUS_DURATION,2026-09-17T17:42:04.552892+00:00,2026-09-18T17:42:04.646372+00:00,71afaca9745ee4ccf4585464d726c841fbfad7e0c2a2955e9d8f90559012c0e6,api.league-pro.com,OK,1c364a8fcd25ceb84353b254814ebe93ed962f4e26cdb22afc0accbe8fb4e79a
310148,36736,Tournament A14. League 500-550,500-550,2026-09-18T10:30:22.132000+00:00,2026-09-18T04:30:22.132000-06:00,2026-09-18T12:30:22.132000+02:00,3,COMPLETED,1217,Martin Stefek,1852,Zbynek Drabek,3,0,1217,Martin Stefek,,,2026-09-18T10:45:06.915000+00:00,SCHEDULED_START_PLUS_DURATION,2026-09-17T17:42:04.552892+00:00,2026-09-18T17:42:04.646372+00:00,71afaca9745ee4ccf4585464d726c841fbfad7e0c2a2955e9d8f90559012c0e6,api.league-pro.com,OK,0d4e1a59e008881a6cd4f37363c03707fe1c45f9911077cd36bd5c6532b3fc07
310200,36742,Tournament A16. League 1000-1100,1000-1100,2026-09-18T10:30:29.507000+00:00,2026-09-18T04:30:29.507000-06:00,2026-09-18T12:30:29.507000+02:00,3,COMPLETED,996,Tadeas Zika,1379,Pavel Wawrosz,2,3,1379,Pavel Wawrosz,,,2026-09-18T10:55:52.353000+00:00,SCHEDULED_START_PLUS_DURATION,2026-09-17T17:42:04.552892+00:00,2026-09-18T17:42:04.646372+00:00,71afaca9745ee4ccf4585464d726c841fbfad7e0c2a2955e9d8f90559012c0e6,api.league-pro.com,OK,8d246322682a3a396626b859fe0e219bb48fa66ff5a942c012dc63a4221e20e4
310105,36731,Tournament A12. League 800-900,800-900,2026-09-18T11:00:06.908000+00:00,2026-09-18T05:00:06.908000-06:00,2026-09-18T13:00:06.908000+02:00,3,COMPLETED,875,Martin Sobisek,1662,Martin Vizek,1,3,1662,Martin Vizek,,,2026-09-18T11:19:34.009000+00:00,SCHEDULED_START_PLUS_DURATION,2026-09-17T17:42:04.552892+00:00,2026-09-18T17:42:04.646372+00:00,71afaca9745ee4ccf4585464d726c841fbfad7e0c2a2955e9d8f90559012c0e6,api.league-pro.com,OK,c53ec7a077663850af8b3c86b8da64440961bbfdeb59d30537780fca2f55f1ec
310225,36745,Tournament A17. League 350-400,350-400,2026-09-18T11:00:09.574000+00:00,2026-09-18T05:00:09.574000-06:00,2026-09-18T13:00:09.574000+02:00,3,COMPLETED,1144,Jaroslav Strnad,1253,Marcel Marjan,3,2,1144,Jaroslav Strnad,,,2026-09-18T11:18:41.489000+00:00,SCHEDULED_START_PLUS_DURATION,2026-09-17T17:42:04.552892+00:00,2026-09-18T17:42:04.646372+00:00,71afaca9745ee4ccf4585464d726c841fbfad7e0c2a2955e9d8f90559012c0e6,api.league-pro.com,OK,2ef854cf02b1c196063afb14df3cf0b6159b32a5058c6d3d907c9abd0e483bd6
310149,36736,Tournament A14. League 500-550,500-550,2026-09-18T11:00:19.779000+00:00,2026-09-18T05:00:19.779000-06:00,2026-09-18T13:00:19.779000+02:00,3,COMPLETED,909,Pavel Kulhanek,1217,Martin Stefek,2,3,1217,Martin Stefek,,,2026-09-18T11:19:13.903000+00:00,SCHEDULED_START_PLUS_DURATION,2026-09-17T17:42:04.552892+00:00,2026-09-18T17:42:04.646372+00:00,71afaca9745ee4ccf4585464d726c841fbfad7e0c2a2955e9d8f90559012c0e6,api.league-pro.com,OK,b469b005ce20e663e0c7d925c2abba882e90eb7b72f431f1c8625092e13cf4fa
310261,36749,Tournament A18. League 350-400,350-400,2026-09-18T11:00:29.871000+00:00,2026-09-18T05:00:29.871000-06:00,2026-09-18T13:00:29.871000+02:00,3,COMPLETED,1047,Ivo Palmi,1219,Josef Toth,3,1,1047,Ivo Palmi,,,2026-09-18T11:17:13.383000+00:00,SCHEDULED_START_PLUS_DURATION,2026-09-17T17:42:04.552892+00:00,2026-09-18T17:42:04.646372+00:00,71afaca9745ee4ccf4585464d726c841fbfad7e0c2a2955e9d8f90559012c0e6,api.league-pro.com,OK,2d519412a036bb8897010741ed9f6f51c6225e8518dc4914c066bf275c021e02
310201,36742,Tournament A16. League 1000-1100,1000-1100,2026-09-18T11:00:39.759000+00:00,2026-09-18T05:00:39.759000-06:00,2026-09-18T13:00:39.759000+02:00,3,COMPLETED,1708,Jakub Pilch,996,Tadeas Zika,3,1,1708,Jakub Pilch,,,2026-09-18T11:17:40.139000+00:00,SCHEDULED_START_PLUS_DURATION,2026-09-17T17:42:04.552892+00:00,2026-09-18T17:42:04.646372+00:00,71afaca9745ee4ccf4585464d726c841fbfad7e0c2a2955e9d8f90559012c0e6,api.league-pro.com,OK,b0d60922d4fdb9ee5f7d7fec78d82a1b1e19ea60f5bb8a006ce578ce25f1c880
310106,36731,Tournament A12. League 800-900,800-900,2026-09-18T11:30:06.981000+00:00,2026-09-18T05:30:06.981000-06:00,2026-09-18T13:30:06.981000+02:00,3,COMPLETED,749,Jan Svoboda,830,Jakub Hradecky,0,3,830,Jakub Hradecky,,,2026-09-18T11:42:25.046000+00:00,SCHEDULED_START_PLUS_DURATION,2026-09-17T17:42:04.552892+00:00,2026-09-18T17:42:04.646372+00:00,71afaca9745ee4ccf4585464d726c841fbfad7e0c2a2955e9d8f90559012c0e6,api.league-pro.com,OK,26d2f66c72c579d80711be4d76403287137e999a0927ea46e56b5d5e8dda40cd
310226,36745,Tournament A17. League 350-400,350-400,2026-09-18T11:30:08.002000+00:00,2026-09-18T05:30:08.002000-06:00,2026-09-18T13:30:08.002000+02:00,3,COMPLETED,1515,Ladislav Novotny,1228,Jaromir Cernik,3,1,1515,Ladislav Novotny,,,2026-09-18T11:55:14.779000+00:00,SCHEDULED_START_PLUS_DURATION,2026-09-17T17:42:04.552892+00:00,2026-09-18T17:42:04.646372+00:00,71afaca9745ee4ccf4585464d726c841fbfad7e0c2a2955e9d8f90559012c0e6,api.league-pro.com,OK,f5d80c5057f5c4d47e6052e1fb241b59a268243ace4f39bb71c2bf40f39d8b8e
310262,36749,Tournament A18. League 350-400,350-400,2026-09-18T11:30:10.851000+00:00,2026-09-18T05:30:10.851000-06:00,2026-09-18T13:30:10.851000+02:00,3,COMPLETED,1738,Ivan Kolenciak,1075,Alois Kanak,3,1,1738,Ivan Kolenciak,,,2026-09-18T11:48:48.712000+00:00,SCHEDULED_START_PLUS_DURATION,2026-09-17T17:42:04.552892+00:00,2026-09-18T17:42:04.646372+00:00,71afaca9745ee4ccf4585464d726c841fbfad7e0c2a2955e9d8f90559012c0e6,api.league-pro.com,OK,6cf1460d61f8fdd2172a3d75282a4a79fc15d66ee49aa0f84eec21f9572bdade
310202,36742,Tournament A16. League 1000-1100,1000-1100,2026-09-18T11:30:12.760000+00:00,2026-09-18T05:30:12.760000-06:00,2026-09-18T13:30:12.760000+02:00,3,COMPLETED,1379,Pavel Wawrosz,1046,Radomir Revay,2,3,1046,Radomir Revay,,,2026-09-18T11:50:13.718000+00:00,SCHEDULED_START_PLUS_DURATION,2026-09-17T17:42:04.552892+00:00,2026-09-18T17:42:04.646372+00:00,71afaca9745ee4ccf4585464d726c841fbfad7e0c2a2955e9d8f90559012c0e6,api.league-pro.com,OK,ed0a7141cd7e02e7d6052927bb1009b5da25c66cfb94344dc093441ae92bb463
310150,36736,Tournament A14. League 500-550,500-550,2026-09-18T11:30:34.114000+00:00,2026-09-18T05:30:34.114000-06:00,2026-09-18T13:30:34.114000+02:00,3,COMPLETED,1852,Zbynek Drabek,1452,Zdenek Zikmunda,3,0,1852,Zbynek Drabek,,,2026-09-18T11:45:41.009000+00:00,SCHEDULED_START_PLUS_DURATION,2026-09-17T17:42:04.552892+00:00,2026-09-18T17:42:04.646372+00:00,71afaca9745ee4ccf4585464d726c841fbfad7e0c2a2955e9d8f90559012c0e6,api.league-pro.com,OK,0f48d4343a3c6b774fa1a66d16856eedfa5ceb4207a66a2c14bb1594fb7017db
310263,36749,Tournament A18. League 350-400,350-400,2026-09-18T12:00:10.901000+00:00,2026-09-18T06:00:10.901000-06:00,2026-09-18T14:00:10.901000+02:00,3,COMPLETED,1075,Alois Kanak,1219,Josef Toth,3,2,1075,Alois Kanak,,,2026-09-18T12:26:40.165000+00:00,SCHEDULED_START_PLUS_DURATION,2026-09-17T17:42:04.552892+00:00,2026-09-18T17:42:04.646372+00:00,71afaca9745ee4ccf4585464d726c841fbfad7e0c2a2955e9d8f90559012c0e6,api.league-pro.com,OK,7f84272a24c7bc7b17d0ce9e33153e7c10df9853991e9b61f9632452cbfdc813
310107,36731,Tournament A12. League 800-900,800-900,2026-09-18T12:00:11.263000+00:00,2026-09-18T06:00:11.263000-06:00,2026-09-18T14:00:11.263000+02:00,3,COMPLETED,830,Jakub Hradecky,1662,Martin Vizek,1,3,1662,Martin Vizek,,,2026-09-18T12:17:49.488000+00:00,SCHEDULED_START_PLUS_DURATION,2026-09-17T17:42:04.552892+00:00,2026-09-18T17:42:04.646372+00:00,71afaca9745ee4ccf4585464d726c841fbfad7e0c2a2955e9d8f90559012c0e6,api.league-pro.com,OK,9bcfcd62058d5e41bfc00d651d33426609c07c80de6ef11027ff7a963fe05608
310227,36745,Tournament A17. League 350-400,350-400,2026-09-18T12:00:13.289000+00:00,2026-09-18T06:00:13.289000-06:00,2026-09-18T14:00:13.289000+02:00,3,COMPLETED,1228,Jaromir Cernik,1253,Marcel Marjan,3,1,1228,Jaromir Cernik,,,2026-09-18T12:26:18.960000+00:00,SCHEDULED_START_PLUS_DURATION,2026-09-17T17:42:04.552892+00:00,2026-09-18T17:42:04.646372+00:00,71afaca9745ee4ccf4585464d726c841fbfad7e0c2a2955e9d8f90559012c0e6,api.league-pro.com,OK,5b77757eb7a8cfbec75424b3f6f5b2c961d5968624ef077c55cf479c54002e2e
310203,36742,Tournament A16. League 1000-1100,1000-1100,2026-09-18T12:00:17.572000+00:00,2026-09-18T06:00:17.572000-06:00,2026-09-18T14:00:17.572000+02:00,3,COMPLETED,1046,Radomir Revay,996,Tadeas Zika,3,2,1046,Radomir Revay,,,2026-09-18T12:24:34.642000+00:00,SCHEDULED_START_PLUS_DURATION,2026-09-17T17:42:04.552892+00:00,2026-09-18T17:42:04.646372+00:00,71afaca9745ee4ccf4585464d726c841fbfad7e0c2a2955e9d8f90559012c0e6,api.league-pro.com,OK,2146da39e3d1116c9bb6075dd4ca4526bc7c355554b797a81b68ed9f11027c9f
310151,36736,Tournament A14. League 500-550,500-550,2026-09-18T12:00:18.360000+00:00,2026-09-18T06:00:18.360000-06:00,2026-09-18T14:00:18.360000+02:00,3,COMPLETED,1452,Zdenek Zikmunda,1217,Martin Stefek,0,3,1217,Martin Stefek,,,2026-09-18T12:11:51.377000+00:00,SCHEDULED_START_PLUS_DURATION,2026-09-17T17:42:04.552892+00:00,2026-09-18T17:42:04.646372+00:00,71afaca9745ee4ccf4585464d726c841fbfad7e0c2a2955e9d8f90559012c0e6,api.league-pro.com,OK,18bc1f36640175bbf3da0b9f278d50efe25be1a172f923f7d646043ce29e312d
310108,36731,Tournament A12. League 800-900,800-900,2026-09-18T12:30:09.777000+00:00,2026-09-18T06:30:09.777000-06:00,2026-09-18T14:30:09.777000+02:00,3,COMPLETED,875,Martin Sobisek,749,Jan Svoboda,1,3,749,Jan Svoboda,,,2026-09-18T12:47:52.278000+00:00,SCHEDULED_START_PLUS_DURATION,2026-09-17T17:42:04.552892+00:00,2026-09-18T17:42:04.646372+00:00,71afaca9745ee4ccf4585464d726c841fbfad7e0c2a2955e9d8f90559012c0e6,api.league-pro.com,OK,f8570cb672b6a7af671189b5112da50b28871a1eb571a6f10f62b861f9752699
310264,36749,Tournament A18. League 350-400,350-400,2026-09-18T12:30:15.868000+00:00,2026-09-18T06:30:15.868000-06:00,2026-09-18T14:30:15.868000+02:00,3,COMPLETED,1047,Ivo Palmi,1738,Ivan Kolenciak,3,1,1047,Ivo Palmi,,,2026-09-18T12:49:17.368000+00:00,SCHEDULED_START_PLUS_DURATION,2026-09-17T17:42:04.552892+00:00,2026-09-18T17:42:04.646372+00:00,71afaca9745ee4ccf4585464d726c841fbfad7e0c2a2955e9d8f90559012c0e6,api.league-pro.com,OK,4243733aa54dbb77b6c2d209b8b750fee48034dfa5d80bcc92cf5ec02ae2b10d
310152,36736,Tournament A14. League 500-550,500-550,2026-09-18T12:30:18.734000+00:00,2026-09-18T06:30:18.734000-06:00,2026-09-18T14:30:18.734000+02:00,3,COMPLETED,909,Pavel Kulhanek,1852,Zbynek Drabek,3,2,909,Pavel Kulhanek,,,2026-09-18T12:53:48.416000+00:00,SCHEDULED_START_PLUS_DURATION,2026-09-17T17:42:04.552892+00:00,2026-09-18T17:42:04.646372+00:00,71afaca9745ee4ccf4585464d726c841fbfad7e0c2a2955e9d8f90559012c0e6,api.league-pro.com,OK,39233069e0ad90d4a9036ae49e860f3aaf7aff548d9825cdf0390d3ffb76b84a
310228,36745,Tournament A17. League 350-400,350-400,2026-09-18T12:30:28.950000+00:00,2026-09-18T06:30:28.950000-06:00,2026-09-18T14:30:28.950000+02:00,3,COMPLETED,1144,Jaroslav Strnad,1515,Ladislav Novotny,0,3,1515,Ladislav Novotny,,,2026-09-18T12:43:36.931000+00:00,SCHEDULED_START_PLUS_DURATION,2026-09-17T17:42:04.552892+00:00,2026-09-18T17:42:04.646372+00:00,71afaca9745ee4ccf4585464d726c841fbfad7e0c2a2955e9d8f90559012c0e6,api.league-pro.com,OK,056af04e30060b0751f1260274c85d3c16d707fc96b3051927696384220b86b0
310204,36742,Tournament A16. League 1000-1100,1000-1100,2026-09-18T12:30:34.384000+00:00,2026-09-18T06:30:34.384000-06:00,2026-09-18T14:30:34.384000+02:00,3,COMPLETED,1708,Jakub Pilch,1379,Pavel Wawrosz,1,3,1379,Pavel Wawrosz,,,2026-09-18T12:44:34.826000+00:00,SCHEDULED_START_PLUS_DURATION,2026-09-17T17:42:04.552892+00:00,2026-09-18T17:42:04.646372+00:00,71afaca9745ee4ccf4585464d726c841fbfad7e0c2a2955e9d8f90559012c0e6,api.league-pro.com,OK,03514890690df402ae0220bd7147e8185a71e80a5bba23b4f0dd6514f5fa30d7
310205,36742,Tournament A16. League 1000-1100,1000-1100,2026-09-18T13:00:12.366000+00:00,2026-09-18T07:00:12.366000-06:00,2026-09-18T15:00:12.366000+02:00,3,COMPLETED,1708,Jakub Pilch,996,Tadeas Zika,1,3,996,Tadeas Zika,,,2026-09-18T13:16:16.287000+00:00,SCHEDULED_START_PLUS_DURATION,2026-09-17T17:42:04.552892+00:00,2026-09-18T17:42:04.646372+00:00,71afaca9745ee4ccf4585464d726c841fbfad7e0c2a2955e9d8f90559012c0e6,api.league-pro.com,OK,31b6d58014850d5d664fd316c0785f2209f9b70f019db52a71df67d25811068f
310265,36749,Tournament A18. League 350-400,350-400,2026-09-18T13:00:20.635000+00:00,2026-09-18T07:00:20.635000-06:00,2026-09-18T15:00:20.635000+02:00,3,COMPLETED,1219,Josef Toth,1738,Ivan Kolenciak,3,2,1219,Josef Toth,,,2026-09-18T13:26:17.313000+00:00,SCHEDULED_START_PLUS_DURATION,2026-09-17T17:42:04.552892+00:00,2026-09-18T17:42:04.646372+00:00,71afaca9745ee4ccf4585464d726c841fbfad7e0c2a2955e9d8f90559012c0e6,api.league-pro.com,OK,6ea3b07839a60215ef46d30020258454e45a7ef33bec9130e0928151eab7dd3d
310109,36731,Tournament A12. League 800-900,800-900,2026-09-18T13:00:23.703000+00:00,2026-09-18T07:00:23.703000-06:00,2026-09-18T15:00:23.703000+02:00,3,COMPLETED,749,Jan Svoboda,875,Martin Sobisek,1,3,875,Martin Sobisek,,,2026-09-18T13:20:44.963000+00:00,SCHEDULED_START_PLUS_DURATION,2026-09-17T17:42:04.552892+00:00,2026-09-18T17:42:04.646372+00:00,71afaca9745ee4ccf4585464d726c841fbfad7e0c2a2955e9d8f90559012c0e6,api.league-pro.com,OK,c67194954759e01e654bcbe3878143df67b2771cee00548b249b2207fccc3e79
310229,36745,Tournament A17. League 350-400,350-400,2026-09-18T13:00:32.738000+00:00,2026-09-18T07:00:32.738000-06:00,2026-09-18T15:00:32.738000+02:00,3,COMPLETED,1253,Marcel Marjan,1144,Jaroslav Strnad,3,1,1253,Marcel Marjan,,,2026-09-18T13:15:13.412000+00:00,SCHEDULED_START_PLUS_DURATION,2026-09-17T17:42:04.552892+00:00,2026-09-18T17:42:04.646372+00:00,71afaca9745ee4ccf4585464d726c841fbfad7e0c2a2955e9d8f90559012c0e6,api.league-pro.com,OK,b4d316f1d72633f3e50e7d4c4025021343f9decc88a0e1a468881dd2977259d8
310153,36736,Tournament A14. League 500-550,500-550,2026-09-18T13:04:11.943000+00:00,2026-09-18T07:04:11.943000-06:00,2026-09-18T15:04:11.943000+02:00,3,COMPLETED,1852,Zbynek Drabek,1452,Zdenek Zikmunda,3,2,1852,Zbynek Drabek,,,2026-09-18T13:31:15.943000+00:00,SCHEDULED_START_PLUS_DURATION,2026-09-17T17:42:04.552892+00:00,2026-09-18T17:42:04.646372+00:00,71afaca9745ee4ccf4585464d726c841fbfad7e0c2a2955e9d8f90559012c0e6,api.league-pro.com,OK,3b3801154ad165fef55b991a671562c9ecf1d0659ad0d447a6193f4385f806e6
310110,36731,Tournament A12. League 800-900,800-900,2026-09-18T13:30:06.694000+00:00,2026-09-18T07:30:06.694000-06:00,2026-09-18T15:30:06.694000+02:00,3,COMPLETED,1662,Martin Vizek,830,Jakub Hradecky,2,3,830,Jakub Hradecky,,,2026-09-18T13:48:14.299000+00:00,SCHEDULED_START_PLUS_DURATION,2026-09-17T17:42:04.552892+00:00,2026-09-18T17:42:04.646372+00:00,71afaca9745ee4ccf4585464d726c841fbfad7e0c2a2955e9d8f90559012c0e6,api.league-pro.com,OK,97fa16d880ec70d4adc5535d91e903b8315ac7fe7654cbdd2ac5cec1b2b3e371
310230,36745,Tournament A17. League 350-400,350-400,2026-09-18T13:30:08.100000+00:00,2026-09-18T07:30:08.100000-06:00,2026-09-18T15:30:08.100000+02:00,3,COMPLETED,1515,Ladislav Novotny,1228,Jaromir Cernik,1,3,1228,Jaromir Cernik,,,2026-09-18T13:53:31.230000+00:00,SCHEDULED_START_PLUS_DURATION,2026-09-17T17:42:04.552892+00:00,2026-09-18T17:42:04.646372+00:00,71afaca9745ee4ccf4585464d726c841fbfad7e0c2a2955e9d8f90559012c0e6,api.league-pro.com,OK,b6d21a1c6e82a1bb6a9957632849b600927b1a110378b321169afb6eaf5123bd
310266,36749,Tournament A18. League 350-400,350-400,2026-09-18T13:30:11.784000+00:00,2026-09-18T07:30:11.784000-06:00,2026-09-18T15:30:11.784000+02:00,3,COMPLETED,1047,Ivo Palmi,1075,Alois Kanak,3,2,1047,Ivo Palmi,,,2026-09-18T13:52:24.415000+00:00,SCHEDULED_START_PLUS_DURATION,2026-09-17T17:42:04.552892+00:00,2026-09-18T17:42:04.646372+00:00,71afaca9745ee4ccf4585464d726c841fbfad7e0c2a2955e9d8f90559012c0e6,api.league-pro.com,OK,bfd679234652205f52522e3d1ad870e0e00507a84b758fdd165d8501745c6386
310206,36742,Tournament A16. League 1000-1100,1000-1100,2026-09-18T13:30:36.956000+00:00,2026-09-18T07:30:36.956000-06:00,2026-09-18T15:30:36.956000+02:00,3,COMPLETED,1046,Radomir Revay,1379,Pavel Wawrosz,3,2,1046,Radomir Revay,,,2026-09-18T13:53:22.570000+00:00,SCHEDULED_START_PLUS_DURATION,2026-09-17T17:42:04.552892+00:00,2026-09-18T17:42:04.646372+00:00,71afaca9745ee4ccf4585464d726c841fbfad7e0c2a2955e9d8f90559012c0e6,api.league-pro.com,OK,7a73d9ee226e00e8d40096c51c8488b7e56f5aecb9a367745134ed99991ed139
310154,36736,Tournament A14. League 500-550,500-550,2026-09-18T13:33:10.983000+00:00,2026-09-18T07:33:10.983000-06:00,2026-09-18T15:33:10.983000+02:00,3,COMPLETED,1217,Martin Stefek,909,Pavel Kulhanek,3,2,1217,Martin Stefek,,,2026-09-18T13:52:07.856000+00:00,SCHEDULED_START_PLUS_DURATION,2026-09-17T17:42:04.552892+00:00,2026-09-18T17:42:04.646372+00:00,71afaca9745ee4ccf4585464d726c841fbfad7e0c2a2955e9d8f90559012c0e6,api.league-pro.com,OK,ee76295ae693f86b2b40ef3fa156ea8175dfe8b5c7dbd86f27f082e44e8e4175
310112,36732,Tournament A12. League 600-700,600-700,2026-09-18T14:00:08.319000+00:00,2026-09-18T08:00:08.319000-06:00,2026-09-18T16:00:08.319000+02:00,3,COMPLETED,1681,Adam Svoboda,1434,Frantisek Briza,3,2,1681,Adam Svoboda,,,2026-09-18T14:19:35.509000+00:00,SCHEDULED_START_PLUS_DURATION,2026-09-17T17:42:04.552892+00:00,2026-09-18T17:42:04.646372+00:00,71afaca9745ee4ccf4585464d726c841fbfad7e0c2a2955e9d8f90559012c0e6,api.league-pro.com,OK,3066ab52a7af222be72fb47ff63174ddb4732aa89dd509687d558b3edb7ad2df
310267,36750,Tournament A18. League 1000-1100,1000-1100,2026-09-18T14:00:09.895000+00:00,2026-09-18T08:00:09.895000-06:00,2026-09-18T16:00:09.895000+02:00,3,COMPLETED,1803,Matej Grundel,1731,Daniel Tomica,3,2,1803,Matej Grundel,,,2026-09-18T14:26:06.650000+00:00,SCHEDULED_START_PLUS_DURATION,2026-09-17T17:42:04.552892+00:00,2026-09-18T17:42:04.646372+00:00,71afaca9745ee4ccf4585464d726c841fbfad7e0c2a2955e9d8f90559012c0e6,api.league-pro.com,OK,9e240fee3014b81fb2fe627bfd9328c73f700647292af344f800bf7cd0e5e0ed
310231,36746,Tournament A17. League 800-900,800-900,2026-09-18T14:00:11.199000+00:00,2026-09-18T08:00:11.199000-06:00,2026-09-18T16:00:11.199000+02:00,3,COMPLETED,1582,Viktor Vejvoda,885,Denis Hofman,3,0,1582,Viktor Vejvoda,,,2026-09-18T14:10:22.922000+00:00,SCHEDULED_START_PLUS_DURATION,2026-09-17T17:42:04.552892+00:00,2026-09-18T17:42:04.646372+00:00,71afaca9745ee4ccf4585464d726c841fbfad7e0c2a2955e9d8f90559012c0e6,api.league-pro.com,OK,9141384ab6ed9c9a8990a257b87db132fc66e46ee82166216b4ea8d703e7b2c6
310155,36737,Tournament A14. League 900-1000,900-1000,2026-09-18T14:00:21.200000+00:00,2026-09-18T08:00:21.200000-06:00,2026-09-18T16:00:21.200000+02:00,3,COMPLETED,1324,Ondrej Svacha,1128,Radim Urbaniec,1,3,1128,Radim Urbaniec,,,2026-09-18T14:14:13.448000+00:00,SCHEDULED_START_PLUS_DURATION,2026-09-17T17:42:04.552892+00:00,2026-09-18T17:42:04.646372+00:00,71afaca9745ee4ccf4585464d726c841fbfad7e0c2a2955e9d8f90559012c0e6,api.league-pro.com,OK,d84e61f53bee008b74d46176af0c83afc695005440447c5f83278233c1c46373
310207,36743,Tournament A16. League 550-600,550-600,2026-09-18T14:00:36.469000+00:00,2026-09-18T08:00:36.469000-06:00,2026-09-18T16:00:36.469000+02:00,3,COMPLETED,1546,Petr Osvald,1805,Ivo Taichman,0,3,1805,Ivo Taichman,,,2026-09-18T14:16:01.921000+00:00,SCHEDULED_START_PLUS_DURATION,2026-09-17T17:42:04.552892+00:00,2026-09-18T17:42:04.646372+00:00,71afaca9745ee4ccf4585464d726c841fbfad7e0c2a2955e9d8f90559012c0e6,api.league-pro.com,OK,327ef3b8d549a939acf669f9a7e2d087acfa8edf2c69d5e7e710b68d99e4eeb2
310111,36732,Tournament A12. League 600-700,600-700,2026-09-18T14:30:09.300000+00:00,2026-09-18T08:30:09.300000-06:00,2026-09-18T16:30:09.300000+02:00,3,COMPLETED,1607,David Horak,897,Tibor Kolenic,1,3,897,Tibor Kolenic,,,2026-09-18T14:45:04.846000+00:00,SCHEDULED_START_PLUS_DURATION,2026-09-17T17:42:04.552892+00:00,2026-09-18T17:42:04.646372+00:00,71afaca9745ee4ccf4585464d726c841fbfad7e0c2a2955e9d8f90559012c0e6,api.league-pro.com,OK,363b474cdcb4b625d596e9704e0e485642aeb88a61d886018f02cc75e803f22a
310268,36750,Tournament A18. League 1000-1100,1000-1100,2026-09-18T14:30:12.708000+00:00,2026-09-18T08:30:12.708000-06:00,2026-09-18T16:30:12.708000+02:00,3,COMPLETED,1708,Jakub Pilch,1283,Radovan Polasek,0,3,1283,Radovan Polasek,,,2026-09-18T14:42:01.858000+00:00,SCHEDULED_START_PLUS_DURATION,2026-09-17T17:42:04.552892+00:00,2026-09-18T17:42:04.646372+00:00,71afaca9745ee4ccf4585464d726c841fbfad7e0c2a2955e9d8f90559012c0e6,api.league-pro.com,OK,55ef4560ec4c2a85b76fc5339981d0d55800f913d5bca820bae31efaec6b696a
310156,36737,Tournament A14. League 900-1000,900-1000,2026-09-18T14:30:25.565000+00:00,2026-09-18T08:30:25.565000-06:00,2026-09-18T16:30:25.565000+02:00,3,COMPLETED,1611,Vaclav Nohejl,1633,Ondrej Cmerda,3,2,1611,Vaclav Nohejl,,,2026-09-18T14:51:41.280000+00:00,SCHEDULED_START_PLUS_DURATION,2026-09-17T17:42:04.552892+00:00,2026-09-18T17:42:04.646372+00:00,71afaca9745ee4ccf4585464d726c841fbfad7e0c2a2955e9d8f90559012c0e6,api.league-pro.com,OK,2e6b13b444a9bca380e1406597a7bff29abc2d6ef424f591181caec7cb79b8e9
310232,36746,Tournament A17. League 800-900,800-900,2026-09-18T14:30:27.946000+00:00,2026-09-18T08:30:27.946000-06:00,2026-09-18T16:30:27.946000+02:00,3,COMPLETED,1600,Michal Vondrak,1539,Jakub Tazler,3,1,1600,Michal Vondrak,,,2026-09-18T14:46:50.690000+00:00,SCHEDULED_START_PLUS_DURATION,2026-09-17T17:42:04.552892+00:00,2026-09-18T17:42:04.646372+00:00,71afaca9745ee4ccf4585464d726c841fbfad7e0c2a2955e9d8f90559012c0e6,api.league-pro.com,OK,b2c79019a031602cb59c83c4bdc086ff5ff82979dbf91644d838324755fe6fca
310208,36743,Tournament A16. League 550-600,550-600,2026-09-18T14:30:28.583000+00:00,2026-09-18T08:30:28.583000-06:00,2026-09-18T16:30:28.583000+02:00,3,COMPLETED,1812,Tomas Milkov,1736,Roman Guliak,0,3,1736,Roman Guliak,,,2026-09-18T14:43:31.182000+00:00,SCHEDULED_START_PLUS_DURATION,2026-09-17T17:42:04.552892+00:00,2026-09-18T17:42:04.646372+00:00,71afaca9745ee4ccf4585464d726c841fbfad7e0c2a2955e9d8f90559012c0e6,api.league-pro.com,OK,2fc65d1ef0c6f5a293652c4a624c11b1c558d036381e368f7045eea9f6c7e44c
310113,36732,Tournament A12. League 600-700,600-700,2026-09-18T15:00:08.939000+00:00,2026-09-18T09:00:08.939000-06:00,2026-09-18T17:00:08.939000+02:00,3,COMPLETED,897,Tibor Kolenic,1681,Adam Svoboda,3,1,897,Tibor Kolenic,,,2026-09-18T15:19:01.313000+00:00,SCHEDULED_START_PLUS_DURATION,2026-09-17T17:42:04.552892+00:00,2026-09-18T17:42:04.646372+00:00,71afaca9745ee4ccf4585464d726c841fbfad7e0c2a2955e9d8f90559012c0e6,api.league-pro.com,OK,8b40823785ae7236e1ab3c64f3427b61728f47868284bee474884ffcd47b1333
310269,36750,Tournament A18. League 1000-1100,1000-1100,2026-09-18T15:00:09.189000+00:00,2026-09-18T09:00:09.189000-06:00,2026-09-18T17:00:09.189000+02:00,3,COMPLETED,1731,Daniel Tomica,1708,Jakub Pilch,3,2,1731,Daniel Tomica,,,2026-09-18T15:28:57.382000+00:00,SCHEDULED_START_PLUS_DURATION,2026-09-17T17:42:04.552892+00:00,2026-09-18T17:42:04.646372+00:00,71afaca9745ee4ccf4585464d726c841fbfad7e0c2a2955e9d8f90559012c0e6,api.league-pro.com,OK,fdaf9f8a0e34b4f579b24838ad157478cf81d910fff45780b4a2af8613d76e72
310209,36743,Tournament A16. League 550-600,550-600,2026-09-18T15:00:10.880000+00:00,2026-09-18T09:00:10.880000-06:00,2026-09-18T17:00:10.880000+02:00,3,COMPLETED,1805,Ivo Taichman,1812,Tomas Milkov,3,0,1805,Ivo Taichman,,,2026-09-18T15:11:52.258000+00:00,SCHEDULED_START_PLUS_DURATION,2026-09-17T17:42:04.552892+00:00,2026-09-18T17:42:04.646372+00:00,71afaca9745ee4ccf4585464d726c841fbfad7e0c2a2955e9d8f90559012c0e6,api.league-pro.com,OK,eb1028aedc804998e22252bb7acec54756d4d8200dc036e523142f212a5019b8
310233,36746,Tournament A17. League 800-900,800-900,2026-09-18T15:00:16.410000+00:00,2026-09-18T09:00:16.410000-06:00,2026-09-18T17:00:16.410000+02:00,3,COMPLETED,885,Denis Hofman,1600,Michal Vondrak,2,3,1600,Michal Vondrak,,,2026-09-18T15:20:31.178000+00:00,SCHEDULED_START_PLUS_DURATION,2026-09-17T17:42:04.552892+00:00,2026-09-18T17:42:04.646372+00:00,71afaca9745ee4ccf4585464d726c841fbfad7e0c2a2955e9d8f90559012c0e6,api.league-pro.com,OK,06c0266b5e1ac88caea7f899075852ad3a00bcdc94e71492bf3f0fa6787905db
310157,36737,Tournament A14. League 900-1000,900-1000,2026-09-18T15:00:43.257000+00:00,2026-09-18T09:00:43.257000-06:00,2026-09-18T17:00:43.257000+02:00,3,COMPLETED,1128,Radim Urbaniec,1611,Vaclav Nohejl,2,3,1611,Vaclav Nohejl,,,2026-09-18T15:21:19.107000+00:00,SCHEDULED_START_PLUS_DURATION,2026-09-17T17:42:04.552892+00:00,2026-09-18T17:42:04.646372+00:00,71afaca9745ee4ccf4585464d726c841fbfad7e0c2a2955e9d8f90559012c0e6,api.league-pro.com,OK,aec2d46462a863c3f665260782caeb9fdcf72ca4a0d10b9b1dd96ae9791d767a
310114,36732,Tournament A12. League 600-700,600-700,2026-09-18T15:30:08.035000+00:00,2026-09-18T09:30:08.035000-06:00,2026-09-18T17:30:08.035000+02:00,3,COMPLETED,1434,Frantisek Briza,1607,David Horak,3,1,1434,Frantisek Briza,,,2026-09-18T15:46:55.450000+00:00,SCHEDULED_START_PLUS_DURATION,2026-09-17T17:42:04.552892+00:00,2026-09-18T17:42:04.646372+00:00,71afaca9745ee4ccf4585464d726c841fbfad7e0c2a2955e9d8f90559012c0e6,api.league-pro.com,OK,7eaf5b38328f937e0068981fbd2c4e453a79739b41f6baad6651e577f55d655f
310234,36746,Tournament A17. League 800-900,800-900,2026-09-18T15:30:13.208000+00:00,2026-09-18T09:30:13.208000-06:00,2026-09-18T17:30:13.208000+02:00,3,COMPLETED,1539,Jakub Tazler,1582,Viktor Vejvoda,2,3,1582,Viktor Vejvoda,,,2026-09-18T15:47:22.787000+00:00,SCHEDULED_START_PLUS_DURATION,2026-09-17T17:42:04.552892+00:00,2026-09-18T17:42:04.646372+00:00,71afaca9745ee4ccf4585464d726c841fbfad7e0c2a2955e9d8f90559012c0e6,api.league-pro.com,OK,775fa49808812e2533ba509a554364e09f1e52021b500e97ae5e9594fa76e803
310158,36737,Tournament A14. League 900-1000,900-1000,2026-09-18T15:30:14.688000+00:00,2026-09-18T09:30:14.688000-06:00,2026-09-18T17:30:14.688000+02:00,3,COMPLETED,1633,Ondrej Cmerda,1324,Ondrej Svacha,3,2,1633,Ondrej Cmerda,,,2026-09-18T15:47:45.799000+00:00,SCHEDULED_START_PLUS_DURATION,2026-09-17T17:42:04.552892+00:00,2026-09-18T17:42:04.646372+00:00,71afaca9745ee4ccf4585464d726c841fbfad7e0c2a2955e9d8f90559012c0e6,api.league-pro.com,OK,954ad3fc04b2ee08163a14dc45122b320c18964d10563b192fecd95d1180555a
310210,36743,Tournament A16. League 550-600,550-600,2026-09-18T15:30:15.433000+00:00,2026-09-18T09:30:15.433000-06:00,2026-09-18T17:30:15.433000+02:00,3,COMPLETED,1736,Roman Guliak,1546,Petr Osvald,0,3,1546,Petr Osvald,,,2026-09-18T15:45:58.086000+00:00,SCHEDULED_START_PLUS_DURATION,2026-09-17T17:42:04.552892+00:00,2026-09-18T17:42:04.646372+00:00,71afaca9745ee4ccf4585464d726c841fbfad7e0c2a2955e9d8f90559012c0e6,api.league-pro.com,OK,9fd68150e64ecc45b647cd2055497bcfb8909dc07cd2af6d6063bc0cc79799e7
310270,36750,Tournament A18. League 1000-1100,1000-1100,2026-09-18T15:30:18.758000+00:00,2026-09-18T09:30:18.758000-06:00,2026-09-18T17:30:18.758000+02:00,3,COMPLETED,1283,Radovan Polasek,1803,Matej Grundel,3,0,1283,Radovan Polasek,,,2026-09-18T15:41:59.528000+00:00,SCHEDULED_START_PLUS_DURATION,2026-09-17T17:42:04.552892+00:00,2026-09-18T17:42:04.646372+00:00,71afaca9745ee4ccf4585464d726c841fbfad7e0c2a2955e9d8f90559012c0e6,api.league-pro.com,OK,15877d49677fa4f5bf30c279ad06a25176c61888e875c8ee5e6025bec920dace
310235,36746,Tournament A17. League 800-900,800-900,2026-09-18T16:00:06.645000+00:00,2026-09-18T10:00:06.645000-06:00,2026-09-18T18:00:06.645000+02:00,3,COMPLETED,1582,Viktor Vejvoda,1600,Michal Vondrak,1,3,1600,Michal Vondrak,,,2026-09-18T16:14:14.713000+00:00,SCHEDULED_START_PLUS_DURATION,2026-09-17T17:42:04.552892+00:00,2026-09-18T17:42:04.646372+00:00,71afaca9745ee4ccf4585464d726c841fbfad7e0c2a2955e9d8f90559012c0e6,api.league-pro.com,OK,67acb081505365b62cfcdfd9f785d62128e6b344b661497f9225f752f5280910
310115,36732,Tournament A12. League 600-700,600-700,2026-09-18T16:00:09.145000+00:00,2026-09-18T10:00:09.145000-06:00,2026-09-18T18:00:09.145000+02:00,3,COMPLETED,1607,David Horak,1681,Adam Svoboda,2,3,1681,Adam Svoboda,,,2026-09-18T16:18:11.192000+00:00,SCHEDULED_START_PLUS_DURATION,2026-09-17T17:42:04.552892+00:00,2026-09-18T17:42:04.646372+00:00,71afaca9745ee4ccf4585464d726c841fbfad7e0c2a2955e9d8f90559012c0e6,api.league-pro.com,OK,4997b2171734e2a31a0f76f615a05b3287355d7ba7c8a1571543115cd91ebf1d
310271,36750,Tournament A18. League 1000-1100,1000-1100,2026-09-18T16:00:09.923000+00:00,2026-09-18T10:00:09.923000-06:00,2026-09-18T18:00:09.923000+02:00,3,COMPLETED,1803,Matej Grundel,1708,Jakub Pilch,1,3,1708,Jakub Pilch,,,2026-09-18T16:15:56.657000+00:00,SCHEDULED_START_PLUS_DURATION,2026-09-17T17:42:04.552892+00:00,2026-09-18T17:42:04.646372+00:00,71afaca9745ee4ccf4585464d726c841fbfad7e0c2a2955e9d8f90559012c0e6,api.league-pro.com,OK,d6439d1ce25c1fa09886904df81817fd424eb59b558ef931bc312399e130c114
310211,36743,Tournament A16. League 550-600,550-600,2026-09-18T16:00:10.156000+00:00,2026-09-18T10:00:10.156000-06:00,2026-09-18T18:00:10.156000+02:00,3,COMPLETED,1546,Petr Osvald,1812,Tomas Milkov,3,1,1546,Petr Osvald,,,2026-09-18T16:18:11.308000+00:00,SCHEDULED_START_PLUS_DURATION,2026-09-17T17:42:04.552892+00:00,2026-09-18T17:42:04.646372+00:00,71afaca9745ee4ccf4585464d726c841fbfad7e0c2a2955e9d8f90559012c0e6,api.league-pro.com,OK,95e0f39770d0387cb3ac125ac355cf92e42bfa73b312ee05243066222056cf66
310159,36737,Tournament A14. League 900-1000,900-1000,2026-09-18T16:00:10.412000+00:00,2026-09-18T10:00:10.412000-06:00,2026-09-18T18:00:10.412000+02:00,3,COMPLETED,1324,Ondrej Svacha,1611,Vaclav Nohejl,1,3,1611,Vaclav Nohejl,,,2026-09-18T16:15:48.217000+00:00,SCHEDULED_START_PLUS_DURATION,2026-09-17T17:42:04.552892+00:00,2026-09-18T17:42:04.646372+00:00,71afaca9745ee4ccf4585464d726c841fbfad7e0c2a2955e9d8f90559012c0e6,api.league-pro.com,OK,97ca493980932cda24cd5c7fdefb044a63b9e5a61cf323a376f4cb607b84edad
310212,36743,Tournament A16. League 550-600,550-600,2026-09-18T16:30:10.187000+00:00,2026-09-18T10:30:10.187000-06:00,2026-09-18T18:30:10.187000+02:00,3,COMPLETED,1805,Ivo Taichman,1736,Roman Guliak,3,2,1805,Ivo Taichman,,,2026-09-18T16:52:15.104000+00:00,SCHEDULED_START_PLUS_DURATION,2026-09-17T17:42:04.552892+00:00,2026-09-18T17:42:04.646372+00:00,71afaca9745ee4ccf4585464d726c841fbfad7e0c2a2955e9d8f90559012c0e6,api.league-pro.com,OK,82fb7d61b503609496786c3efd06059180f0d2cf6122b73c26a9e342010c3e24
310236,36746,Tournament A17. League 800-900,800-900,2026-09-18T16:30:10.681000+00:00,2026-09-18T10:30:10.681000-06:00,2026-09-18T18:30:10.681000+02:00,3,COMPLETED,885,Denis Hofman,1539,Jakub Tazler,1,3,1539,Jakub Tazler,,,2026-09-18T16:42:03.116000+00:00,SCHEDULED_START_PLUS_DURATION,2026-09-17T17:42:04.552892+00:00,2026-09-18T17:42:04.646372+00:00,71afaca9745ee4ccf4585464d726c841fbfad7e0c2a2955e9d8f90559012c0e6,api.league-pro.com,OK,ecebe87f07a7005298aae209b8b86110b7c1c8ed1a69de5ce7953d30ea664a35
310116,36732,Tournament A12. League 600-700,600-700,2026-09-18T16:30:11.497000+00:00,2026-09-18T10:30:11.497000-06:00,2026-09-18T18:30:11.497000+02:00,3,COMPLETED,897,Tibor Kolenic,1434,Frantisek Briza,2,3,1434,Frantisek Briza,,,2026-09-18T16:54:53.023000+00:00,SCHEDULED_START_PLUS_DURATION,2026-09-17T17:42:04.552892+00:00,2026-09-18T17:42:04.646372+00:00,71afaca9745ee4ccf4585464d726c841fbfad7e0c2a2955e9d8f90559012c0e6,api.league-pro.com,OK,176754f4b9c9378fb90c7a1a93624e7f767bb794db13956c3d39981b24112c21
310272,36750,Tournament A18. League 1000-1100,1000-1100,2026-09-18T16:30:12.310000+00:00,2026-09-18T10:30:12.310000-06:00,2026-09-18T18:30:12.310000+02:00,3,COMPLETED,1731,Daniel Tomica,1283,Radovan Polasek,3,1,1731,Daniel Tomica,,,2026-09-18T16:49:23.359000+00:00,SCHEDULED_START_PLUS_DURATION,2026-09-17T17:42:04.552892+00:00,2026-09-18T17:42:04.646372+00:00,71afaca9745ee4ccf4585464d726c841fbfad7e0c2a2955e9d8f90559012c0e6,api.league-pro.com,OK,6de7366ec8ceffe7b55043a96e7cf06e1a13d27e4c1348baa849bee396a40732
310160,36737,Tournament A14. League 900-1000,900-1000,2026-09-18T16:30:39.101000+00:00,2026-09-18T10:30:39.101000-06:00,2026-09-18T18:30:39.101000+02:00,3,COMPLETED,1128,Radim Urbaniec,1633,Ondrej Cmerda,3,0,1128,Radim Urbaniec,,,2026-09-18T16:41:34.180000+00:00,SCHEDULED_START_PLUS_DURATION,2026-09-17T17:42:04.552892+00:00,2026-09-18T17:42:04.646372+00:00,71afaca9745ee4ccf4585464d726c841fbfad7e0c2a2955e9d8f90559012c0e6,api.league-pro.com,OK,cc228c78958b6fa2993529a6e933226936114431d1e454b7e3a366731e4fc09b
310237,36746,Tournament A17. League 800-900,800-900,2026-09-18T17:00:25.718000+00:00,2026-09-18T11:00:25.718000-06:00,2026-09-18T19:00:25.718000+02:00,3,COMPLETED,1539,Jakub Tazler,885,Denis Hofman,2,3,885,Denis Hofman,,,2026-09-18T17:18:21.010000+00:00,SCHEDULED_START_PLUS_DURATION,2026-09-17T17:42:04.552892+00:00,2026-09-18T17:42:04.646372+00:00,71afaca9745ee4ccf4585464d726c841fbfad7e0c2a2955e9d8f90559012c0e6,api.league-pro.com,OK,da96cc039c0621f5dab38abbb65b387664e1211a848eedfbc6796e4ff801f02f
310161,36737,Tournament A14. League 900-1000,900-1000,2026-09-18T17:00:25.873000+00:00,2026-09-18T11:00:25.873000-06:00,2026-09-18T19:00:25.873000+02:00,3,COMPLETED,1633,Ondrej Cmerda,1324,Ondrej Svacha,2,3,1324,Ondrej Svacha,,,2026-09-18T17:19:20.751000+00:00,SCHEDULED_START_PLUS_DURATION,2026-09-17T17:42:04.552892+00:00,2026-09-18T17:42:04.646372+00:00,71afaca9745ee4ccf4585464d726c841fbfad7e0c2a2955e9d8f90559012c0e6,api.league-pro.com,OK,ef1ad79bbd4faa098684507c6ab183893b08ced37b9a898797e9fc6491b67cb0
310273,36750,Tournament A18. League 1000-1100,1000-1100,2026-09-18T17:00:32.250000+00:00,2026-09-18T11:00:32.250000-06:00,2026-09-18T19:00:32.250000+02:00,3,COMPLETED,1708,Jakub Pilch,1803,Matej Grundel,3,0,1708,Jakub Pilch,,,2026-09-18T17:15:37.418000+00:00,SCHEDULED_START_PLUS_DURATION,2026-09-17T17:42:04.552892+00:00,2026-09-18T17:42:04.646372+00:00,71afaca9745ee4ccf4585464d726c841fbfad7e0c2a2955e9d8f90559012c0e6,api.league-pro.com,OK,b730f5adab5700b3305193c8f293e2cb2c36870a08e62fe03bcfaa7cfb564b2d
310213,36743,Tournament A16. League 550-600,550-600,2026-09-18T17:01:16.786000+00:00,2026-09-18T11:01:16.786000-06:00,2026-09-18T19:01:16.786000+02:00,3,COMPLETED,1736,Roman Guliak,1812,Tomas Milkov,1,3,1812,Tomas Milkov,,,2026-09-18T17:18:44.346000+00:00,SCHEDULED_START_PLUS_DURATION,2026-09-17T17:42:04.552892+00:00,2026-09-18T17:42:04.646372+00:00,71afaca9745ee4ccf4585464d726c841fbfad7e0c2a2955e9d8f90559012c0e6,api.league-pro.com,OK,6bd1a47a7d4a386c6ee76f140d45750b1e2ddf057601a16940d0071c6157016a
310117,36732,Tournament A12. League 600-700,600-700,2026-09-18T17:04:31.631000+00:00,2026-09-18T11:04:31.631000-06:00,2026-09-18T19:04:31.631000+02:00,3,COMPLETED,1681,Adam Svoboda,1607,David Horak,3,1,1681,Adam Svoboda,,,2026-09-18T17:19:13.513000+00:00,SCHEDULED_START_PLUS_DURATION,2026-09-17T17:42:04.552892+00:00,2026-09-18T17:42:04.646372+00:00,71afaca9745ee4ccf4585464d726c841fbfad7e0c2a2955e9d8f90559012c0e6,api.league-pro.com,OK,66978e2347e380cc5247d31f8124894df1a4e55361b8fb5c731b715ca479b74c
310118,36732,Tournament A12. League 600-700,600-700,2026-09-18T17:30:07.084000+00:00,2026-09-18T11:30:07.084000-06:00,2026-09-18T19:30:07.084000+02:00,3,COMPLETED,897,Tibor Kolenic,1434,Frantisek Briza,3,2,897,Tibor Kolenic,,,2026-09-18T17:51:48.950000+00:00,SCHEDULED_START_PLUS_DURATION,2026-09-17T17:42:04.552892+00:00,2026-09-19T05:42:02.307924+00:00,70c51ce55465b45d234494e92b74eee1f99c326674e8285aabd8e90e3937e03b,api.league-pro.com,OK,6de997e2a502827aa2f6fa6716bcfd0123aa447dc1a596a2b5ff34ca22d33601
310274,36750,Tournament A18. League 1000-1100,1000-1100,2026-09-18T17:30:08.615000+00:00,2026-09-18T11:30:08.615000-06:00,2026-09-18T19:30:08.615000+02:00,3,COMPLETED,1731,Daniel Tomica,1283,Radovan Polasek,3,2,1731,Daniel Tomica,,,2026-09-18T18:00:21.825000+00:00,SCHEDULED_START_PLUS_DURATION,2026-09-17T17:42:04.552892+00:00,2026-09-19T05:42:02.307924+00:00,70c51ce55465b45d234494e92b74eee1f99c326674e8285aabd8e90e3937e03b,api.league-pro.com,OK,9642029e977e9344a98d635b0644110db0a404fd9faaad4ddfd70b20a0dbe5ca
310162,36737,Tournament A14. League 900-1000,900-1000,2026-09-18T17:30:15.101000+00:00,2026-09-18T11:30:15.101000-06:00,2026-09-18T19:30:15.101000+02:00,3,COMPLETED,1611,Vaclav Nohejl,1128,Radim Urbaniec,3,2,1611,Vaclav Nohejl,,,2026-09-18T17:49:56.488000+00:00,SCHEDULED_START_PLUS_DURATION,2026-09-17T17:42:04.552892+00:00,2026-09-19T05:42:02.307924+00:00,70c51ce55465b45d234494e92b74eee1f99c326674e8285aabd8e90e3937e03b,api.league-pro.com,OK,5f5846fdde6d529e1c6a9271f8af21d08a97459aadeab647fc3a59c8ceff40e9
310214,36743,Tournament A16. League 550-600,550-600,2026-09-18T17:30:16.634000+00:00,2026-09-18T11:30:16.634000-06:00,2026-09-18T19:30:16.634000+02:00,3,COMPLETED,1805,Ivo Taichman,1546,Petr Osvald,3,0,1805,Ivo Taichman,,,2026-09-18T17:47:55.294000+00:00,SCHEDULED_START_PLUS_DURATION,2026-09-17T17:42:04.552892+00:00,2026-09-19T05:42:02.307924+00:00,70c51ce55465b45d234494e92b74eee1f99c326674e8285aabd8e90e3937e03b,api.league-pro.com,OK,397e29e44a1c92cb0847ea30a271e48068a912586c94db80ad5365aee47532c5
310238,36746,Tournament A17. League 800-900,800-900,2026-09-18T17:30:19.447000+00:00,2026-09-18T11:30:19.447000-06:00,2026-09-18T19:30:19.447000+02:00,3,COMPLETED,1600,Michal Vondrak,1582,Viktor Vejvoda,1,3,1582,Viktor Vejvoda,,,2026-09-18T17:45:07.792000+00:00,SCHEDULED_START_PLUS_DURATION,2026-09-17T17:42:04.552892+00:00,2026-09-19T05:42:02.307924+00:00,70c51ce55465b45d234494e92b74eee1f99c326674e8285aabd8e90e3937e03b,api.league-pro.com,OK,e474ea420de14601203948306a3c0b55d177b859754da42112e6e9ab18ae4160
310239,36747,Tournament A17. League 500-550,500-550,2026-09-18T18:00:14.260000+00:00,2026-09-18T12:00:14.260000-06:00,2026-09-18T20:00:14.260000+02:00,3,COMPLETED,1566,Vaclav Kosar,942,Jaroslav Strnad,3,2,1566,Vaclav Kosar,,,2026-09-18T18:26:53.064000+00:00,SCHEDULED_START_PLUS_DURATION,2026-09-17T17:42:04.552892+00:00,2026-09-19T05:42:02.307924+00:00,70c51ce55465b45d234494e92b74eee1f99c326674e8285aabd8e90e3937e03b,api.league-pro.com,OK,4454a1910cf4ae62f5b116436444ab0a71e794bc01e35247cc8b7c65b67d59d6
310119,36733,Tournament A12. League 600-700,600-700,2026-09-18T18:00:16.740000+00:00,2026-09-18T12:00:16.740000-06:00,2026-09-18T20:00:16.740000+02:00,3,COMPLETED,1545,Yurii Holovatiuk,1547,Dmitro Parhomenko,3,1,1545,Yurii Holovatiuk,,,2026-09-18T18:14:45.063000+00:00,SCHEDULED_START_PLUS_DURATION,2026-09-17T17:42:04.552892+00:00,2026-09-19T05:42:02.307924+00:00,70c51ce55465b45d234494e92b74eee1f99c326674e8285aabd8e90e3937e03b,api.league-pro.com,OK,afe3f8e69bbbac406b204270bd1d0ba0e4c45a4be1e53a5f4e893d0e2a92a841
310215,36744,Tournament A16. League 700-800,700-800,2026-09-18T18:00:18.798000+00:00,2026-09-18T12:00:18.798000-06:00,2026-09-18T20:00:18.798000+02:00,3,COMPLETED,1038,Dalimil Machander,1173,Dominik Oborny,0,3,1173,Dominik Oborny,,,2026-09-18T18:15:05.453000+00:00,SCHEDULED_START_PLUS_DURATION,2026-09-17T17:42:04.552892+00:00,2026-09-19T05:42:02.307924+00:00,70c51ce55465b45d234494e92b74eee1f99c326674e8285aabd8e90e3937e03b,api.league-pro.com,OK,cffcfb3a2ba20515c53ceb2fb971cb15d42d5ff54a22fad44cc3cb34ee75fc7a
310163,36738,Tournament A14. League 700-800,700-800,2026-09-18T18:00:32.302000+00:00,2026-09-18T12:00:32.302000-06:00,2026-09-18T20:00:32.302000+02:00,3,COMPLETED,837,Radim Pavelka,822,Jaroslav Prokupek,2,3,822,Jaroslav Prokupek,,,2026-09-18T18:27:28.640000+00:00,SCHEDULED_START_PLUS_DURATION,2026-09-17T17:42:04.552892+00:00,2026-09-19T05:42:02.307924+00:00,70c51ce55465b45d234494e92b74eee1f99c326674e8285aabd8e90e3937e03b,api.league-pro.com,OK,955d8ba902eca07de53f76a5425cdcc9be8204c6a200e21fe76de06093216710
310283,36752,Tournament A18. League 500-550,500-550,2026-09-18T18:05:09.206000+00:00,2026-09-18T12:05:09.206000-06:00,2026-09-18T20:05:09.206000+02:00,3,COMPLETED,1736,Roman Guliak,1782,Tomas Kraninger,3,0,1736,Roman Guliak,,,2026-09-18T18:17:26.583000+00:00,SCHEDULED_START_PLUS_DURATION,2026-09-17T17:42:04.552892+00:00,2026-09-19T05:42:02.307924+00:00,70c51ce55465b45d234494e92b74eee1f99c326674e8285aabd8e90e3937e03b,api.league-pro.com,OK,e17ba96c778a613519f08d82e997266cc554da0898b9929557b86f2b62da37c4
310216,36744,Tournament A16. League 700-800,700-800,2026-09-18T18:30:04.440000+00:00,2026-09-18T12:30:04.440000-06:00,2026-09-18T20:30:04.440000+02:00,3,COMPLETED,1014,Jakub Levicky,1087,Radomir Vavrecka,2,3,1087,Radomir Vavrecka,,,2026-09-18T18:53:00.257000+00:00,SCHEDULED_START_PLUS_DURATION,2026-09-17T17:42:04.552892+00:00,2026-09-19T05:42:02.307924+00:00,70c51ce55465b45d234494e92b74eee1f99c326674e8285aabd8e90e3937e03b,api.league-pro.com,OK,646996ab82e595a484456e98f22def287a768e68eab78221b68ea5cc1812b7a3
310240,36747,Tournament A17. League 500-550,500-550,2026-09-18T18:30:07.843000+00:00,2026-09-18T12:30:07.843000-06:00,2026-09-18T20:30:07.843000+02:00,3,COMPLETED,1520,Tomas Regner,894,Lubor Sulava,2,3,894,Lubor Sulava,,,2026-09-18T18:54:58.800000+00:00,SCHEDULED_START_PLUS_DURATION,2026-09-17T17:42:04.552892+00:00,2026-09-19T05:42:02.307924+00:00,70c51ce55465b45d234494e92b74eee1f99c326674e8285aabd8e90e3937e03b,api.league-pro.com,OK,c2c8f0b7ec1a51d729834d90d266da72c25b55f004d16d72618df5bf046c5910
310284,36752,Tournament A18. League 500-550,500-550,2026-09-18T18:30:08.326000+00:00,2026-09-18T12:30:08.326000-06:00,2026-09-18T20:30:08.326000+02:00,3,COMPLETED,1788,Vitezslav Bosak,1739,Matyas Kolek,3,0,1788,Vitezslav Bosak,,,2026-09-18T18:44:49.596000+00:00,SCHEDULED_START_PLUS_DURATION,2026-09-17T17:42:04.552892+00:00,2026-09-19T05:42:02.307924+00:00,70c51ce55465b45d234494e92b74eee1f99c326674e8285aabd8e90e3937e03b,api.league-pro.com,OK,cca55903c3b628f2c682fb062a70981a9b35591919a145a6dd7f1f0632c4e088
310120,36733,Tournament A12. League 600-700,600-700,2026-09-18T18:30:10.027000+00:00,2026-09-18T12:30:10.027000-06:00,2026-09-18T20:30:10.027000+02:00,3,COMPLETED,1078,Kyryl Darin,834,Tomas Andrle,3,2,1078,Kyryl Darin,,,2026-09-18T18:51:15.102000+00:00,SCHEDULED_START_PLUS_DURATION,2026-09-17T17:42:04.552892+00:00,2026-09-19T05:42:02.307924+00:00,70c51ce55465b45d234494e92b74eee1f99c326674e8285aabd8e90e3937e03b,api.league-pro.com,OK,9708862b648870666eab1fe60f1aa8af811a1749336510ae33e3f1a6511fbbe0
310164,36738,Tournament A14. League 700-800,700-800,2026-09-18T18:30:16.330000+00:00,2026-09-18T12:30:16.330000-06:00,2026-09-18T20:30:16.330000+02:00,3,COMPLETED,1551,Petr Budinsky,1679,Jiri Dedek,3,0,1551,Petr Budinsky,,,2026-09-18T18:40:15.884000+00:00,SCHEDULED_START_PLUS_DURATION,2026-09-17T17:42:04.552892+00:00,2026-09-19T05:42:02.307924+00:00,70c51ce55465b45d234494e92b74eee1f99c326674e8285aabd8e90e3937e03b,api.league-pro.com,OK,a069e39a7fd3b7886c6085ac74ae059274f8cebb220e227f7ac59cd0b61ec124
310241,36747,Tournament A17. League 500-550,500-550,2026-09-18T19:00:08.075000+00:00,2026-09-18T13:00:08.075000-06:00,2026-09-18T21:00:08.075000+02:00,3,COMPLETED,942,Jaroslav Strnad,1520,Tomas Regner,2,3,1520,Tomas Regner,,,2026-09-18T19:23:28.508000+00:00,SCHEDULED_START_PLUS_DURATION,2026-09-17T17:42:04.552892+00:00,2026-09-19T05:42:02.307924+00:00,70c51ce55465b45d234494e92b74eee1f99c326674e8285aabd8e90e3937e03b,api.league-pro.com,OK,8ff6f2cbcad330130a3eb337efcc6f1d087c326a03c27984764e63330551df93
310285,36752,Tournament A18. League 500-550,500-550,2026-09-18T19:00:08.689000+00:00,2026-09-18T13:00:08.689000-06:00,2026-09-18T21:00:08.689000+02:00,3,COMPLETED,1782,Tomas Kraninger,1788,Vitezslav Bosak,2,3,1788,Vitezslav Bosak,,,2026-09-18T19:34:53.676000+00:00,SCHEDULED_START_PLUS_DURATION,2026-09-17T17:42:04.552892+00:00,2026-09-19T05:42:02.307924+00:00,70c51ce55465b45d234494e92b74eee1f99c326674e8285aabd8e90e3937e03b,api.league-pro.com,OK,7824449e802be8273eed766035967d07b0b7f4107447eb94a80426dd9c0e4ca4
310217,36744,Tournament A16. League 700-800,700-800,2026-09-18T19:00:10.889000+00:00,2026-09-18T13:00:10.889000-06:00,2026-09-18T21:00:10.889000+02:00,3,COMPLETED,1173,Dominik Oborny,1014,Jakub Levicky,3,0,1173,Dominik Oborny,,,2026-09-18T19:10:40.509000+00:00,SCHEDULED_START_PLUS_DURATION,2026-09-17T17:42:04.552892+00:00,2026-09-19T05:42:02.307924+00:00,70c51ce55465b45d234494e92b74eee1f99c326674e8285aabd8e90e3937e03b,api.league-pro.com,OK,1b83eb240573c05e5946a9162cac7c7b17804923b261493945cccb6eadcbe3aa
310121,36733,Tournament A12. League 600-700,600-700,2026-09-18T19:00:13.139000+00:00,2026-09-18T13:00:13.139000-06:00,2026-09-18T21:00:13.139000+02:00,3,COMPLETED,1547,Dmitro Parhomenko,1078,Kyryl Darin,2,3,1078,Kyryl Darin,,,2026-09-18T19:16:45.401000+00:00,SCHEDULED_START_PLUS_DURATION,2026-09-17T17:42:04.552892+00:00,2026-09-19T05:42:02.307924+00:00,70c51ce55465b45d234494e92b74eee1f99c326674e8285aabd8e90e3937e03b,api.league-pro.com,OK,09efe8af04550da6204a64b40fa152f8a6cddd4f169a2037844b5071763ed300
310165,36738,Tournament A14. League 700-800,700-800,2026-09-18T19:00:13.984000+00:00,2026-09-18T13:00:13.984000-06:00,2026-09-18T21:00:13.984000+02:00,3,COMPLETED,822,Jaroslav Prokupek,1551,Petr Budinsky,3,2,822,Jaroslav Prokupek,,,2026-09-18T19:18:58.558000+00:00,SCHEDULED_START_PLUS_DURATION,2026-09-17T17:42:04.552892+00:00,2026-09-19T05:42:02.307924+00:00,70c51ce55465b45d234494e92b74eee1f99c326674e8285aabd8e90e3937e03b,api.league-pro.com,OK,d9b1029289c9ae6ad092af8b3ff554b360705da8e1a6dae593e42b20384bfa2f
310122,36733,Tournament A12. League 600-700,600-700,2026-09-18T19:30:07.311000+00:00,2026-09-18T13:30:07.311000-06:00,2026-09-18T21:30:07.311000+02:00,3,COMPLETED,834,Tomas Andrle,1545,Yurii Holovatiuk,1,3,1545,Yurii Holovatiuk,,,2026-09-18T19:47:14.986000+00:00,SCHEDULED_START_PLUS_DURATION,2026-09-17T17:42:04.552892+00:00,2026-09-19T05:42:02.307924+00:00,70c51ce55465b45d234494e92b74eee1f99c326674e8285aabd8e90e3937e03b,api.league-pro.com,OK,4fcb25d7baa397e8441b32cd04be6c4d397c7b5216d42a2c3c44828a100e8a84
310242,36747,Tournament A17. League 500-550,500-550,2026-09-18T19:30:07.767000+00:00,2026-09-18T13:30:07.767000-06:00,2026-09-18T21:30:07.767000+02:00,3,COMPLETED,894,Lubor Sulava,1566,Vaclav Kosar,1,3,1566,Vaclav Kosar,,,2026-09-18T19:46:17.210000+00:00,SCHEDULED_START_PLUS_DURATION,2026-09-17T17:42:04.552892+00:00,2026-09-19T05:42:02.307924+00:00,70c51ce55465b45d234494e92b74eee1f99c326674e8285aabd8e90e3937e03b,api.league-pro.com,OK,2cc90dc89e98dc2c0dadd534cc1667d2b66f06b2d19389ea7e34401e93fd086b
310166,36738,Tournament A14. League 700-800,700-800,2026-09-18T19:30:15.306000+00:00,2026-09-18T13:30:15.306000-06:00,2026-09-18T21:30:15.306000+02:00,3,COMPLETED,1679,Jiri Dedek,837,Radim Pavelka,2,3,837,Radim Pavelka,,,2026-09-18T19:54:12.365000+00:00,SCHEDULED_START_PLUS_DURATION,2026-09-17T17:42:04.552892+00:00,2026-09-19T05:42:02.307924+00:00,70c51ce55465b45d234494e92b74eee1f99c326674e8285aabd8e90e3937e03b,api.league-pro.com,OK,a300e3d650693fe8de672d287fefd34a849366f57a0fd240ae807f075036b158
310218,36744,Tournament A16. League 700-800,700-800,2026-09-18T19:30:16.490000+00:00,2026-09-18T13:30:16.490000-06:00,2026-09-18T21:30:16.490000+02:00,3,COMPLETED,1087,Radomir Vavrecka,1038,Dalimil Machander,3,0,1087,Radomir Vavrecka,,,2026-09-18T19:44:17.821000+00:00,SCHEDULED_START_PLUS_DURATION,2026-09-17T17:42:04.552892+00:00,2026-09-19T05:42:02.307924+00:00,70c51ce55465b45d234494e92b74eee1f99c326674e8285aabd8e90e3937e03b,api.league-pro.com,OK,2d06fdbe8ad8a88a3bf04588126a98211e0c072880dcfb28b99dc7010369494f
310286,36752,Tournament A18. League 500-550,500-550,2026-09-18T19:38:09.867000+00:00,2026-09-18T13:38:09.867000-06:00,2026-09-18T21:38:09.867000+02:00,3,COMPLETED,1739,Matyas Kolek,1736,Roman Guliak,1,3,1736,Roman Guliak,,,2026-09-18T19:54:42.968000+00:00,SCHEDULED_START_PLUS_DURATION,2026-09-17T17:42:04.552892+00:00,2026-09-19T05:42:02.307924+00:00,70c51ce55465b45d234494e92b74eee1f99c326674e8285aabd8e90e3937e03b,api.league-pro.com,OK,776bfb72a273eafeb4fefec76fe677d420033bd62eae1cd0b2c7d773e0ff9d49
310123,36733,Tournament A12. League 600-700,600-700,2026-09-18T20:00:08.179000+00:00,2026-09-18T14:00:08.179000-06:00,2026-09-18T22:00:08.179000+02:00,3,COMPLETED,1545,Yurii Holovatiuk,1078,Kyryl Darin,3,1,1545,Yurii Holovatiuk,,,2026-09-18T20:16:37.531000+00:00,SCHEDULED_START_PLUS_DURATION,2026-09-17T17:42:04.552892+00:00,2026-09-19T05:42:02.307924+00:00,70c51ce55465b45d234494e92b74eee1f99c326674e8285aabd8e90e3937e03b,api.league-pro.com,OK,dd56138fb2397bb66991ff8a1e414cb68c04090ccfb790f63d5356c35e33117c
310219,36744,Tournament A16. League 700-800,700-800,2026-09-18T20:00:08.925000+00:00,2026-09-18T14:00:08.925000-06:00,2026-09-18T22:00:08.925000+02:00,3,COMPLETED,1038,Dalimil Machander,1014,Jakub Levicky,1,3,1014,Jakub Levicky,,,2026-09-18T20:19:15.173000+00:00,SCHEDULED_START_PLUS_DURATION,2026-09-17T17:42:04.552892+00:00,2026-09-19T05:42:02.307924+00:00,70c51ce55465b45d234494e92b74eee1f99c326674e8285aabd8e90e3937e03b,api.league-pro.com,OK,1bf68f4dbfc564130d514b1136e9ea397c45104428fb70f4b32986b3b82b55af
310243,36747,Tournament A17. League 500-550,500-550,2026-09-18T20:00:08.991000+00:00,2026-09-18T14:00:08.991000-06:00,2026-09-18T22:00:08.991000+02:00,3,COMPLETED,1566,Vaclav Kosar,1520,Tomas Regner,3,2,1566,Vaclav Kosar,,,2026-09-18T20:22:27.600000+00:00,SCHEDULED_START_PLUS_DURATION,2026-09-17T17:42:04.552892+00:00,2026-09-19T05:42:02.307924+00:00,70c51ce55465b45d234494e92b74eee1f99c326674e8285aabd8e90e3937e03b,api.league-pro.com,OK,f63b0e995736f4022bc0988707840bfbf7df469bfb59bd4e887d01dd92ca17b7
310287,36752,Tournament A18. League 500-550,500-550,2026-09-18T20:00:11.773000+00:00,2026-09-18T14:00:11.773000-06:00,2026-09-18T22:00:11.773000+02:00,3,COMPLETED,1736,Roman Guliak,1788,Vitezslav Bosak,2,3,1788,Vitezslav Bosak,,,2026-09-18T20:25:00.596000+00:00,SCHEDULED_START_PLUS_DURATION,2026-09-17T17:42:04.552892+00:00,2026-09-19T05:42:02.307924+00:00,70c51ce55465b45d234494e92b74eee1f99c326674e8285aabd8e90e3937e03b,api.league-pro.com,OK,30e9518a2bdcfa2e0dedb9ac75300e6973312ca3aa0447d5292a2b2ba5aa29ad
310167,36738,Tournament A14. League 700-800,700-800,2026-09-18T20:01:10.427000+00:00,2026-09-18T14:01:10.427000-06:00,2026-09-18T22:01:10.427000+02:00,3,COMPLETED,837,Radim Pavelka,1551,Petr Budinsky,3,2,837,Radim Pavelka,,,2026-09-18T20:23:27.400000+00:00,SCHEDULED_START_PLUS_DURATION,2026-09-17T17:42:04.552892+00:00,2026-09-19T05:42:02.307924+00:00,70c51ce55465b45d234494e92b74eee1f99c326674e8285aabd8e90e3937e03b,api.league-pro.com,OK,4926a470a1a8cb7565fb608a787db54ad2d8b771058198daaf1f198dd86cfff9
310220,36744,Tournament A16. League 700-800,700-800,2026-09-18T20:30:06.792000+00:00,2026-09-18T14:30:06.792000-06:00,2026-09-18T22:30:06.792000+02:00,3,COMPLETED,1173,Dominik Oborny,1087,Radomir Vavrecka,0,3,1087,Radomir Vavrecka,,,2026-09-18T20:41:14.971000+00:00,SCHEDULED_START_PLUS_DURATION,2026-09-17T17:42:04.552892+00:00,2026-09-19T05:42:02.307924+00:00,70c51ce55465b45d234494e92b74eee1f99c326674e8285aabd8e90e3937e03b,api.league-pro.com,OK,155a0e1debf2a9180aa8c076641d084d70ed00c3a4a93b2a9c32b53c608fe746
310244,36747,Tournament A17. League 500-550,500-550,2026-09-18T20:30:07.498000+00:00,2026-09-18T14:30:07.498000-06:00,2026-09-18T22:30:07.498000+02:00,3,COMPLETED,942,Jaroslav Strnad,894,Lubor Sulava,0,3,894,Lubor Sulava,,,2026-09-18T20:45:26.733000+00:00,SCHEDULED_START_PLUS_DURATION,2026-09-17T17:42:04.552892+00:00,2026-09-19T05:42:02.307924+00:00,70c51ce55465b45d234494e92b74eee1f99c326674e8285aabd8e90e3937e03b,api.league-pro.com,OK,c63e1a08bf4db38c10e3b77d72780a577fdfb6d1cf59a73b04985bd7cd96deeb
310288,36752,Tournament A18. League 500-550,500-550,2026-09-18T20:30:08.951000+00:00,2026-09-18T14:30:08.951000-06:00,2026-09-18T22:30:08.951000+02:00,3,COMPLETED,1782,Tomas Kraninger,1739,Matyas Kolek,1,3,1739,Matyas Kolek,,,2026-09-18T20:42:51.664000+00:00,SCHEDULED_START_PLUS_DURATION,2026-09-17T17:42:04.552892+00:00,2026-09-19T05:42:02.307924+00:00,70c51ce55465b45d234494e92b74eee1f99c326674e8285aabd8e90e3937e03b,api.league-pro.com,OK,1dbc3271a60e74e8b3d934eec6638a95bdaa805bf82a64954c5b01b8bfde7e53
310124,36733,Tournament A12. League 600-700,600-700,2026-09-18T20:30:13.283000+00:00,2026-09-18T14:30:13.283000-06:00,2026-09-18T22:30:13.283000+02:00,3,COMPLETED,1547,Dmitro Parhomenko,834,Tomas Andrle,3,1,1547,Dmitro Parhomenko,,,2026-09-18T20:44:17.527000+00:00,SCHEDULED_START_PLUS_DURATION,2026-09-17T17:42:04.552892+00:00,2026-09-19T05:42:02.307924+00:00,70c51ce55465b45d234494e92b74eee1f99c326674e8285aabd8e90e3937e03b,api.league-pro.com,OK,6b2779b6dba916341986e74197a2d2c3a07cf5e955adc34642858ae739237838
310168,36738,Tournament A14. League 700-800,700-800,2026-09-18T20:30:27.306000+00:00,2026-09-18T14:30:27.306000-06:00,2026-09-18T22:30:27.306000+02:00,3,COMPLETED,822,Jaroslav Prokupek,1679,Jiri Dedek,1,3,1679,Jiri Dedek,,,2026-09-18T20:45:34.721000+00:00,SCHEDULED_START_PLUS_DURATION,2026-09-17T17:42:04.552892+00:00,2026-09-19T05:42:02.307924+00:00,70c51ce55465b45d234494e92b74eee1f99c326674e8285aabd8e90e3937e03b,api.league-pro.com,OK,28ba25bbd59340ad57314185264affce4d26d17865f9200ef2eccc9fc4fde3e5
310125,36733,Tournament A12. League 600-700,600-700,2026-09-18T21:00:12.786000+00:00,2026-09-18T15:00:12.786000-06:00,2026-09-18T23:00:12.786000+02:00,3,COMPLETED,1547,Dmitro Parhomenko,834,Tomas Andrle,1,3,834,Tomas Andrle,,,2026-09-18T21:14:05.808000+00:00,SCHEDULED_START_PLUS_DURATION,2026-09-17T17:42:04.552892+00:00,2026-09-19T05:42:02.307924+00:00,70c51ce55465b45d234494e92b74eee1f99c326674e8285aabd8e90e3937e03b,api.league-pro.com,OK,59581adcafd01dd2ad85557ef91b0befa81a43a501eb38924c59e4a3fef12627
310221,36744,Tournament A16. League 700-800,700-800,2026-09-18T21:00:14.198000+00:00,2026-09-18T15:00:14.198000-06:00,2026-09-18T23:00:14.198000+02:00,3,COMPLETED,1014,Jakub Levicky,1038,Dalimil Machander,3,0,1014,Jakub Levicky,,,2026-09-18T21:12:08.865000+00:00,SCHEDULED_START_PLUS_DURATION,2026-09-17T17:42:04.552892+00:00,2026-09-19T05:42:02.307924+00:00,70c51ce55465b45d234494e92b74eee1f99c326674e8285aabd8e90e3937e03b,api.league-pro.com,OK,1200d024b38a450b650ef689804400c4b2b9cb18646011b5c56e2ac124f04fb4
310245,36747,Tournament A17. League 500-550,500-550,2026-09-18T21:00:14.206000+00:00,2026-09-18T15:00:14.206000-06:00,2026-09-18T23:00:14.206000+02:00,3,COMPLETED,1520,Tomas Regner,942,Jaroslav Strnad,3,0,1520,Tomas Regner,,,2026-09-18T21:15:15.232000+00:00,SCHEDULED_START_PLUS_DURATION,2026-09-17T17:42:04.552892+00:00,2026-09-19T05:42:02.307924+00:00,70c51ce55465b45d234494e92b74eee1f99c326674e8285aabd8e90e3937e03b,api.league-pro.com,OK,8e0a3f66135858bc6130beda5bd489de527ec29bc4807dd8999eb8f669cc5dc5
310169,36738,Tournament A14. League 700-800,700-800,2026-09-18T21:00:16.661000+00:00,2026-09-18T15:00:16.661000-06:00,2026-09-18T23:00:16.661000+02:00,3,COMPLETED,1551,Petr Budinsky,1679,Jiri Dedek,3,1,1551,Petr Budinsky,,,2026-09-18T21:12:57.880000+00:00,SCHEDULED_START_PLUS_DURATION,2026-09-17T17:42:04.552892+00:00,2026-09-19T05:42:02.307924+00:00,70c51ce55465b45d234494e92b74eee1f99c326674e8285aabd8e90e3937e03b,api.league-pro.com,OK,0ab314ff7d5fe9347bd43b0104ad49a40cae03b0b659c2f23f47b75b0aa0f32d
310289,36752,Tournament A18. League 500-550,500-550,2026-09-18T21:00:18.059000+00:00,2026-09-18T15:00:18.059000-06:00,2026-09-18T23:00:18.059000+02:00,3,COMPLETED,1739,Matyas Kolek,1782,Tomas Kraninger,0,3,1782,Tomas Kraninger,,,2026-09-18T21:12:45.074000+00:00,SCHEDULED_START_PLUS_DURATION,2026-09-17T17:42:04.552892+00:00,2026-09-19T05:42:02.307924+00:00,70c51ce55465b45d234494e92b74eee1f99c326674e8285aabd8e90e3937e03b,api.league-pro.com,OK,bed68c758c94bfa8263a65fc749dd86e87dfc2f9e3d3128919ce7179c676aaa7
310126,36733,Tournament A12. League 600-700,600-700,2026-09-18T21:30:07.862000+00:00,2026-09-18T15:30:07.862000-06:00,2026-09-18T23:30:07.862000+02:00,3,COMPLETED,1545,Yurii Holovatiuk,1078,Kyryl Darin,3,2,1545,Yurii Holovatiuk,,,2026-09-18T21:47:32.951000+00:00,SCHEDULED_START_PLUS_DURATION,2026-09-17T17:42:04.552892+00:00,2026-09-19T05:42:02.307924+00:00,70c51ce55465b45d234494e92b74eee1f99c326674e8285aabd8e90e3937e03b,api.league-pro.com,OK,e6ddbb37b069fbbfb7a8bc87c66e03e788ea18fda4899dbced73984c176b9f62
310290,36752,Tournament A18. League 500-550,500-550,2026-09-18T21:30:08.393000+00:00,2026-09-18T15:30:08.393000-06:00,2026-09-18T23:30:08.393000+02:00,3,COMPLETED,1788,Vitezslav Bosak,1736,Roman Guliak,3,0,1788,Vitezslav Bosak,,,2026-09-18T21:45:04.113000+00:00,SCHEDULED_START_PLUS_DURATION,2026-09-17T17:42:04.552892+00:00,2026-09-19T05:42:02.307924+00:00,70c51ce55465b45d234494e92b74eee1f99c326674e8285aabd8e90e3937e03b,api.league-pro.com,OK,a974cca5ffe08f61d3e8062fad91b6c2d5e6220a2c98789139013286a7a1d81a
310222,36744,Tournament A16. League 700-800,700-800,2026-09-18T21:30:11.027000+00:00,2026-09-18T15:30:11.027000-06:00,2026-09-18T23:30:11.027000+02:00,3,COMPLETED,1087,Radomir Vavrecka,1173,Dominik Oborny,3,0,1087,Radomir Vavrecka,,,2026-09-18T21:39:10.892000+00:00,SCHEDULED_START_PLUS_DURATION,2026-09-17T17:42:04.552892+00:00,2026-09-19T05:42:02.307924+00:00,70c51ce55465b45d234494e92b74eee1f99c326674e8285aabd8e90e3937e03b,api.league-pro.com,OK,e05b6db8f5a8fadd8ec1cecdaa0f1661905922481cfcf0d08853541504ca1b2b
310246,36747,Tournament A17. League 500-550,500-550,2026-09-18T21:30:27.474000+00:00,2026-09-18T15:30:27.474000-06:00,2026-09-18T23:30:27.474000+02:00,3,COMPLETED,1566,Vaclav Kosar,894,Lubor Sulava,3,2,1566,Vaclav Kosar,,,2026-09-18T21:52:13.482000+00:00,SCHEDULED_START_PLUS_DURATION,2026-09-17T17:42:04.552892+00:00,2026-09-19T05:42:02.307924+00:00,70c51ce55465b45d234494e92b74eee1f99c326674e8285aabd8e90e3937e03b,api.league-pro.com,OK,fc191326b30a0a7e1fcabf27762575cb4b40b9149e1fdaa6f81b4e8d308ed0a9
310170,36738,Tournament A14. League 700-800,700-800,2026-09-18T21:30:29.605000+00:00,2026-09-18T15:30:29.605000-06:00,2026-09-18T23:30:29.605000+02:00,3,COMPLETED,837,Radim Pavelka,822,Jaroslav Prokupek,3,2,837,Radim Pavelka,,,2026-09-18T21:51:38.427000+00:00,SCHEDULED_START_PLUS_DURATION,2026-09-17T17:42:04.552892+00:00,2026-09-19T05:42:02.307924+00:00,70c51ce55465b45d234494e92b74eee1f99c326674e8285aabd8e90e3937e03b,api.league-pro.com,OK,e7f4d541c33d920c04afe90a60e7f158109e44132e834f17fb999da22da1e2fe
310171,36739,Tournament A14. League 800-900,800-900,2026-09-18T22:00:02.260000+00:00,2026-09-18T16:00:02.260000-06:00,2026-09-19T00:00:02.260000+02:00,3,COMPLETED,830,Jakub Hradecky,863,Daniel Tuma,3,1,830,Jakub Hradecky,,,2026-09-18T22:13:19.013000+00:00,SCHEDULED_START_PLUS_DURATION,2026-09-18T17:42:04.646372+00:00,2026-09-19T05:42:02.307924+00:00,70c51ce55465b45d234494e92b74eee1f99c326674e8285aabd8e90e3937e03b,api.league-pro.com,OK,cbb185bad0196fd47edee6013bb23cea30fd1e1344557687387138906ad10f45
310247,36748,Tournament A17. League 900-1000,900-1000,2026-09-18T22:00:08.387000+00:00,2026-09-18T16:00:08.387000-06:00,2026-09-19T00:00:08.387000+02:00,3,COMPLETED,1324,Ondrej Svacha,711,Radek Rose,3,1,1324,Ondrej Svacha,,,2026-09-18T22:20:05.725000+00:00,SCHEDULED_START_PLUS_DURATION,2026-09-18T17:42:04.646372+00:00,2026-09-19T05:42:02.307924+00:00,70c51ce55465b45d234494e92b74eee1f99c326674e8285aabd8e90e3937e03b,api.league-pro.com,OK,992e2bc25d6beb53d9e7fe031d05c4c9279a7e5ef085678bff44578d403a2d6d
310127,36734,Tournament A12. League 600-700,600-700,2026-09-18T22:00:09.002000+00:00,2026-09-18T16:00:09.002000-06:00,2026-09-19T00:00:09.002000+02:00,3,COMPLETED,1681,Adam Svoboda,1434,Frantisek Briza,3,2,1681,Adam Svoboda,,,2026-09-18T22:19:13.565000+00:00,SCHEDULED_START_PLUS_DURATION,2026-09-18T17:42:04.646372+00:00,2026-09-19T05:42:02.307924+00:00,70c51ce55465b45d234494e92b74eee1f99c326674e8285aabd8e90e3937e03b,api.league-pro.com,OK,2bd302d4ce971e7061d35440746c019b1aec33bb561eb6fdd2180d4adfe22aa1
310172,36739,Tournament A14. League 800-900,800-900,2026-09-18T22:30:09.382000+00:00,2026-09-18T16:30:09.382000-06:00,2026-09-19T00:30:09.382000+02:00,3,COMPLETED,1781,Jiri Holubec,853,Patrik Pycha,0,3,853,Patrik Pycha,,,2026-09-18T22:45:16.778000+00:00,SCHEDULED_START_PLUS_DURATION,2026-09-18T17:42:04.646372+00:00,2026-09-19T05:42:02.307924+00:00,70c51ce55465b45d234494e92b74eee1f99c326674e8285aabd8e90e3937e03b,api.league-pro.com,OK,3c91c748abb1c86c8db705a0e30c32c0cdace063645e78d214cc9ad51e029bfe
310128,36734,Tournament A12. League 600-700,600-700,2026-09-18T22:30:10.128000+00:00,2026-09-18T16:30:10.128000-06:00,2026-09-19T00:30:10.128000+02:00,3,COMPLETED,805,Ondrej Kucirek,1607,David Horak,1,3,1607,David Horak,,,2026-09-18T22:47:56.911000+00:00,SCHEDULED_START_PLUS_DURATION,2026-09-18T17:42:04.646372+00:00,2026-09-19T05:42:02.307924+00:00,70c51ce55465b45d234494e92b74eee1f99c326674e8285aabd8e90e3937e03b,api.league-pro.com,OK,e20a9e5d06e8a547eb56c5f600461aad4986abbf9d4f6d9738f8725d31b998cb
310248,36748,Tournament A17. League 900-1000,900-1000,2026-09-18T22:30:20.064000+00:00,2026-09-18T16:30:20.064000-06:00,2026-09-19T00:30:20.064000+02:00,3,COMPLETED,1665,Michal Hampl,1128,Radim Urbaniec,3,2,1665,Michal Hampl,,,2026-09-18T22:54:10.879000+00:00,SCHEDULED_START_PLUS_DURATION,2026-09-18T17:42:04.646372+00:00,2026-09-19T05:42:02.307924+00:00,70c51ce55465b45d234494e92b74eee1f99c326674e8285aabd8e90e3937e03b,api.league-pro.com,OK,d6b6e5f84c23fd6d62236d580386e18fef2e3b1d3fb1112263ff23ee0c3d5242
310173,36739,Tournament A14. League 800-900,800-900,2026-09-18T23:00:06.108000+00:00,2026-09-18T17:00:06.108000-06:00,2026-09-19T01:00:06.108000+02:00,3,COMPLETED,863,Daniel Tuma,1563,Martin Sychra,3,1,863,Daniel Tuma,,,2026-09-18T23:13:40.357000+00:00,SCHEDULED_START_PLUS_DURATION,2026-09-18T17:42:04.646372+00:00,2026-09-19T05:42:02.307924+00:00,70c51ce55465b45d234494e92b74eee1f99c326674e8285aabd8e90e3937e03b,api.league-pro.com,OK,66cace1f04131b48b94446a7d7627e899d118b827e87509de22ccb7af0c51ec1
310129,36734,Tournament A12. League 600-700,600-700,2026-09-18T23:00:07.827000+00:00,2026-09-18T17:00:07.827000-06:00,2026-09-19T01:00:07.827000+02:00,3,COMPLETED,1434,Frantisek Briza,952,Marek Placek,1,3,952,Marek Placek,,,2026-09-18T23:17:30.753000+00:00,SCHEDULED_START_PLUS_DURATION,2026-09-18T17:42:04.646372+00:00,2026-09-19T05:42:02.307924+00:00,70c51ce55465b45d234494e92b74eee1f99c326674e8285aabd8e90e3937e03b,api.league-pro.com,OK,2007e27a7b681eeb08da161da5e0a2f274eda8ff2fa3cf52d2cd79dbed5d7af0
310249,36748,Tournament A17. League 900-1000,900-1000,2026-09-18T23:00:30.518000+00:00,2026-09-18T17:00:30.518000-06:00,2026-09-19T01:00:30.518000+02:00,3,COMPLETED,711,Radek Rose,879,Jiri Ruzicka,0,3,879,Jiri Ruzicka,,,2026-09-18T23:17:48.619000+00:00,SCHEDULED_START_PLUS_DURATION,2026-09-18T17:42:04.646372+00:00,2026-09-19T05:42:02.307924+00:00,70c51ce55465b45d234494e92b74eee1f99c326674e8285aabd8e90e3937e03b,api.league-pro.com,OK,f1efc50cd3627aca9faedd77120b58f3bd5b1771fcc05853c76aa91923d0b87b
310174,36739,Tournament A14. League 800-900,800-900,2026-09-18T23:30:01.394000+00:00,2026-09-18T17:30:01.394000-06:00,2026-09-19T01:30:01.394000+02:00,3,COMPLETED,830,Jakub Hradecky,1781,Jiri Holubec,0,3,1781,Jiri Holubec,,,2026-09-18T23:39:45.336000+00:00,SCHEDULED_START_PLUS_DURATION,2026-09-18T17:42:04.646372+00:00,2026-09-19T05:42:02.307924+00:00,70c51ce55465b45d234494e92b74eee1f99c326674e8285aabd8e90e3937e03b,api.league-pro.com,OK,4c79fce729e7425e579f59118f1394b3fe3ce888095c5b4fecb7a4eb6343399d
310130,36734,Tournament A12. League 600-700,600-700,2026-09-18T23:30:10.392000+00:00,2026-09-18T17:30:10.392000-06:00,2026-09-19T01:30:10.392000+02:00,3,COMPLETED,1681,Adam Svoboda,805,Ondrej Kucirek,3,1,1681,Adam Svoboda,,,2026-09-18T23:45:24.125000+00:00,SCHEDULED_START_PLUS_DURATION,2026-09-18T17:42:04.646372+00:00,2026-09-19T05:42:02.307924+00:00,70c51ce55465b45d234494e92b74eee1f99c326674e8285aabd8e90e3937e03b,api.league-pro.com,OK,09fc4cb4f6446d07374784b98ae8ef8609116eda347ba4c03372b7c4f4f328cc
310250,36748,Tournament A17. League 900-1000,900-1000,2026-09-18T23:30:16.902000+00:00,2026-09-18T17:30:16.902000-06:00,2026-09-19T01:30:16.902000+02:00,3,COMPLETED,1324,Ondrej Svacha,1665,Michal Hampl,3,1,1324,Ondrej Svacha,,,2026-09-18T23:47:50.789000+00:00,SCHEDULED_START_PLUS_DURATION,2026-09-18T17:42:04.646372+00:00,2026-09-19T05:42:02.307924+00:00,70c51ce55465b45d234494e92b74eee1f99c326674e8285aabd8e90e3937e03b,api.league-pro.com,OK,3f3a061b189a9c2641b2d8a2516aaab3b5f98ef565a175452d19498683be9491
310175,36739,Tournament A14. League 800-900,800-900,2026-09-18T23:59:57.854000+00:00,2026-09-18T17:59:57.854000-06:00,2026-09-19T01:59:57.854000+02:00,3,COMPLETED,1563,Martin Sychra,853,Patrik Pycha,3,0,1563,Martin Sychra,,,2026-09-19T00:10:39.724000+00:00,SCHEDULED_START_PLUS_DURATION,2026-09-18T17:42:04.646372+00:00,2026-09-19T05:42:02.307924+00:00,70c51ce55465b45d234494e92b74eee1f99c326674e8285aabd8e90e3937e03b,api.league-pro.com,OK,3690310d3cb34453afbcb347f29ba227f1acc70ee1164f95e3a2653489f7cd01
