match_id,tournament_id,tournament_name,league_band,scheduled_start_utc,scheduled_start_mountain,scheduled_start_prague,official_status,normalized_status,player_1_id,player_1_name,player_2_id,player_2_name,player_1_sets,player_2_sets,winner_player_id,winner_player_name,set_scores,completed_at_utc,calculated_finish_utc,calculated_finish_method,first_seen_at_utc,last_changed_at_utc,source_snapshot_id,source,data_quality,content_hash
275753,32701,Tournament A12. League 600-700,600-700,2026-03-29T00:00:05.151000+00:00,2026-03-28T18:00:05.151000-06:00,2026-03-29T01:00:05.151000+01:00,3,COMPLETED,1078,Kyryl Darin,1547,Dmitro Parhomenko,3,0,1078,Kyryl Darin,,,2026-03-29T00:11:32.874000+00:00,SCHEDULED_START_PLUS_DURATION,2026-08-15T13:48:17.445953+00:00,2026-08-15T13:48:17.445953+00:00,98b431b98a84b145f9a0b01db9dc2be42cc957812c33df0e3d2feaf533128bd7,api.league-pro.com,OK,3033ea3230e2fa6ce4c413c324a510b3653fcdea570007d908b5d6d2dfd5b818
275849,32712,Tournament A17. League 700-800,700-800,2026-03-29T00:00:06.043000+00:00,2026-03-28T18:00:06.043000-06:00,2026-03-29T01:00:06.043000+01:00,3,COMPLETED,853,Patrik Pycha,863,Daniel Tuma,3,2,853,Patrik Pycha,,,2026-03-29T00:17:07.975000+00:00,SCHEDULED_START_PLUS_DURATION,2026-08-15T13:48:17.445953+00:00,2026-08-15T13:48:17.445953+00:00,98b431b98a84b145f9a0b01db9dc2be42cc957812c33df0e3d2feaf533128bd7,api.league-pro.com,OK,3b9e37e809ce4c3ab68556d31d12666c0ae37c1137ed5ce062608e69429efa42
275805,32707,Tournament A14. League 300-350,300-350,2026-03-29T00:00:10.827000+00:00,2026-03-28T18:00:10.827000-06:00,2026-03-29T01:00:10.827000+01:00,3,COMPLETED,935,Vladimir Kubat,1228,Jaromir Cernik,1,3,1228,Jaromir Cernik,,,2026-03-29T00:25:09.340000+00:00,SCHEDULED_START_PLUS_DURATION,2026-08-15T13:48:17.445953+00:00,2026-08-15T13:48:17.445953+00:00,98b431b98a84b145f9a0b01db9dc2be42cc957812c33df0e3d2feaf533128bd7,api.league-pro.com,OK,95acc0be5f61bf0c91e694d80179ea4cc21e6deb25184916247e8736ce1366be
275850,32712,Tournament A17. League 700-800,700-800,2026-03-29T00:30:02.221000+00:00,2026-03-28T18:30:02.221000-06:00,2026-03-29T01:30:02.221000+01:00,3,COMPLETED,830,Jakub Hradecky,873,Jan Sucharda,3,0,830,Jakub Hradecky,,,2026-03-29T00:38:54.531000+00:00,SCHEDULED_START_PLUS_DURATION,2026-08-15T13:48:17.445953+00:00,2026-08-15T13:48:17.445953+00:00,98b431b98a84b145f9a0b01db9dc2be42cc957812c33df0e3d2feaf533128bd7,api.league-pro.com,OK,a5b58a4911a223563e28f8b6e8866b830c975fe07ef6aed6535e3e06ffb9d36d
275754,32701,Tournament A12. League 600-700,600-700,2026-03-29T00:30:12.256000+00:00,2026-03-28T18:30:12.256000-06:00,2026-03-29T01:30:12.256000+01:00,3,COMPLETED,822,Jaroslav Prokupek,1679,Jiri Dedek,0,3,1679,Jiri Dedek,,,2026-03-29T00:42:53.645000+00:00,SCHEDULED_START_PLUS_DURATION,2026-08-15T13:48:17.445953+00:00,2026-08-15T13:48:17.445953+00:00,98b431b98a84b145f9a0b01db9dc2be42cc957812c33df0e3d2feaf533128bd7,api.league-pro.com,OK,5063df0a89340fd94e5feacb9f81f8f5d17ae3ea841f13c83381e1984aeb6601
275806,32707,Tournament A14. League 300-350,300-350,2026-03-29T00:30:14.528000+00:00,2026-03-28T18:30:14.528000-06:00,2026-03-29T01:30:14.528000+01:00,3,COMPLETED,1475,Jaroslav Martinek,1248,David Mutl,1,3,1248,David Mutl,,,2026-03-29T00:47:09.610000+00:00,SCHEDULED_START_PLUS_DURATION,2026-08-15T13:48:17.445953+00:00,2026-08-15T13:48:17.445953+00:00,98b431b98a84b145f9a0b01db9dc2be42cc957812c33df0e3d2feaf533128bd7,api.league-pro.com,OK,f1d62f5b33e5a46810bdb64693e4bed433315bde101f5ee6e975bc08a49bcd41
275755,32701,Tournament A12. League 600-700,600-700,2026-03-29T01:00:02.795000+00:00,2026-03-28T19:00:02.795000-06:00,2026-03-29T03:00:02.795000+02:00,3,COMPLETED,1547,Dmitro Parhomenko,1260,Pavel Fojt,2,3,1260,Pavel Fojt,,,2026-03-29T01:17:01.415000+00:00,SCHEDULED_START_PLUS_DURATION,2026-08-15T13:48:17.445953+00:00,2026-08-15T13:48:17.445953+00:00,98b431b98a84b145f9a0b01db9dc2be42cc957812c33df0e3d2feaf533128bd7,api.league-pro.com,OK,18c38cfe05e4fde5d8cb51ce8705ec4095f20d15a2bcf4c87095f785ad885012
275807,32707,Tournament A14. League 300-350,300-350,2026-03-29T01:00:11.697000+00:00,2026-03-28T19:00:11.697000-06:00,2026-03-29T03:00:11.697000+02:00,3,COMPLETED,1228,Jaromir Cernik,1376,Roman Buric,0,3,1376,Roman Buric,,,2026-03-29T01:21:48.927000+00:00,SCHEDULED_START_PLUS_DURATION,2026-08-15T13:48:17.445953+00:00,2026-08-15T13:48:17.445953+00:00,98b431b98a84b145f9a0b01db9dc2be42cc957812c33df0e3d2feaf533128bd7,api.league-pro.com,OK,bbe5261ef8123225b24dcc84a6d01886d175306cc4f837d83051f8d986fcdb32
275851,32712,Tournament A17. League 700-800,700-800,2026-03-29T01:00:28.664000+00:00,2026-03-28T19:00:28.664000-06:00,2026-03-29T03:00:28.664000+02:00,3,COMPLETED,863,Daniel Tuma,875,Martin Sobisek,3,2,863,Daniel Tuma,,,2026-03-29T01:25:47.441000+00:00,SCHEDULED_START_PLUS_DURATION,2026-08-15T13:48:17.445953+00:00,2026-08-15T13:48:17.445953+00:00,98b431b98a84b145f9a0b01db9dc2be42cc957812c33df0e3d2feaf533128bd7,api.league-pro.com,OK,34a129cc678aa8b6aefdbe94dc98d74f862fb1849331c5b2a39d38d1410e575f
275852,32712,Tournament A17. League 700-800,700-800,2026-03-29T01:30:02.672000+00:00,2026-03-28T19:30:02.672000-06:00,2026-03-29T03:30:02.672000+02:00,3,COMPLETED,853,Patrik Pycha,873,Jan Sucharda,3,1,853,Patrik Pycha,,,2026-03-29T01:43:12.786000+00:00,SCHEDULED_START_PLUS_DURATION,2026-08-15T13:48:17.445953+00:00,2026-08-15T13:48:17.445953+00:00,98b431b98a84b145f9a0b01db9dc2be42cc957812c33df0e3d2feaf533128bd7,api.league-pro.com,OK,33f5e0345c5ddec4a77c8f6ea69d3a9aa64693a60d6d2df76283ce808ac33c0a
275756,32701,Tournament A12. League 600-700,600-700,2026-03-29T01:30:07.828000+00:00,2026-03-28T19:30:07.828000-06:00,2026-03-29T03:30:07.828000+02:00,3,COMPLETED,1078,Kyryl Darin,1679,Jiri Dedek,3,2,1078,Kyryl Darin,,,2026-03-29T01:58:18.792000+00:00,SCHEDULED_START_PLUS_DURATION,2026-08-15T13:48:17.445953+00:00,2026-08-15T13:48:17.445953+00:00,98b431b98a84b145f9a0b01db9dc2be42cc957812c33df0e3d2feaf533128bd7,api.league-pro.com,OK,1a28b2d5aacb82bc95191b1e35837cb86700176f03643de6705d05240219f20f
275808,32707,Tournament A14. League 300-350,300-350,2026-03-29T01:30:29.535000+00:00,2026-03-28T19:30:29.535000-06:00,2026-03-29T03:30:29.535000+02:00,3,COMPLETED,935,Vladimir Kubat,1248,David Mutl,1,3,1248,David Mutl,,,2026-03-29T01:55:16.707000+00:00,SCHEDULED_START_PLUS_DURATION,2026-08-15T13:48:17.445953+00:00,2026-08-15T13:48:17.445953+00:00,98b431b98a84b145f9a0b01db9dc2be42cc957812c33df0e3d2feaf533128bd7,api.league-pro.com,OK,445a63dbe3222554bf4909da516688d395db5dba86f34e44dec07ce7b7cc932c
275853,32712,Tournament A17. League 700-800,700-800,2026-03-29T02:00:00.594000+00:00,2026-03-28T20:00:00.594000-06:00,2026-03-29T04:00:00.594000+02:00,3,COMPLETED,875,Martin Sobisek,830,Jakub Hradecky,0,3,830,Jakub Hradecky,,,2026-03-29T02:12:39.037000+00:00,SCHEDULED_START_PLUS_DURATION,2026-08-15T13:48:17.445953+00:00,2026-08-15T13:48:17.445953+00:00,98b431b98a84b145f9a0b01db9dc2be42cc957812c33df0e3d2feaf533128bd7,api.league-pro.com,OK,0f783846ad955bc1f49c16f9e574b25dc2370a978a7de7321812cb7cd1a9ae5b
275809,32707,Tournament A14. League 300-350,300-350,2026-03-29T02:00:12.941000+00:00,2026-03-28T20:00:12.941000-06:00,2026-03-29T04:00:12.941000+02:00,3,COMPLETED,1376,Roman Buric,1475,Jaroslav Martinek,0,3,1475,Jaroslav Martinek,,,2026-03-29T02:12:34.971000+00:00,SCHEDULED_START_PLUS_DURATION,2026-08-15T13:48:17.445953+00:00,2026-08-15T13:48:17.445953+00:00,98b431b98a84b145f9a0b01db9dc2be42cc957812c33df0e3d2feaf533128bd7,api.league-pro.com,OK,a3668e90a274d1df4306502ae8d467a532ade8d4a291da788e5bd3d72428b5ff
275757,32701,Tournament A12. League 600-700,600-700,2026-03-29T02:00:16.871000+00:00,2026-03-28T20:00:16.871000-06:00,2026-03-29T04:00:16.871000+02:00,3,COMPLETED,1260,Pavel Fojt,822,Jaroslav Prokupek,1,3,822,Jaroslav Prokupek,,,2026-03-29T02:13:51.375000+00:00,SCHEDULED_START_PLUS_DURATION,2026-08-15T13:48:17.445953+00:00,2026-08-15T13:48:17.445953+00:00,98b431b98a84b145f9a0b01db9dc2be42cc957812c33df0e3d2feaf533128bd7,api.league-pro.com,OK,3196aa506420e80254629aa852161ca69766eda2f4d84cba0a22a00c07d038e0
275854,32712,Tournament A17. League 700-800,700-800,2026-03-29T02:30:02.496000+00:00,2026-03-28T20:30:02.496000-06:00,2026-03-29T04:30:02.496000+02:00,3,COMPLETED,873,Jan Sucharda,863,Daniel Tuma,1,3,863,Daniel Tuma,,,2026-03-29T02:41:51.283000+00:00,SCHEDULED_START_PLUS_DURATION,2026-08-15T13:48:17.445953+00:00,2026-08-15T13:48:17.445953+00:00,98b431b98a84b145f9a0b01db9dc2be42cc957812c33df0e3d2feaf533128bd7,api.league-pro.com,OK,e5bf8eb3b79f63a046fc174172432d18dbc4bab5fa7be2b964bcaa919be877fb
275810,32707,Tournament A14. League 300-350,300-350,2026-03-29T02:30:11.918000+00:00,2026-03-28T20:30:11.918000-06:00,2026-03-29T04:30:11.918000+02:00,3,COMPLETED,1248,David Mutl,1228,Jaromir Cernik,2,3,1228,Jaromir Cernik,,,2026-03-29T02:55:30.767000+00:00,SCHEDULED_START_PLUS_DURATION,2026-08-15T13:48:17.445953+00:00,2026-08-15T13:48:17.445953+00:00,98b431b98a84b145f9a0b01db9dc2be42cc957812c33df0e3d2feaf533128bd7,api.league-pro.com,OK,18630852dbebfd3b8136ecd3aaf8918eddb2eaa4058cc32963b2070c16b0e921
275758,32701,Tournament A12. League 600-700,600-700,2026-03-29T02:30:13.964000+00:00,2026-03-28T20:30:13.964000-06:00,2026-03-29T04:30:13.964000+02:00,3,COMPLETED,1679,Jiri Dedek,1547,Dmitro Parhomenko,3,1,1679,Jiri Dedek,,,2026-03-29T02:50:38.432000+00:00,SCHEDULED_START_PLUS_DURATION,2026-08-15T13:48:17.445953+00:00,2026-08-15T13:48:17.445953+00:00,98b431b98a84b145f9a0b01db9dc2be42cc957812c33df0e3d2feaf533128bd7,api.league-pro.com,OK,056389be4c6270b12f31b77a8ae51d42d16f256b7fe64c7382c348b3b528f9c1
275855,32712,Tournament A17. League 700-800,700-800,2026-03-29T03:00:02.918000+00:00,2026-03-28T21:00:02.918000-06:00,2026-03-29T05:00:02.918000+02:00,3,COMPLETED,875,Martin Sobisek,853,Patrik Pycha,3,1,875,Martin Sobisek,,,2026-03-29T03:17:35.714000+00:00,SCHEDULED_START_PLUS_DURATION,2026-08-15T13:48:17.445953+00:00,2026-08-15T13:48:17.445953+00:00,98b431b98a84b145f9a0b01db9dc2be42cc957812c33df0e3d2feaf533128bd7,api.league-pro.com,OK,8f0dcc29bfbb8aebbc7f44242f96e723c572272a21c94e0c7895c72ceecc0682
275811,32707,Tournament A14. League 300-350,300-350,2026-03-29T03:00:16.996000+00:00,2026-03-28T21:00:16.996000-06:00,2026-03-29T05:00:16.996000+02:00,3,COMPLETED,1376,Roman Buric,935,Vladimir Kubat,3,2,1376,Roman Buric,,,2026-03-29T03:25:22.025000+00:00,SCHEDULED_START_PLUS_DURATION,2026-08-15T13:48:17.445953+00:00,2026-08-15T13:48:17.445953+00:00,98b431b98a84b145f9a0b01db9dc2be42cc957812c33df0e3d2feaf533128bd7,api.league-pro.com,OK,17bacb1e082382637a497713281a3aa06756fda5fc3fe228713126f437af6ab7
275759,32701,Tournament A12. League 600-700,600-700,2026-03-29T03:00:20.339000+00:00,2026-03-28T21:00:20.339000-06:00,2026-03-29T05:00:20.339000+02:00,3,COMPLETED,1260,Pavel Fojt,1078,Kyryl Darin,2,3,1078,Kyryl Darin,,,2026-03-29T03:19:48.555000+00:00,SCHEDULED_START_PLUS_DURATION,2026-08-15T13:48:17.445953+00:00,2026-08-15T13:48:17.445953+00:00,98b431b98a84b145f9a0b01db9dc2be42cc957812c33df0e3d2feaf533128bd7,api.league-pro.com,OK,a957a32572449c9a296355cf3ef9cadf936d983f3ed30799e28fdad80d905542
275856,32712,Tournament A17. League 700-800,700-800,2026-03-29T03:30:01.332000+00:00,2026-03-28T21:30:01.332000-06:00,2026-03-29T05:30:01.332000+02:00,3,COMPLETED,863,Daniel Tuma,830,Jakub Hradecky,2,3,830,Jakub Hradecky,,,2026-03-29T03:49:04.323000+00:00,SCHEDULED_START_PLUS_DURATION,2026-08-15T13:48:17.445953+00:00,2026-08-15T13:48:17.445953+00:00,98b431b98a84b145f9a0b01db9dc2be42cc957812c33df0e3d2feaf533128bd7,api.league-pro.com,OK,4ec7eb44096bacd398fe52820498a140208029228fc6aca2f80f237cb7edd135
275760,32701,Tournament A12. League 600-700,600-700,2026-03-29T03:30:14.284000+00:00,2026-03-28T21:30:14.284000-06:00,2026-03-29T05:30:14.284000+02:00,3,COMPLETED,1547,Dmitro Parhomenko,822,Jaroslav Prokupek,1,3,822,Jaroslav Prokupek,,,2026-03-29T03:45:33.878000+00:00,SCHEDULED_START_PLUS_DURATION,2026-08-15T13:48:17.445953+00:00,2026-08-15T13:48:17.445953+00:00,98b431b98a84b145f9a0b01db9dc2be42cc957812c33df0e3d2feaf533128bd7,api.league-pro.com,OK,c0dcf40dce809618383d3cfd361ac7210a295fa79dc7c0b4895072d4e9a05432
275812,32707,Tournament A14. League 300-350,300-350,2026-03-29T03:30:24.390000+00:00,2026-03-28T21:30:24.390000-06:00,2026-03-29T05:30:24.390000+02:00,3,COMPLETED,1228,Jaromir Cernik,1475,Jaroslav Martinek,2,3,1475,Jaroslav Martinek,,,2026-03-29T04:00:57.316000+00:00,SCHEDULED_START_PLUS_DURATION,2026-08-15T13:48:17.445953+00:00,2026-08-15T13:48:17.445953+00:00,98b431b98a84b145f9a0b01db9dc2be42cc957812c33df0e3d2feaf533128bd7,api.league-pro.com,OK,05f2c95ef35f064de441222c8cf3cd21091ec2259ca59adaf68aef074935302b
275857,32712,Tournament A17. League 700-800,700-800,2026-03-29T04:00:05.624000+00:00,2026-03-28T22:00:05.624000-06:00,2026-03-29T06:00:05.624000+02:00,3,COMPLETED,853,Patrik Pycha,875,Martin Sobisek,0,3,875,Martin Sobisek,,,2026-03-29T04:12:03.029000+00:00,SCHEDULED_START_PLUS_DURATION,2026-08-15T13:48:17.445953+00:00,2026-08-15T13:48:17.445953+00:00,98b431b98a84b145f9a0b01db9dc2be42cc957812c33df0e3d2feaf533128bd7,api.league-pro.com,OK,c80ab2ae4c4b6bc59aaeddd2fc3c2dde1e2318c6b82d7f9feac8091c5ac34c0c
275761,32701,Tournament A12. League 600-700,600-700,2026-03-29T04:00:15.607000+00:00,2026-03-28T22:00:15.607000-06:00,2026-03-29T06:00:15.607000+02:00,3,COMPLETED,1679,Jiri Dedek,1260,Pavel Fojt,3,0,1679,Jiri Dedek,,,2026-03-29T04:18:38.454000+00:00,SCHEDULED_START_PLUS_DURATION,2026-08-15T13:48:17.445953+00:00,2026-08-15T13:48:17.445953+00:00,98b431b98a84b145f9a0b01db9dc2be42cc957812c33df0e3d2feaf533128bd7,api.league-pro.com,OK,22a8822044d2b05a33d55e271f0de932a7163eb8f033942748b3fe88db7747c7
275813,32707,Tournament A14. League 300-350,300-350,2026-03-29T04:09:25.346000+00:00,2026-03-28T22:09:25.346000-06:00,2026-03-29T06:09:25.346000+02:00,3,COMPLETED,1228,Jaromir Cernik,1376,Roman Buric,2,3,1376,Roman Buric,,,2026-03-29T04:38:19.273000+00:00,SCHEDULED_START_PLUS_DURATION,2026-08-15T13:48:17.445953+00:00,2026-08-15T13:48:17.445953+00:00,98b431b98a84b145f9a0b01db9dc2be42cc957812c33df0e3d2feaf533128bd7,api.league-pro.com,OK,12f66e3c37aee97b48725c1e45e965dda3f0d0090ca6f1d1e44db57943799c8d
275762,32701,Tournament A12. League 600-700,600-700,2026-03-29T04:30:08.486000+00:00,2026-03-28T22:30:08.486000-06:00,2026-03-29T06:30:08.486000+02:00,3,COMPLETED,822,Jaroslav Prokupek,1078,Kyryl Darin,3,1,822,Jaroslav Prokupek,,,2026-03-29T04:52:17.706000+00:00,SCHEDULED_START_PLUS_DURATION,2026-08-15T13:48:17.445953+00:00,2026-08-15T13:48:17.445953+00:00,98b431b98a84b145f9a0b01db9dc2be42cc957812c33df0e3d2feaf533128bd7,api.league-pro.com,OK,f4b135eb1d1b648005972d25a486cf707cde22489dad3719d0422d2a7dd1a0a6
275858,32712,Tournament A17. League 700-800,700-800,2026-03-29T04:30:27.279000+00:00,2026-03-28T22:30:27.279000-06:00,2026-03-29T06:30:27.279000+02:00,3,COMPLETED,830,Jakub Hradecky,863,Daniel Tuma,3,0,830,Jakub Hradecky,,,2026-03-29T04:39:18.030000+00:00,SCHEDULED_START_PLUS_DURATION,2026-08-15T13:48:17.445953+00:00,2026-08-15T13:48:17.445953+00:00,98b431b98a84b145f9a0b01db9dc2be42cc957812c33df0e3d2feaf533128bd7,api.league-pro.com,OK,75854171fc1840a93c1f9c788660e37af1615f62d5e8e17adff9ffecc938a623
275814,32707,Tournament A14. League 300-350,300-350,2026-03-29T04:40:45.983000+00:00,2026-03-28T22:40:45.983000-06:00,2026-03-29T06:40:45.983000+02:00,3,COMPLETED,1248,David Mutl,1475,Jaroslav Martinek,2,3,1475,Jaroslav Martinek,,,2026-03-29T05:05:47.469000+00:00,SCHEDULED_START_PLUS_DURATION,2026-08-15T13:48:17.445953+00:00,2026-08-15T13:48:17.445953+00:00,98b431b98a84b145f9a0b01db9dc2be42cc957812c33df0e3d2feaf533128bd7,api.league-pro.com,OK,da370a0050dcff83bb239f2850407ed0f1460d0ef1579d58f9f663e1885585d6
276043,32735,Tournament A17. League 800-900,800-900,2026-03-29T06:00:08.062000+00:00,2026-03-29T00:00:08.062000-06:00,2026-03-29T08:00:08.062000+02:00,3,COMPLETED,680,Frantisek Pusch,1415,Jiri Zuzanek,2,3,1415,Jiri Zuzanek,,,2026-03-29T06:22:19.316000+00:00,SCHEDULED_START_PLUS_DURATION,2026-08-15T13:48:17.445953+00:00,2026-08-15T13:48:17.445953+00:00,98b431b98a84b145f9a0b01db9dc2be42cc957812c33df0e3d2feaf533128bd7,api.league-pro.com,OK,be2815ba7c284b628d0ae8eb8af66b07f06d3e0441811eeb68c4902e871a787b
276111,32743,Tournament A18. League 350-400,350-400,2026-03-29T06:00:10.097000+00:00,2026-03-29T00:00:10.097000-06:00,2026-03-29T08:00:10.097000+02:00,3,COMPLETED,1738,Ivan Kolenciak,1746,Michal Blaha,0,3,1746,Michal Blaha,,,2026-03-29T06:16:19.644000+00:00,SCHEDULED_START_PLUS_DURATION,2026-08-15T13:48:17.445953+00:00,2026-08-15T13:48:17.445953+00:00,98b431b98a84b145f9a0b01db9dc2be42cc957812c33df0e3d2feaf533128bd7,api.league-pro.com,OK,e4b91045bec7eac4e9c3293304d6bef4ffba08a01912c4a6040d2e086e9429b6
276011,32731,Tournament A16. League 500-550,500-550,2026-03-29T06:00:12.262000+00:00,2026-03-29T00:00:12.262000-06:00,2026-03-29T08:00:12.262000+02:00,3,COMPLETED,1805,Ivo Taichman,1766,Tomas Hrabec,3,0,1805,Ivo Taichman,,,2026-03-29T06:10:39.548000+00:00,SCHEDULED_START_PLUS_DURATION,2026-08-15T13:48:17.445953+00:00,2026-08-15T13:48:17.445953+00:00,98b431b98a84b145f9a0b01db9dc2be42cc957812c33df0e3d2feaf533128bd7,api.league-pro.com,OK,20faed9da69eddf7c72d6ea800687480b466b1fb0272a09626492c7f65dd7ce7
275923,32721,Tournament A12. League 350-400,350-400,2026-03-29T06:00:14.964000+00:00,2026-03-29T00:00:14.964000-06:00,2026-03-29T08:00:14.964000+02:00,3,COMPLETED,1597,Jiri Grohsgott,938,Jiri Hyrsl,3,2,1597,Jiri Grohsgott,,,2026-03-29T06:27:32.525000+00:00,SCHEDULED_START_PLUS_DURATION,2026-08-15T13:48:17.445953+00:00,2026-08-15T13:48:17.445953+00:00,98b431b98a84b145f9a0b01db9dc2be42cc957812c33df0e3d2feaf533128bd7,api.league-pro.com,OK,cf89bbc3035c93dc5f025756186cda36e953e8ebac8e420da74243fecaadfe44
275967,32726,Tournament A14. League 500-550,500-550,2026-03-29T06:00:46.648000+00:00,2026-03-29T00:00:46.648000-06:00,2026-03-29T08:00:46.648000+02:00,3,COMPLETED,1307,Petr Vojtech,1285,Jan Pleskot,2,3,1285,Jan Pleskot,,,2026-03-29T06:22:45.504000+00:00,SCHEDULED_START_PLUS_DURATION,2026-08-15T13:48:17.445953+00:00,2026-08-15T13:48:17.445953+00:00,98b431b98a84b145f9a0b01db9dc2be42cc957812c33df0e3d2feaf533128bd7,api.league-pro.com,OK,0a5fb3e733042764116381bf859464d5cc3d8fe8f34ef649733f04f02f7b0cb3
276044,32735,Tournament A17. League 800-900,800-900,2026-03-29T06:30:07.234000+00:00,2026-03-29T00:30:07.234000-06:00,2026-03-29T08:30:07.234000+02:00,3,COMPLETED,1692,Petr Sebera,781,Jiri Pozarsky,3,0,1692,Petr Sebera,,,2026-03-29T06:41:47.923000+00:00,SCHEDULED_START_PLUS_DURATION,2026-08-15T13:48:17.445953+00:00,2026-08-15T13:48:17.445953+00:00,98b431b98a84b145f9a0b01db9dc2be42cc957812c33df0e3d2feaf533128bd7,api.league-pro.com,OK,c28b0546c5dff1959377433fe601f1335ef0d588f0eb41c01353ede6a7951155
275968,32726,Tournament A14. League 500-550,500-550,2026-03-29T06:30:11.861000+00:00,2026-03-29T00:30:11.861000-06:00,2026-03-29T08:30:11.861000+02:00,3,COMPLETED,931,Martin Tacinec,1239,Ladislav Havel,0,3,1239,Ladislav Havel,,,2026-03-29T06:41:30.188000+00:00,SCHEDULED_START_PLUS_DURATION,2026-08-15T13:48:17.445953+00:00,2026-08-15T13:48:17.445953+00:00,98b431b98a84b145f9a0b01db9dc2be42cc957812c33df0e3d2feaf533128bd7,api.league-pro.com,OK,dbaecb7b4acca60e105f6add1a0a7e6d135089937f70852945a36964ac9b3278
276112,32743,Tournament A18. League 350-400,350-400,2026-03-29T06:30:31.626000+00:00,2026-03-29T00:30:31.626000-06:00,2026-03-29T08:30:31.626000+02:00,3,COMPLETED,1733,Zdenek Luksa,1798,David Zigmund,0,3,1798,David Zigmund,,,2026-03-29T06:41:43.790000+00:00,SCHEDULED_START_PLUS_DURATION,2026-08-15T13:48:17.445953+00:00,2026-08-15T13:48:17.445953+00:00,98b431b98a84b145f9a0b01db9dc2be42cc957812c33df0e3d2feaf533128bd7,api.league-pro.com,OK,8d84822999371817c21019f043feaa9d8394b4c78db3c747bf2157d8c72f6b3c
275924,32721,Tournament A12. League 350-400,350-400,2026-03-29T06:30:32.357000+00:00,2026-03-29T00:30:32.357000-06:00,2026-03-29T08:30:32.357000+02:00,3,COMPLETED,1251,Leos Havrda,1680,Daniel Cupec,3,0,1251,Leos Havrda,,,2026-03-29T06:43:21.429000+00:00,SCHEDULED_START_PLUS_DURATION,2026-08-15T13:48:17.445953+00:00,2026-08-15T13:48:17.445953+00:00,98b431b98a84b145f9a0b01db9dc2be42cc957812c33df0e3d2feaf533128bd7,api.league-pro.com,OK,7d899189169db68fe6f52dc34ddd406726fa4cf2c49a9bdf1e83a549a4da1c22
276012,32731,Tournament A16. League 500-550,500-550,2026-03-29T06:31:06.757000+00:00,2026-03-29T00:31:06.757000-06:00,2026-03-29T08:31:06.757000+02:00,3,COMPLETED,1732,Jan Hrabec,1788,Vitezslav Bosak,3,2,1732,Jan Hrabec,,,2026-03-29T07:15:18.160000+00:00,SCHEDULED_START_PLUS_DURATION,2026-08-15T13:48:17.445953+00:00,2026-08-15T13:48:17.445953+00:00,98b431b98a84b145f9a0b01db9dc2be42cc957812c33df0e3d2feaf533128bd7,api.league-pro.com,OK,33f2b374877f18d3308a3c2e1f58288f6ca9eec0bd8c9c652c1da0670c1b0f91
276045,32735,Tournament A17. League 800-900,800-900,2026-03-29T07:00:06.038000+00:00,2026-03-29T01:00:06.038000-06:00,2026-03-29T09:00:06.038000+02:00,3,COMPLETED,1415,Jiri Zuzanek,1692,Petr Sebera,1,3,1692,Petr Sebera,,,2026-03-29T07:15:32.674000+00:00,SCHEDULED_START_PLUS_DURATION,2026-08-15T13:48:17.445953+00:00,2026-08-15T13:48:17.445953+00:00,98b431b98a84b145f9a0b01db9dc2be42cc957812c33df0e3d2feaf533128bd7,api.league-pro.com,OK,3939e49e3dc75a0b13e9b8135fb8023dd7bc7e90e1efa65f57940b15fb812d3b
276113,32743,Tournament A18. League 350-400,350-400,2026-03-29T07:00:09.684000+00:00,2026-03-29T01:00:09.684000-06:00,2026-03-29T09:00:09.684000+02:00,3,COMPLETED,1746,Michal Blaha,1733,Zdenek Luksa,3,0,1746,Michal Blaha,,,2026-03-29T07:11:50.851000+00:00,SCHEDULED_START_PLUS_DURATION,2026-08-15T13:48:17.445953+00:00,2026-08-15T13:48:17.445953+00:00,98b431b98a84b145f9a0b01db9dc2be42cc957812c33df0e3d2feaf533128bd7,api.league-pro.com,OK,ec37251094f67074c875f8e2b28ba903a72df4ee935d01bf5ff5e4c4fcd8eb98
275969,32726,Tournament A14. League 500-550,500-550,2026-03-29T07:00:13.502000+00:00,2026-03-29T01:00:13.502000-06:00,2026-03-29T09:00:13.502000+02:00,3,COMPLETED,1285,Jan Pleskot,931,Martin Tacinec,3,1,1285,Jan Pleskot,,,2026-03-29T07:15:26.906000+00:00,SCHEDULED_START_PLUS_DURATION,2026-08-15T13:48:17.445953+00:00,2026-08-15T13:48:17.445953+00:00,98b431b98a84b145f9a0b01db9dc2be42cc957812c33df0e3d2feaf533128bd7,api.league-pro.com,OK,acc2b0ead62337c0227710e44f0cb0dce29fc6896916ae881c39e7aa2ca78bce
275925,32721,Tournament A12. League 350-400,350-400,2026-03-29T07:00:15.512000+00:00,2026-03-29T01:00:15.512000-06:00,2026-03-29T09:00:15.512000+02:00,3,COMPLETED,938,Jiri Hyrsl,1251,Leos Havrda,2,3,1251,Leos Havrda,,,2026-03-29T07:24:15.438000+00:00,SCHEDULED_START_PLUS_DURATION,2026-08-15T13:48:17.445953+00:00,2026-08-15T13:48:17.445953+00:00,98b431b98a84b145f9a0b01db9dc2be42cc957812c33df0e3d2feaf533128bd7,api.league-pro.com,OK,1e456da2f5404e68f53cd011996c6a3c44683eff79e81fede7b2295a928fb9ae
276013,32731,Tournament A16. League 500-550,500-550,2026-03-29T07:18:47.134000+00:00,2026-03-29T01:18:47.134000-06:00,2026-03-29T09:18:47.134000+02:00,3,COMPLETED,1766,Tomas Hrabec,1732,Jan Hrabec,1,3,1732,Jan Hrabec,,,2026-03-29T07:36:35.347000+00:00,SCHEDULED_START_PLUS_DURATION,2026-08-15T13:48:17.445953+00:00,2026-08-15T13:48:17.445953+00:00,98b431b98a84b145f9a0b01db9dc2be42cc957812c33df0e3d2feaf533128bd7,api.league-pro.com,OK,371acadde2d5fd89c12378522e4b8d66fb7ae3c29ab6eb427b7613382bcfcf6e
276046,32735,Tournament A17. League 800-900,800-900,2026-03-29T07:29:57.766000+00:00,2026-03-29T01:29:57.766000-06:00,2026-03-29T09:29:57.766000+02:00,3,COMPLETED,781,Jiri Pozarsky,680,Frantisek Pusch,0,3,680,Frantisek Pusch,,,2026-03-29T07:41:00.135000+00:00,SCHEDULED_START_PLUS_DURATION,2026-08-15T13:48:17.445953+00:00,2026-08-15T13:48:17.445953+00:00,98b431b98a84b145f9a0b01db9dc2be42cc957812c33df0e3d2feaf533128bd7,api.league-pro.com,OK,378a139f873fcb24f15333a6d35d6202d604373f8548a4756c1bdd9c71819fbf
275926,32721,Tournament A12. League 350-400,350-400,2026-03-29T07:30:10.320000+00:00,2026-03-29T01:30:10.320000-06:00,2026-03-29T09:30:10.320000+02:00,3,COMPLETED,1680,Daniel Cupec,1597,Jiri Grohsgott,0,3,1597,Jiri Grohsgott,,,2026-03-29T07:46:03.249000+00:00,SCHEDULED_START_PLUS_DURATION,2026-08-15T13:48:17.445953+00:00,2026-08-15T13:48:17.445953+00:00,98b431b98a84b145f9a0b01db9dc2be42cc957812c33df0e3d2feaf533128bd7,api.league-pro.com,OK,50d0571f123bfd333aec001c932c8d69e0b7bdd73e9f1c31463793977b9090bd
276114,32743,Tournament A18. League 350-400,350-400,2026-03-29T07:30:13.418000+00:00,2026-03-29T01:30:13.418000-06:00,2026-03-29T09:30:13.418000+02:00,3,COMPLETED,1798,David Zigmund,1738,Ivan Kolenciak,1,3,1738,Ivan Kolenciak,,,2026-03-29T07:47:03.834000+00:00,SCHEDULED_START_PLUS_DURATION,2026-08-15T13:48:17.445953+00:00,2026-08-15T13:48:17.445953+00:00,98b431b98a84b145f9a0b01db9dc2be42cc957812c33df0e3d2feaf533128bd7,api.league-pro.com,OK,17fa3da47fb4d88a0d9d3d7764686082638d8e5dcf80211df0d474c00c1e11c4
275970,32726,Tournament A14. League 500-550,500-550,2026-03-29T07:30:18.082000+00:00,2026-03-29T01:30:18.082000-06:00,2026-03-29T09:30:18.082000+02:00,3,COMPLETED,1239,Ladislav Havel,1307,Petr Vojtech,3,0,1239,Ladislav Havel,,,2026-03-29T07:41:22.068000+00:00,SCHEDULED_START_PLUS_DURATION,2026-08-15T13:48:17.445953+00:00,2026-08-15T13:48:17.445953+00:00,98b431b98a84b145f9a0b01db9dc2be42cc957812c33df0e3d2feaf533128bd7,api.league-pro.com,OK,377ec32b0d9840527f9e996ef3f7f99345e017835c10335baf7f6a1b2a34fa3e
276014,32731,Tournament A16. League 500-550,500-550,2026-03-29T07:39:13.420000+00:00,2026-03-29T01:39:13.420000-06:00,2026-03-29T09:39:13.420000+02:00,3,COMPLETED,1788,Vitezslav Bosak,1805,Ivo Taichman,3,2,1788,Vitezslav Bosak,,,2026-03-29T08:02:01.577000+00:00,SCHEDULED_START_PLUS_DURATION,2026-08-15T13:48:17.445953+00:00,2026-08-15T13:48:17.445953+00:00,98b431b98a84b145f9a0b01db9dc2be42cc957812c33df0e3d2feaf533128bd7,api.league-pro.com,OK,2c2d2be6d33567c0f54a76c760e1afd2ca20da0ce35bc0cd2501469a01f65cb5
276047,32735,Tournament A17. League 800-900,800-900,2026-03-29T07:59:58.537000+00:00,2026-03-29T01:59:58.537000-06:00,2026-03-29T09:59:58.537000+02:00,3,COMPLETED,680,Frantisek Pusch,1692,Petr Sebera,3,2,680,Frantisek Pusch,,,2026-03-29T08:17:31.667000+00:00,SCHEDULED_START_PLUS_DURATION,2026-08-15T13:48:17.445953+00:00,2026-08-15T13:48:17.445953+00:00,98b431b98a84b145f9a0b01db9dc2be42cc957812c33df0e3d2feaf533128bd7,api.league-pro.com,OK,7e57431c041bb21586a922b0991930199d728490de9f84b11b7c0ba94d09085a
276115,32743,Tournament A18. League 350-400,350-400,2026-03-29T08:00:10.784000+00:00,2026-03-29T02:00:10.784000-06:00,2026-03-29T10:00:10.784000+02:00,3,COMPLETED,1738,Ivan Kolenciak,1733,Zdenek Luksa,3,1,1738,Ivan Kolenciak,,,2026-03-29T08:19:13.923000+00:00,SCHEDULED_START_PLUS_DURATION,2026-08-15T13:48:17.445953+00:00,2026-08-15T13:48:17.445953+00:00,98b431b98a84b145f9a0b01db9dc2be42cc957812c33df0e3d2feaf533128bd7,api.league-pro.com,OK,89221373c8388bf1365e193623a88fca97f4c107ab5e7272e7d82382b355935a
275927,32721,Tournament A12. League 350-400,350-400,2026-03-29T08:00:15.795000+00:00,2026-03-29T02:00:15.795000-06:00,2026-03-29T10:00:15.795000+02:00,3,COMPLETED,1597,Jiri Grohsgott,1251,Leos Havrda,3,2,1597,Jiri Grohsgott,,,2026-03-29T08:28:49.836000+00:00,SCHEDULED_START_PLUS_DURATION,2026-08-15T13:48:17.445953+00:00,2026-08-15T13:48:17.445953+00:00,98b431b98a84b145f9a0b01db9dc2be42cc957812c33df0e3d2feaf533128bd7,api.league-pro.com,OK,ced4681d5f5d9743663626102a812c6da4adcaee3ac660a57c9f68bfeede1bd8
275971,32726,Tournament A14. League 500-550,500-550,2026-03-29T08:00:17.484000+00:00,2026-03-29T02:00:17.484000-06:00,2026-03-29T10:00:17.484000+02:00,3,COMPLETED,1307,Petr Vojtech,931,Martin Tacinec,0,3,931,Martin Tacinec,,,2026-03-29T08:11:52.871000+00:00,SCHEDULED_START_PLUS_DURATION,2026-08-15T13:48:17.445953+00:00,2026-08-15T13:48:17.445953+00:00,98b431b98a84b145f9a0b01db9dc2be42cc957812c33df0e3d2feaf533128bd7,api.league-pro.com,OK,99c24c615e0d8fcb17fca22662e42417908f94af01e45c510e7a061a74b5c46b
276015,32731,Tournament A16. League 500-550,500-550,2026-03-29T08:04:34.407000+00:00,2026-03-29T02:04:34.407000-06:00,2026-03-29T10:04:34.407000+02:00,3,COMPLETED,1805,Ivo Taichman,1732,Jan Hrabec,3,2,1805,Ivo Taichman,,,2026-03-29T08:30:43.614000+00:00,SCHEDULED_START_PLUS_DURATION,2026-08-15T13:48:17.445953+00:00,2026-08-15T13:48:17.445953+00:00,98b431b98a84b145f9a0b01db9dc2be42cc957812c33df0e3d2feaf533128bd7,api.league-pro.com,OK,b64b595408ec9ae735189ec506344e60b1a79f887ee55ad54650a4f5d5fabd41
276116,32743,Tournament A18. League 350-400,350-400,2026-03-29T08:30:07.966000+00:00,2026-03-29T02:30:07.966000-06:00,2026-03-29T10:30:07.966000+02:00,3,COMPLETED,1746,Michal Blaha,1798,David Zigmund,3,2,1746,Michal Blaha,,,2026-03-29T08:57:35.101000+00:00,SCHEDULED_START_PLUS_DURATION,2026-08-15T13:48:17.445953+00:00,2026-08-15T13:48:17.445953+00:00,98b431b98a84b145f9a0b01db9dc2be42cc957812c33df0e3d2feaf533128bd7,api.league-pro.com,OK,f8ee5e5852af50caf2ec3a4af374d907d0a637c09577486e7acbdb11d2fcde3d
275972,32726,Tournament A14. League 500-550,500-550,2026-03-29T08:30:28.538000+00:00,2026-03-29T02:30:28.538000-06:00,2026-03-29T10:30:28.538000+02:00,3,COMPLETED,1285,Jan Pleskot,1239,Ladislav Havel,3,2,1285,Jan Pleskot,,,2026-03-29T08:47:12.882000+00:00,SCHEDULED_START_PLUS_DURATION,2026-08-15T13:48:17.445953+00:00,2026-08-15T13:48:17.445953+00:00,98b431b98a84b145f9a0b01db9dc2be42cc957812c33df0e3d2feaf533128bd7,api.league-pro.com,OK,033d537a16de1a273e09a23f1c1ff0b9945aadaa5a7bf655aa2c4a6253b3010d
276048,32735,Tournament A17. League 800-900,800-900,2026-03-29T08:31:02.348000+00:00,2026-03-29T02:31:02.348000-06:00,2026-03-29T10:31:02.348000+02:00,3,COMPLETED,1415,Jiri Zuzanek,781,Jiri Pozarsky,0,3,781,Jiri Pozarsky,,,2026-03-29T08:43:51.013000+00:00,SCHEDULED_START_PLUS_DURATION,2026-08-15T13:48:17.445953+00:00,2026-08-15T13:48:17.445953+00:00,98b431b98a84b145f9a0b01db9dc2be42cc957812c33df0e3d2feaf533128bd7,api.league-pro.com,OK,a44dbd4bdcd0f0d647286d93d6b73592c25d5de6a50a100a4c8d502d4f720749
275928,32721,Tournament A12. League 350-400,350-400,2026-03-29T08:31:25.199000+00:00,2026-03-29T02:31:25.199000-06:00,2026-03-29T10:31:25.199000+02:00,3,COMPLETED,938,Jiri Hyrsl,1680,Daniel Cupec,3,2,938,Jiri Hyrsl,,,2026-03-29T08:54:44.218000+00:00,SCHEDULED_START_PLUS_DURATION,2026-08-15T13:48:17.445953+00:00,2026-08-15T13:48:17.445953+00:00,98b431b98a84b145f9a0b01db9dc2be42cc957812c33df0e3d2feaf533128bd7,api.league-pro.com,OK,c49ca725107380d3b3f789000c8a2ff8636f0176ed4155c7ea7c993d13beb0d6
276016,32731,Tournament A16. League 500-550,500-550,2026-03-29T08:32:54.993000+00:00,2026-03-29T02:32:54.993000-06:00,2026-03-29T10:32:54.993000+02:00,3,COMPLETED,1766,Tomas Hrabec,1788,Vitezslav Bosak,0,3,1788,Vitezslav Bosak,,,2026-03-29T08:45:24.173000+00:00,SCHEDULED_START_PLUS_DURATION,2026-08-15T13:48:17.445953+00:00,2026-08-15T13:48:17.445953+00:00,98b431b98a84b145f9a0b01db9dc2be42cc957812c33df0e3d2feaf533128bd7,api.league-pro.com,OK,c69b2906492aa2e7fbd37d6362dd1bd24e73e5910a1132f944d45e822ab84a20
275973,32726,Tournament A14. League 500-550,500-550,2026-03-29T09:00:15.184000+00:00,2026-03-29T03:00:15.184000-06:00,2026-03-29T11:00:15.184000+02:00,3,COMPLETED,931,Martin Tacinec,1307,Petr Vojtech,3,0,931,Martin Tacinec,,,2026-03-29T09:16:17.507000+00:00,SCHEDULED_START_PLUS_DURATION,2026-08-15T13:48:17.445953+00:00,2026-08-15T13:48:17.445953+00:00,98b431b98a84b145f9a0b01db9dc2be42cc957812c33df0e3d2feaf533128bd7,api.league-pro.com,OK,e18ec2d08071cef2d3f419aa75b7b8ac72e14a2f4879fb7cb5a5a339e0080a57
276017,32731,Tournament A16. League 500-550,500-550,2026-03-29T09:00:16.414000+00:00,2026-03-29T03:00:16.414000-06:00,2026-03-29T11:00:16.414000+02:00,3,COMPLETED,1732,Jan Hrabec,1766,Tomas Hrabec,3,1,1732,Jan Hrabec,,,2026-03-29T09:19:24.501000+00:00,SCHEDULED_START_PLUS_DURATION,2026-08-15T13:48:17.445953+00:00,2026-08-15T13:48:17.445953+00:00,98b431b98a84b145f9a0b01db9dc2be42cc957812c33df0e3d2feaf533128bd7,api.league-pro.com,OK,54026f9abad84e3f8be4a4a01522efa3127779da97a48d913c304147809bed52
276049,32735,Tournament A17. League 800-900,800-900,2026-03-29T09:00:17.291000+00:00,2026-03-29T03:00:17.291000-06:00,2026-03-29T11:00:17.291000+02:00,3,COMPLETED,1415,Jiri Zuzanek,781,Jiri Pozarsky,3,1,1415,Jiri Zuzanek,,,2026-03-29T09:21:26.108000+00:00,SCHEDULED_START_PLUS_DURATION,2026-08-15T13:48:17.445953+00:00,2026-08-15T13:48:17.445953+00:00,98b431b98a84b145f9a0b01db9dc2be42cc957812c33df0e3d2feaf533128bd7,api.league-pro.com,OK,49c32e6475b2d6fba116c496355efaeba0d2d2cb0c8273a9bd78882baec35336
275929,32721,Tournament A12. League 350-400,350-400,2026-03-29T09:03:16.967000+00:00,2026-03-29T03:03:16.967000-06:00,2026-03-29T11:03:16.967000+02:00,3,COMPLETED,938,Jiri Hyrsl,1680,Daniel Cupec,1,3,1680,Daniel Cupec,,,2026-03-29T09:22:04.871000+00:00,SCHEDULED_START_PLUS_DURATION,2026-08-15T13:48:17.445953+00:00,2026-08-15T13:48:17.445953+00:00,98b431b98a84b145f9a0b01db9dc2be42cc957812c33df0e3d2feaf533128bd7,api.league-pro.com,OK,cb38f795ab38e423bd4539c9ee12d7e86c02fbdd7732ade9a8ff137af67fbd67
276117,32743,Tournament A18. League 350-400,350-400,2026-03-29T09:07:14.239000+00:00,2026-03-29T03:07:14.239000-06:00,2026-03-29T11:07:14.239000+02:00,3,COMPLETED,1798,David Zigmund,1733,Zdenek Luksa,3,2,1798,David Zigmund,,,2026-03-29T09:31:51.948000+00:00,SCHEDULED_START_PLUS_DURATION,2026-08-15T13:48:17.445953+00:00,2026-08-15T13:48:17.445953+00:00,98b431b98a84b145f9a0b01db9dc2be42cc957812c33df0e3d2feaf533128bd7,api.league-pro.com,OK,f12665037b010adf29c2229ca6f5fc84ba2c81bb2a8f54eb6b1351475ce739ae
276050,32735,Tournament A17. League 800-900,800-900,2026-03-29T09:29:59.875000+00:00,2026-03-29T03:29:59.875000-06:00,2026-03-29T11:29:59.875000+02:00,3,COMPLETED,1692,Petr Sebera,680,Frantisek Pusch,3,2,1692,Petr Sebera,,,2026-03-29T09:45:59.249000+00:00,SCHEDULED_START_PLUS_DURATION,2026-08-15T13:48:17.445953+00:00,2026-08-15T13:48:17.445953+00:00,98b431b98a84b145f9a0b01db9dc2be42cc957812c33df0e3d2feaf533128bd7,api.league-pro.com,OK,c484c27657331ea3277a04f42488ac9f1d958ad127937cdeff110507fa43558a
275930,32721,Tournament A12. League 350-400,350-400,2026-03-29T09:30:16.790000+00:00,2026-03-29T03:30:16.790000-06:00,2026-03-29T11:30:16.790000+02:00,3,COMPLETED,1597,Jiri Grohsgott,1251,Leos Havrda,1,3,1251,Leos Havrda,,,2026-03-29T09:49:34.341000+00:00,SCHEDULED_START_PLUS_DURATION,2026-08-15T13:48:17.445953+00:00,2026-08-15T13:48:17.445953+00:00,98b431b98a84b145f9a0b01db9dc2be42cc957812c33df0e3d2feaf533128bd7,api.league-pro.com,OK,6082f0459a631e554f31c1a804552fca6e968325944863e03a940c060c7c236d
276018,32731,Tournament A16. League 500-550,500-550,2026-03-29T09:30:17.522000+00:00,2026-03-29T03:30:17.522000-06:00,2026-03-29T11:30:17.522000+02:00,3,COMPLETED,1788,Vitezslav Bosak,1805,Ivo Taichman,1,3,1805,Ivo Taichman,,,2026-03-29T09:49:33.569000+00:00,SCHEDULED_START_PLUS_DURATION,2026-08-15T13:48:17.445953+00:00,2026-08-15T13:48:17.445953+00:00,98b431b98a84b145f9a0b01db9dc2be42cc957812c33df0e3d2feaf533128bd7,api.league-pro.com,OK,09b45fd8fe4fe1e87e409d287b6f14c295926181269beb36c009b79d66be6fc0
275974,32726,Tournament A14. League 500-550,500-550,2026-03-29T09:30:46.323000+00:00,2026-03-29T03:30:46.323000-06:00,2026-03-29T11:30:46.323000+02:00,3,COMPLETED,1285,Jan Pleskot,1239,Ladislav Havel,3,2,1285,Jan Pleskot,,,2026-03-29T09:49:30.829000+00:00,SCHEDULED_START_PLUS_DURATION,2026-08-15T13:48:17.445953+00:00,2026-08-15T13:48:17.445953+00:00,98b431b98a84b145f9a0b01db9dc2be42cc957812c33df0e3d2feaf533128bd7,api.league-pro.com,OK,4f5307a1fe03a13a8884243e628198b6d30ae472d00cdbbcf34d82b3aa2a5abb
276118,32743,Tournament A18. League 350-400,350-400,2026-03-29T09:34:11.759000+00:00,2026-03-29T03:34:11.759000-06:00,2026-03-29T11:34:11.759000+02:00,3,COMPLETED,1746,Michal Blaha,1738,Ivan Kolenciak,3,0,1746,Michal Blaha,,,2026-03-29T09:46:06.705000+00:00,SCHEDULED_START_PLUS_DURATION,2026-08-15T13:48:17.445953+00:00,2026-08-15T13:48:17.445953+00:00,98b431b98a84b145f9a0b01db9dc2be42cc957812c33df0e3d2feaf533128bd7,api.league-pro.com,OK,b41593d409b4135d40ec82b6b50daa67a9ce74bb1bfadea95e5d539fd3ab677c
275931,32722,Tournament A12. League 700-800,700-800,2026-03-29T10:00:08.061000+00:00,2026-03-29T04:00:08.061000-06:00,2026-03-29T12:00:08.061000+02:00,3,COMPLETED,1539,Jakub Tazler,925,Vladimir Cermak,1,3,925,Vladimir Cermak,,,2026-03-29T10:19:22.916000+00:00,SCHEDULED_START_PLUS_DURATION,2026-08-15T13:48:17.445953+00:00,2026-08-15T13:48:17.445953+00:00,98b431b98a84b145f9a0b01db9dc2be42cc957812c33df0e3d2feaf533128bd7,api.league-pro.com,OK,32b662cca24f0a4e458b2b40fac9dc118e33a0cd18156110d7c718db869b6c47
276051,32736,Tournament A17. League 800-900,800-900,2026-03-29T10:00:08.115000+00:00,2026-03-29T04:00:08.115000-06:00,2026-03-29T12:00:08.115000+02:00,3,COMPLETED,809,Michal Regner,680,Frantisek Pusch,3,2,809,Michal Regner,,,2026-03-29T10:23:40.122000+00:00,SCHEDULED_START_PLUS_DURATION,2026-08-15T13:48:17.445953+00:00,2026-08-15T13:48:17.445953+00:00,98b431b98a84b145f9a0b01db9dc2be42cc957812c33df0e3d2feaf533128bd7,api.league-pro.com,OK,26d4ec55799fbe0e7c328b9be2c84b0957346ec370b6ac17823026185c11f3b2
276087,32740,Tournament A18. League 600-700,600-700,2026-03-29T10:00:10.339000+00:00,2026-03-29T04:00:10.339000-06:00,2026-03-29T12:00:10.339000+02:00,3,COMPLETED,1843,Vladimir Adamczyk,1757,David Heczko,3,0,1843,Vladimir Adamczyk,,,2026-03-29T10:10:22.386000+00:00,SCHEDULED_START_PLUS_DURATION,2026-08-15T13:48:17.445953+00:00,2026-08-15T13:48:17.445953+00:00,98b431b98a84b145f9a0b01db9dc2be42cc957812c33df0e3d2feaf533128bd7,api.league-pro.com,OK,74694249948e3eaa98c59f97a92c5fa9f2c2d8bd589922ed503f0e1633b1c0e9
276019,32732,Tournament A16. League 450-500,450-500,2026-03-29T10:00:12.423000+00:00,2026-03-29T04:00:12.423000-06:00,2026-03-29T12:00:12.423000+02:00,3,COMPLETED,1742,Daniel Tyn,1730,Michal Kaspar,2,3,1730,Michal Kaspar,,,2026-03-29T10:20:53.879000+00:00,SCHEDULED_START_PLUS_DURATION,2026-08-15T13:48:17.445953+00:00,2026-08-15T13:48:17.445953+00:00,98b431b98a84b145f9a0b01db9dc2be42cc957812c33df0e3d2feaf533128bd7,api.league-pro.com,OK,786c2214aa861b3350de64f9cb99baaff755cf0f3cda61fc42ea2dae90509fa6
275975,32727,Tournament A14. League 900-1000,900-1000,2026-03-29T10:00:18.924000+00:00,2026-03-29T04:00:18.924000-06:00,2026-03-29T12:00:18.924000+02:00,3,COMPLETED,1633,Ondrej Cmerda,747,Milan Klement,3,0,1633,Ondrej Cmerda,,,2026-03-29T10:13:13.264000+00:00,SCHEDULED_START_PLUS_DURATION,2026-08-15T13:48:17.445953+00:00,2026-08-15T13:48:17.445953+00:00,98b431b98a84b145f9a0b01db9dc2be42cc957812c33df0e3d2feaf533128bd7,api.league-pro.com,OK,4a1d1cab4ddb827b6b243ccb02e287b960a0db8705ba5307fa19e987607e14b8
276052,32736,Tournament A17. League 800-900,800-900,2026-03-29T10:29:59.118000+00:00,2026-03-29T04:29:59.118000-06:00,2026-03-29T12:29:59.118000+02:00,3,COMPLETED,1692,Petr Sebera,1415,Jiri Zuzanek,0,3,1415,Jiri Zuzanek,,,2026-03-29T10:42:24.357000+00:00,SCHEDULED_START_PLUS_DURATION,2026-08-15T13:48:17.445953+00:00,2026-08-15T13:48:17.445953+00:00,98b431b98a84b145f9a0b01db9dc2be42cc957812c33df0e3d2feaf533128bd7,api.league-pro.com,OK,602e70ac6ee6e8d40aec9e7f8ec6807d6870102cc683ae24f31de2aa98c4d05b
276020,32732,Tournament A16. League 450-500,450-500,2026-03-29T10:30:08.566000+00:00,2026-03-29T04:30:08.566000-06:00,2026-03-29T12:30:08.566000+02:00,3,COMPLETED,1012,Zbynek Zientek,1810,Filip Zurek,3,0,1012,Zbynek Zientek,,,2026-03-29T10:45:30.482000+00:00,SCHEDULED_START_PLUS_DURATION,2026-08-15T13:48:17.445953+00:00,2026-08-15T13:48:17.445953+00:00,98b431b98a84b145f9a0b01db9dc2be42cc957812c33df0e3d2feaf533128bd7,api.league-pro.com,OK,6d99d141324f815c78d89e72dc5dbcc4854ef88ee5131da3b2509eb1a73a165c
276088,32740,Tournament A18. League 600-700,600-700,2026-03-29T10:30:10.069000+00:00,2026-03-29T04:30:10.069000-06:00,2026-03-29T12:30:10.069000+02:00,3,COMPLETED,1736,Roman Guliak,1414,Marek Blejchar,3,2,1736,Roman Guliak,,,2026-03-29T10:49:36.405000+00:00,SCHEDULED_START_PLUS_DURATION,2026-08-15T13:48:17.445953+00:00,2026-08-15T13:48:17.445953+00:00,98b431b98a84b145f9a0b01db9dc2be42cc957812c33df0e3d2feaf533128bd7,api.league-pro.com,OK,4af278165d0b73cc84747af784545b09d61a32bb95c990bb2c011c68d1f2555f
275932,32722,Tournament A12. League 700-800,700-800,2026-03-29T10:30:18.022000+00:00,2026-03-29T04:30:18.022000-06:00,2026-03-29T12:30:18.022000+02:00,3,COMPLETED,1627,Tomas Vinter,1301,Vladislav Hampejs,3,0,1627,Tomas Vinter,,,2026-03-29T10:42:57.600000+00:00,SCHEDULED_START_PLUS_DURATION,2026-08-15T13:48:17.445953+00:00,2026-08-15T13:48:17.445953+00:00,98b431b98a84b145f9a0b01db9dc2be42cc957812c33df0e3d2feaf533128bd7,api.league-pro.com,OK,b3c1f2eb998661e806de112721edc7fe472797f1f36aa5e6d99e70b9765581a8
275976,32727,Tournament A14. League 900-1000,900-1000,2026-03-29T10:30:21.441000+00:00,2026-03-29T04:30:21.441000-06:00,2026-03-29T12:30:21.441000+02:00,3,COMPLETED,1582,Viktor Vejvoda,1324,Ondrej Svacha,0,3,1324,Ondrej Svacha,,,2026-03-29T10:39:15.482000+00:00,SCHEDULED_START_PLUS_DURATION,2026-08-15T13:48:17.445953+00:00,2026-08-15T13:48:17.445953+00:00,98b431b98a84b145f9a0b01db9dc2be42cc957812c33df0e3d2feaf533128bd7,api.league-pro.com,OK,e8410728424d62e5e6bbd361a8bad848d1fb2bb75f3afcc3e1686ed5c704003f
276053,32736,Tournament A17. League 800-900,800-900,2026-03-29T10:59:56.523000+00:00,2026-03-29T04:59:56.523000-06:00,2026-03-29T12:59:56.523000+02:00,3,COMPLETED,680,Frantisek Pusch,1692,Petr Sebera,3,2,680,Frantisek Pusch,,,2026-03-29T11:23:00.434000+00:00,SCHEDULED_START_PLUS_DURATION,2026-08-15T13:48:17.445953+00:00,2026-08-15T13:48:17.445953+00:00,98b431b98a84b145f9a0b01db9dc2be42cc957812c33df0e3d2feaf533128bd7,api.league-pro.com,OK,32d853c1dffcdbae925da2559c68130f4df563ff0fcb9586a5a0b48011d63aef
275933,32722,Tournament A12. League 700-800,700-800,2026-03-29T11:00:06.732000+00:00,2026-03-29T05:00:06.732000-06:00,2026-03-29T13:00:06.732000+02:00,3,COMPLETED,925,Vladimir Cermak,1627,Tomas Vinter,0,3,1627,Tomas Vinter,,,2026-03-29T11:11:16.318000+00:00,SCHEDULED_START_PLUS_DURATION,2026-08-15T13:48:17.445953+00:00,2026-08-15T13:48:17.445953+00:00,98b431b98a84b145f9a0b01db9dc2be42cc957812c33df0e3d2feaf533128bd7,api.league-pro.com,OK,d85c9e1c78a3284bdd1b3ab9132054f12d5de159fc75b6f967b02379d8605267
276021,32732,Tournament A16. League 450-500,450-500,2026-03-29T11:00:09.541000+00:00,2026-03-29T05:00:09.541000-06:00,2026-03-29T13:00:09.541000+02:00,3,COMPLETED,1730,Michal Kaspar,1012,Zbynek Zientek,0,3,1012,Zbynek Zientek,,,2026-03-29T11:14:45.603000+00:00,SCHEDULED_START_PLUS_DURATION,2026-08-15T13:48:17.445953+00:00,2026-08-15T13:48:17.445953+00:00,98b431b98a84b145f9a0b01db9dc2be42cc957812c33df0e3d2feaf533128bd7,api.league-pro.com,OK,f6d96e3db2ece1c657b75187a0f6894121801b7a7a64d888d9435c06aca8ba98
276089,32740,Tournament A18. League 600-700,600-700,2026-03-29T11:00:10.666000+00:00,2026-03-29T05:00:10.666000-06:00,2026-03-29T13:00:10.666000+02:00,3,COMPLETED,1757,David Heczko,1736,Roman Guliak,2,3,1736,Roman Guliak,,,2026-03-29T11:20:19.515000+00:00,SCHEDULED_START_PLUS_DURATION,2026-08-15T13:48:17.445953+00:00,2026-08-15T13:48:17.445953+00:00,98b431b98a84b145f9a0b01db9dc2be42cc957812c33df0e3d2feaf533128bd7,api.league-pro.com,OK,99e01fbc1639ead4d842e97d7716817a49bf82fe71ff3dca3f7da997c62adf2b
275977,32727,Tournament A14. League 900-1000,900-1000,2026-03-29T11:00:31.902000+00:00,2026-03-29T05:00:31.902000-06:00,2026-03-29T13:00:31.902000+02:00,3,COMPLETED,747,Milan Klement,1582,Viktor Vejvoda,3,1,747,Milan Klement,,,2026-03-29T11:18:33.252000+00:00,SCHEDULED_START_PLUS_DURATION,2026-08-15T13:48:17.445953+00:00,2026-08-15T13:48:17.445953+00:00,98b431b98a84b145f9a0b01db9dc2be42cc957812c33df0e3d2feaf533128bd7,api.league-pro.com,OK,254704bd2b3565ba28445b802a71dff0e0dd911d5baa8ca46908fb7f445940ef
276054,32736,Tournament A17. League 800-900,800-900,2026-03-29T11:29:57.729000+00:00,2026-03-29T05:29:57.729000-06:00,2026-03-29T13:29:57.729000+02:00,3,COMPLETED,1415,Jiri Zuzanek,809,Michal Regner,3,0,1415,Jiri Zuzanek,,,2026-03-29T11:44:59.846000+00:00,SCHEDULED_START_PLUS_DURATION,2026-08-15T13:48:17.445953+00:00,2026-08-15T13:48:17.445953+00:00,98b431b98a84b145f9a0b01db9dc2be42cc957812c33df0e3d2feaf533128bd7,api.league-pro.com,OK,2cde0df6217c093f0bd436192a6daa612d5697dbacbe407989f01bdaf17e74f4
275934,32722,Tournament A12. League 700-800,700-800,2026-03-29T11:30:05.398000+00:00,2026-03-29T05:30:05.398000-06:00,2026-03-29T13:30:05.398000+02:00,3,COMPLETED,1301,Vladislav Hampejs,1539,Jakub Tazler,1,3,1539,Jakub Tazler,,,2026-03-29T11:48:27.481000+00:00,SCHEDULED_START_PLUS_DURATION,2026-08-15T13:48:17.445953+00:00,2026-08-15T13:48:17.445953+00:00,98b431b98a84b145f9a0b01db9dc2be42cc957812c33df0e3d2feaf533128bd7,api.league-pro.com,OK,9a8d46a3eea5e4538a13c5c012d43ae0594e0717c0d8774a9d715218f8a07b57
276090,32740,Tournament A18. League 600-700,600-700,2026-03-29T11:30:08.927000+00:00,2026-03-29T05:30:08.927000-06:00,2026-03-29T13:30:08.927000+02:00,3,COMPLETED,1414,Marek Blejchar,1843,Vladimir Adamczyk,3,2,1414,Marek Blejchar,,,2026-03-29T11:53:17.229000+00:00,SCHEDULED_START_PLUS_DURATION,2026-08-15T13:48:17.445953+00:00,2026-08-15T13:48:17.445953+00:00,98b431b98a84b145f9a0b01db9dc2be42cc957812c33df0e3d2feaf533128bd7,api.league-pro.com,OK,c2c9b55c81d13a75c5c8cfd4a1bf36c0ff267481e1fad56eb2412bd5dfe2cb0a
276022,32732,Tournament A16. League 450-500,450-500,2026-03-29T11:30:16.363000+00:00,2026-03-29T05:30:16.363000-06:00,2026-03-29T13:30:16.363000+02:00,3,COMPLETED,1810,Filip Zurek,1742,Daniel Tyn,3,1,1810,Filip Zurek,,,2026-03-29T11:51:55.859000+00:00,SCHEDULED_START_PLUS_DURATION,2026-08-15T13:48:17.445953+00:00,2026-08-15T13:48:17.445953+00:00,98b431b98a84b145f9a0b01db9dc2be42cc957812c33df0e3d2feaf533128bd7,api.league-pro.com,OK,1cbfd7335eba131aa05fad82c08c1fe38de1f8d202426fa41ba15f25b2562de6
275978,32727,Tournament A14. League 900-1000,900-1000,2026-03-29T11:30:23.718000+00:00,2026-03-29T05:30:23.718000-06:00,2026-03-29T13:30:23.718000+02:00,3,COMPLETED,1324,Ondrej Svacha,1633,Ondrej Cmerda,1,3,1633,Ondrej Cmerda,,,2026-03-29T11:41:12.099000+00:00,SCHEDULED_START_PLUS_DURATION,2026-08-15T13:48:17.445953+00:00,2026-08-15T13:48:17.445953+00:00,98b431b98a84b145f9a0b01db9dc2be42cc957812c33df0e3d2feaf533128bd7,api.league-pro.com,OK,a8d8ef28184ee471cea85822ffada0e209c0223486f606970b9beb68bcfe1866
276055,32736,Tournament A17. League 800-900,800-900,2026-03-29T11:59:57.934000+00:00,2026-03-29T05:59:57.934000-06:00,2026-03-29T13:59:57.934000+02:00,3,COMPLETED,809,Michal Regner,1692,Petr Sebera,3,1,809,Michal Regner,,,2026-03-29T12:20:30.162000+00:00,SCHEDULED_START_PLUS_DURATION,2026-08-15T13:48:17.445953+00:00,2026-08-15T13:48:17.445953+00:00,98b431b98a84b145f9a0b01db9dc2be42cc957812c33df0e3d2feaf533128bd7,api.league-pro.com,OK,c0fe923244e81d570c61c2b4347db2600afd59ee67cd5f55174022e7d5132328
275935,32722,Tournament A12. League 700-800,700-800,2026-03-29T12:00:06.750000+00:00,2026-03-29T06:00:06.750000-06:00,2026-03-29T14:00:06.750000+02:00,3,COMPLETED,1539,Jakub Tazler,1627,Tomas Vinter,3,1,1539,Jakub Tazler,,,2026-03-29T12:18:38.299000+00:00,SCHEDULED_START_PLUS_DURATION,2026-08-15T13:48:17.445953+00:00,2026-08-15T13:48:17.445953+00:00,98b431b98a84b145f9a0b01db9dc2be42cc957812c33df0e3d2feaf533128bd7,api.league-pro.com,OK,c41d22625c232f98c3b54038fad076e20309016b34220ccd48e15cf1cccfd361
275979,32727,Tournament A14. League 900-1000,900-1000,2026-03-29T12:00:11.622000+00:00,2026-03-29T06:00:11.622000-06:00,2026-03-29T14:00:11.622000+02:00,3,COMPLETED,1633,Ondrej Cmerda,1582,Viktor Vejvoda,3,0,1633,Ondrej Cmerda,,,2026-03-29T12:09:19.088000+00:00,SCHEDULED_START_PLUS_DURATION,2026-08-15T13:48:17.445953+00:00,2026-08-15T13:48:17.445953+00:00,98b431b98a84b145f9a0b01db9dc2be42cc957812c33df0e3d2feaf533128bd7,api.league-pro.com,OK,de829ca568b26568efd6abc511812f3d53d62301dbd907c2fcc6cd997823245f
276091,32740,Tournament A18. League 600-700,600-700,2026-03-29T12:00:12.432000+00:00,2026-03-29T06:00:12.432000-06:00,2026-03-29T14:00:12.432000+02:00,3,COMPLETED,1843,Vladimir Adamczyk,1736,Roman Guliak,3,1,1843,Vladimir Adamczyk,,,2026-03-29T12:16:01.237000+00:00,SCHEDULED_START_PLUS_DURATION,2026-08-15T13:48:17.445953+00:00,2026-08-15T13:48:17.445953+00:00,98b431b98a84b145f9a0b01db9dc2be42cc957812c33df0e3d2feaf533128bd7,api.league-pro.com,OK,964cb7d3fa18749787a18b80a36d438bdf7ad1f306a408a325f2c0f26d25c18e
276023,32732,Tournament A16. League 450-500,450-500,2026-03-29T12:00:19.755000+00:00,2026-03-29T06:00:19.755000-06:00,2026-03-29T14:00:19.755000+02:00,3,COMPLETED,1742,Daniel Tyn,1012,Zbynek Zientek,1,3,1012,Zbynek Zientek,,,2026-03-29T12:17:06.630000+00:00,SCHEDULED_START_PLUS_DURATION,2026-08-15T13:48:17.445953+00:00,2026-08-15T13:48:17.445953+00:00,98b431b98a84b145f9a0b01db9dc2be42cc957812c33df0e3d2feaf533128bd7,api.league-pro.com,OK,cfc4eb6821e3a196674ce2c043fd18b2ea2b1a0cb0b9caeda2f6d26f7bbee295
275936,32722,Tournament A12. League 700-800,700-800,2026-03-29T12:30:05.235000+00:00,2026-03-29T06:30:05.235000-06:00,2026-03-29T14:30:05.235000+02:00,3,COMPLETED,925,Vladimir Cermak,1301,Vladislav Hampejs,3,1,925,Vladimir Cermak,,,2026-03-29T12:44:22.683000+00:00,SCHEDULED_START_PLUS_DURATION,2026-08-15T13:48:17.445953+00:00,2026-08-15T13:48:17.445953+00:00,98b431b98a84b145f9a0b01db9dc2be42cc957812c33df0e3d2feaf533128bd7,api.league-pro.com,OK,a77b5388aba0830eb4f03a6aa28a7ce9342ac1914945d68788aed559b9af380a
276024,32732,Tournament A16. League 450-500,450-500,2026-03-29T12:30:08.579000+00:00,2026-03-29T06:30:08.579000-06:00,2026-03-29T14:30:08.579000+02:00,3,COMPLETED,1730,Michal Kaspar,1810,Filip Zurek,3,2,1730,Michal Kaspar,,,2026-03-29T12:53:06.810000+00:00,SCHEDULED_START_PLUS_DURATION,2026-08-15T13:48:17.445953+00:00,2026-08-15T13:48:17.445953+00:00,98b431b98a84b145f9a0b01db9dc2be42cc957812c33df0e3d2feaf533128bd7,api.league-pro.com,OK,f9c8cbb6fbb6db0e882ef5afa18242e4f1a7ee866ad292127aa0eca41213ed72
275980,32727,Tournament A14. League 900-1000,900-1000,2026-03-29T12:30:09.480000+00:00,2026-03-29T06:30:09.480000-06:00,2026-03-29T14:30:09.480000+02:00,3,COMPLETED,747,Milan Klement,1324,Ondrej Svacha,2,3,1324,Ondrej Svacha,,,2026-03-29T12:52:27.746000+00:00,SCHEDULED_START_PLUS_DURATION,2026-08-15T13:48:17.445953+00:00,2026-08-15T13:48:17.445953+00:00,98b431b98a84b145f9a0b01db9dc2be42cc957812c33df0e3d2feaf533128bd7,api.league-pro.com,OK,7e45532c410c1149e22a1ad8449d7b37cb7733b6bc3b057a5fc0cfff4acddcfc
276092,32740,Tournament A18. League 600-700,600-700,2026-03-29T12:30:10.208000+00:00,2026-03-29T06:30:10.208000-06:00,2026-03-29T14:30:10.208000+02:00,3,COMPLETED,1757,David Heczko,1414,Marek Blejchar,1,3,1414,Marek Blejchar,,,2026-03-29T12:47:22.839000+00:00,SCHEDULED_START_PLUS_DURATION,2026-08-15T13:48:17.445953+00:00,2026-08-15T13:48:17.445953+00:00,98b431b98a84b145f9a0b01db9dc2be42cc957812c33df0e3d2feaf533128bd7,api.league-pro.com,OK,dd69817fa753f0b15d21bd9a4ae1a87495a51e2a07a77a30c532e49b671256f6
276056,32736,Tournament A17. League 800-900,800-900,2026-03-29T12:30:13.938000+00:00,2026-03-29T06:30:13.938000-06:00,2026-03-29T14:30:13.938000+02:00,3,COMPLETED,680,Frantisek Pusch,1415,Jiri Zuzanek,3,2,680,Frantisek Pusch,,,2026-03-29T12:50:49.462000+00:00,SCHEDULED_START_PLUS_DURATION,2026-08-15T13:48:17.445953+00:00,2026-08-15T13:48:17.445953+00:00,98b431b98a84b145f9a0b01db9dc2be42cc957812c33df0e3d2feaf533128bd7,api.league-pro.com,OK,9c4ca505a3823ba62526f45500633537db2189e68c86d443d39a9ff05e2b340e
275937,32722,Tournament A12. League 700-800,700-800,2026-03-29T13:00:06.918000+00:00,2026-03-29T07:00:06.918000-06:00,2026-03-29T15:00:06.918000+02:00,3,COMPLETED,925,Vladimir Cermak,1301,Vladislav Hampejs,1,3,1301,Vladislav Hampejs,,,2026-03-29T13:14:59.549000+00:00,SCHEDULED_START_PLUS_DURATION,2026-08-15T13:48:17.445953+00:00,2026-08-15T13:48:17.445953+00:00,98b431b98a84b145f9a0b01db9dc2be42cc957812c33df0e3d2feaf533128bd7,api.league-pro.com,OK,c87e739ff0b1e1d6e79556631b361f2df5dc56009505aee05faa5fb0cf0fe8fe
276057,32736,Tournament A17. League 800-900,800-900,2026-03-29T13:00:14.960000+00:00,2026-03-29T07:00:14.960000-06:00,2026-03-29T15:00:14.960000+02:00,3,COMPLETED,809,Michal Regner,1692,Petr Sebera,3,0,809,Michal Regner,,,2026-03-29T13:13:17.851000+00:00,SCHEDULED_START_PLUS_DURATION,2026-08-15T13:48:17.445953+00:00,2026-08-15T13:48:17.445953+00:00,98b431b98a84b145f9a0b01db9dc2be42cc957812c33df0e3d2feaf533128bd7,api.league-pro.com,OK,2eceb763f41fab9d09e79526caa84a41a72b8f6cadf4cb12b9dc708019ee44e7
276093,32740,Tournament A18. League 600-700,600-700,2026-03-29T13:00:15.645000+00:00,2026-03-29T07:00:15.645000-06:00,2026-03-29T15:00:15.645000+02:00,3,COMPLETED,1736,Roman Guliak,1757,David Heczko,0,3,1757,David Heczko,,,2026-03-29T13:11:53.692000+00:00,SCHEDULED_START_PLUS_DURATION,2026-08-15T13:48:17.445953+00:00,2026-08-15T13:48:17.445953+00:00,98b431b98a84b145f9a0b01db9dc2be42cc957812c33df0e3d2feaf533128bd7,api.league-pro.com,OK,fa45a994f10d795651407166fe47157653699a1bfc3b269fdf7b62bfc97cc950
275981,32727,Tournament A14. League 900-1000,900-1000,2026-03-29T13:01:32.662000+00:00,2026-03-29T07:01:32.662000-06:00,2026-03-29T15:01:32.662000+02:00,3,COMPLETED,747,Milan Klement,1582,Viktor Vejvoda,3,2,747,Milan Klement,,,2026-03-29T13:22:55.825000+00:00,SCHEDULED_START_PLUS_DURATION,2026-08-15T13:48:17.445953+00:00,2026-08-15T13:48:17.445953+00:00,98b431b98a84b145f9a0b01db9dc2be42cc957812c33df0e3d2feaf533128bd7,api.league-pro.com,OK,dd32170b0fcdb339be45ffce7ee189bdfc94d9c82d881bf5a00c457cd76a8299
276025,32732,Tournament A16. League 450-500,450-500,2026-03-29T13:03:13.432000+00:00,2026-03-29T07:03:13.432000-06:00,2026-03-29T15:03:13.432000+02:00,3,COMPLETED,1810,Filip Zurek,1742,Daniel Tyn,2,3,1742,Daniel Tyn,,,2026-03-29T13:29:18.295000+00:00,SCHEDULED_START_PLUS_DURATION,2026-08-15T13:48:17.445953+00:00,2026-08-15T13:48:17.445953+00:00,98b431b98a84b145f9a0b01db9dc2be42cc957812c33df0e3d2feaf533128bd7,api.league-pro.com,OK,0c1b2acbd283ce01b2d92dece2f85b321ea3d8db2a3cc7f989e7b03586e953ef
275982,32727,Tournament A14. League 900-1000,900-1000,2026-03-29T13:30:10.228000+00:00,2026-03-29T07:30:10.228000-06:00,2026-03-29T15:30:10.228000+02:00,3,COMPLETED,1633,Ondrej Cmerda,1324,Ondrej Svacha,0,3,1324,Ondrej Svacha,,,2026-03-29T13:40:19.356000+00:00,SCHEDULED_START_PLUS_DURATION,2026-08-15T13:48:17.445953+00:00,2026-08-15T13:48:17.445953+00:00,98b431b98a84b145f9a0b01db9dc2be42cc957812c33df0e3d2feaf533128bd7,api.league-pro.com,OK,7bb5d93def6d0689be245b96b4c0d4c6e13a243c0392a7d14e61d9d99c4725ca
276094,32740,Tournament A18. League 600-700,600-700,2026-03-29T13:30:14.782000+00:00,2026-03-29T07:30:14.782000-06:00,2026-03-29T15:30:14.782000+02:00,3,COMPLETED,1843,Vladimir Adamczyk,1414,Marek Blejchar,3,2,1843,Vladimir Adamczyk,,,2026-03-29T13:50:46.965000+00:00,SCHEDULED_START_PLUS_DURATION,2026-08-15T13:48:17.445953+00:00,2026-08-15T13:48:17.445953+00:00,98b431b98a84b145f9a0b01db9dc2be42cc957812c33df0e3d2feaf533128bd7,api.league-pro.com,OK,8d74f90de613da253541013db732ecc6fe7bad47d5b7475a87d3b807e1f526fe
275938,32722,Tournament A12. League 700-800,700-800,2026-03-29T13:30:17.919000+00:00,2026-03-29T07:30:17.919000-06:00,2026-03-29T15:30:17.919000+02:00,3,COMPLETED,1627,Tomas Vinter,1539,Jakub Tazler,3,1,1627,Tomas Vinter,,,2026-03-29T13:46:39.418000+00:00,SCHEDULED_START_PLUS_DURATION,2026-08-15T13:48:17.445953+00:00,2026-08-15T13:48:17.445953+00:00,98b431b98a84b145f9a0b01db9dc2be42cc957812c33df0e3d2feaf533128bd7,api.league-pro.com,OK,bfda12630a82730d385ab1db5131b1f6a20fc9a1b421bb1438580c607043768e
276058,32736,Tournament A17. League 800-900,800-900,2026-03-29T13:30:19.943000+00:00,2026-03-29T07:30:19.943000-06:00,2026-03-29T15:30:19.943000+02:00,3,COMPLETED,1415,Jiri Zuzanek,680,Frantisek Pusch,3,0,1415,Jiri Zuzanek,,,2026-03-29T13:40:41.666000+00:00,SCHEDULED_START_PLUS_DURATION,2026-08-15T13:48:17.445953+00:00,2026-08-15T13:48:17.445953+00:00,98b431b98a84b145f9a0b01db9dc2be42cc957812c33df0e3d2feaf533128bd7,api.league-pro.com,OK,1e5fa524989a873fa06373870510c4ce04da7dc20f5553c635d4679fcf0419dc
276026,32732,Tournament A16. League 450-500,450-500,2026-03-29T13:31:13.536000+00:00,2026-03-29T07:31:13.536000-06:00,2026-03-29T15:31:13.536000+02:00,3,COMPLETED,1012,Zbynek Zientek,1730,Michal Kaspar,3,1,1012,Zbynek Zientek,,,2026-03-29T13:49:46.472000+00:00,SCHEDULED_START_PLUS_DURATION,2026-08-15T13:48:17.445953+00:00,2026-08-15T13:48:17.445953+00:00,98b431b98a84b145f9a0b01db9dc2be42cc957812c33df0e3d2feaf533128bd7,api.league-pro.com,OK,5b196daa8b9525625606fe800c2b6dada542c51d847b8e78fd56381e95b8ad86
276095,32741,Tournament A18. League 600-700,600-700,2026-03-29T14:00:06.157000+00:00,2026-03-29T08:00:06.157000-06:00,2026-03-29T16:00:06.157000+02:00,3,COMPLETED,1724,Radim Adam,1736,Roman Guliak,0,3,1736,Roman Guliak,,,2026-03-29T14:15:13.843000+00:00,SCHEDULED_START_PLUS_DURATION,2026-08-15T13:48:17.445953+00:00,2026-08-15T13:48:17.445953+00:00,98b431b98a84b145f9a0b01db9dc2be42cc957812c33df0e3d2feaf533128bd7,api.league-pro.com,OK,1a95a52d0ab30039a9cc5172e95f2ef5686fb0da023a0115e46f94c7ef940162
275983,32728,Tournament A14. League 600-700,600-700,2026-03-29T14:00:09.302000+00:00,2026-03-29T08:00:09.302000-06:00,2026-03-29T16:00:09.302000+02:00,3,COMPLETED,1522,Tomas Barta,934,Jiri Plachy,3,0,1522,Tomas Barta,,,2026-03-29T14:16:07.900000+00:00,SCHEDULED_START_PLUS_DURATION,2026-08-15T13:48:17.445953+00:00,2026-08-15T13:48:17.445953+00:00,98b431b98a84b145f9a0b01db9dc2be42cc957812c33df0e3d2feaf533128bd7,api.league-pro.com,OK,b21319c5784458b65e85ba51363a0a4e0e3b615881a9ac9a8adfe92700500a2d
275939,32723,Tournament A12. League 550-600,550-600,2026-03-29T14:00:11.431000+00:00,2026-03-29T08:00:11.431000-06:00,2026-03-29T16:00:11.431000+02:00,3,COMPLETED,798,Radek Bartunek,1520,Tomas Regner,1,3,1520,Tomas Regner,,,2026-03-29T14:18:55.100000+00:00,SCHEDULED_START_PLUS_DURATION,2026-08-15T13:48:17.445953+00:00,2026-08-15T13:48:17.445953+00:00,98b431b98a84b145f9a0b01db9dc2be42cc957812c33df0e3d2feaf533128bd7,api.league-pro.com,OK,24376917bbed8257d4e719a7d4561193bffa521d9865e13a0bb6e78a44eddc50
276027,32733,Tournament A16. League 800-900,800-900,2026-03-29T14:00:12.161000+00:00,2026-03-29T08:00:12.161000-06:00,2026-03-29T16:00:12.161000+02:00,3,COMPLETED,1706,Roman Opralka,1294,Zbynek Pagac,0,3,1294,Zbynek Pagac,,,2026-03-29T14:12:22.666000+00:00,SCHEDULED_START_PLUS_DURATION,2026-08-15T13:48:17.445953+00:00,2026-08-15T13:48:17.445953+00:00,98b431b98a84b145f9a0b01db9dc2be42cc957812c33df0e3d2feaf533128bd7,api.league-pro.com,OK,5abb52adeb0ecb207fcd9937046f917dee08804233c457c7e224e8add63021ae
276059,32737,Tournament A17. League 600-700,600-700,2026-03-29T14:00:18.603000+00:00,2026-03-29T08:00:18.603000-06:00,2026-03-29T16:00:18.603000+02:00,3,COMPLETED,1607,David Horak,1434,Frantisek Briza,0,3,1434,Frantisek Briza,,,2026-03-29T14:17:24.358000+00:00,SCHEDULED_START_PLUS_DURATION,2026-08-15T13:48:17.445953+00:00,2026-08-15T13:48:17.445953+00:00,98b431b98a84b145f9a0b01db9dc2be42cc957812c33df0e3d2feaf533128bd7,api.league-pro.com,OK,7cfd98b4fd997755cd12ad1642ac8354714859d0e865351f27cd8a8286178f1d
276096,32741,Tournament A18. League 600-700,600-700,2026-03-29T14:30:06.078000+00:00,2026-03-29T08:30:06.078000-06:00,2026-03-29T16:30:06.078000+02:00,3,COMPLETED,1843,Vladimir Adamczyk,1414,Marek Blejchar,3,1,1843,Vladimir Adamczyk,,,2026-03-29T14:49:37.082000+00:00,SCHEDULED_START_PLUS_DURATION,2026-08-15T13:48:17.445953+00:00,2026-08-15T13:48:17.445953+00:00,98b431b98a84b145f9a0b01db9dc2be42cc957812c33df0e3d2feaf533128bd7,api.league-pro.com,OK,ece6b5dccfc116cfbbc1bc764adba648f58eea1857347d7e6ee2fc35e5e8dc0a
275984,32728,Tournament A14. League 600-700,600-700,2026-03-29T14:30:08.661000+00:00,2026-03-29T08:30:08.661000-06:00,2026-03-29T16:30:08.661000+02:00,3,COMPLETED,1673,Ba Hoang Tai Nguyen,1078,Kyryl Darin,3,1,1673,Ba Hoang Tai Nguyen,,,2026-03-29T14:47:59.813000+00:00,SCHEDULED_START_PLUS_DURATION,2026-08-15T13:48:17.445953+00:00,2026-08-15T13:48:17.445953+00:00,98b431b98a84b145f9a0b01db9dc2be42cc957812c33df0e3d2feaf533128bd7,api.league-pro.com,OK,6e8fbc12771a0203a0d05806b49695efbdbd575f912ca356dadc3a8ab95d9e31
276028,32733,Tournament A16. League 800-900,800-900,2026-03-29T14:30:12.708000+00:00,2026-03-29T08:30:12.708000-06:00,2026-03-29T16:30:12.708000+02:00,3,COMPLETED,1128,Radim Urbaniec,1709,Michal Chalupa,3,2,1128,Radim Urbaniec,,,2026-03-29T14:52:17.685000+00:00,SCHEDULED_START_PLUS_DURATION,2026-08-15T13:48:17.445953+00:00,2026-08-15T13:48:17.445953+00:00,98b431b98a84b145f9a0b01db9dc2be42cc957812c33df0e3d2feaf533128bd7,api.league-pro.com,OK,b5ea91e4eda83193c980fd5c1806fa08a51778bec4cbdb96fc37028882398b20
275940,32723,Tournament A12. League 550-600,550-600,2026-03-29T14:30:22.985000+00:00,2026-03-29T08:30:22.985000-06:00,2026-03-29T16:30:22.985000+02:00,3,COMPLETED,1811,David Barton,1393,Milan Fisera,3,1,1811,David Barton,,,2026-03-29T14:49:16.440000+00:00,SCHEDULED_START_PLUS_DURATION,2026-08-15T13:48:17.445953+00:00,2026-08-15T13:48:17.445953+00:00,98b431b98a84b145f9a0b01db9dc2be42cc957812c33df0e3d2feaf533128bd7,api.league-pro.com,OK,bee8b9267ca6f296ea45d4568030c00ca316e6589244aaa1d10920ad839dbf9e
276060,32737,Tournament A17. League 600-700,600-700,2026-03-29T14:30:25.074000+00:00,2026-03-29T08:30:25.074000-06:00,2026-03-29T16:30:25.074000+02:00,3,COMPLETED,952,Marek Placek,824,Milan Kolar,3,0,952,Marek Placek,,,2026-03-29T14:46:42.849000+00:00,SCHEDULED_START_PLUS_DURATION,2026-08-15T13:48:17.445953+00:00,2026-08-15T13:48:17.445953+00:00,98b431b98a84b145f9a0b01db9dc2be42cc957812c33df0e3d2feaf533128bd7,api.league-pro.com,OK,f8070322c227e6e179df99ce5df36e963ee347b84e83726439d47639c053ac4a
276097,32741,Tournament A18. League 600-700,600-700,2026-03-29T15:00:05.916000+00:00,2026-03-29T09:00:05.916000-06:00,2026-03-29T17:00:05.916000+02:00,3,COMPLETED,1736,Roman Guliak,1843,Vladimir Adamczyk,3,1,1736,Roman Guliak,,,2026-03-29T15:14:24.499000+00:00,SCHEDULED_START_PLUS_DURATION,2026-08-15T13:48:17.445953+00:00,2026-08-15T13:48:17.445953+00:00,98b431b98a84b145f9a0b01db9dc2be42cc957812c33df0e3d2feaf533128bd7,api.league-pro.com,OK,081d3610d565ff3b409edec243aa0d7135f7f0589c1111936926cc6f64f0f244
275985,32728,Tournament A14. League 600-700,600-700,2026-03-29T15:00:08.252000+00:00,2026-03-29T09:00:08.252000-06:00,2026-03-29T17:00:08.252000+02:00,3,COMPLETED,934,Jiri Plachy,1673,Ba Hoang Tai Nguyen,2,3,1673,Ba Hoang Tai Nguyen,,,2026-03-29T15:24:14.211000+00:00,SCHEDULED_START_PLUS_DURATION,2026-08-15T13:48:17.445953+00:00,2026-08-15T13:48:17.445953+00:00,98b431b98a84b145f9a0b01db9dc2be42cc957812c33df0e3d2feaf533128bd7,api.league-pro.com,OK,c26490f2313ffa794a72a05255f7b8c581d109d2c4f7f5ef57ea365297fd2bcb
276029,32733,Tournament A16. League 800-900,800-900,2026-03-29T15:00:11.420000+00:00,2026-03-29T09:00:11.420000-06:00,2026-03-29T17:00:11.420000+02:00,3,COMPLETED,1294,Zbynek Pagac,1128,Radim Urbaniec,0,3,1128,Radim Urbaniec,,,2026-03-29T15:11:07.715000+00:00,SCHEDULED_START_PLUS_DURATION,2026-08-15T13:48:17.445953+00:00,2026-08-15T13:48:17.445953+00:00,98b431b98a84b145f9a0b01db9dc2be42cc957812c33df0e3d2feaf533128bd7,api.league-pro.com,OK,0db625d2f7c0df460eb0b6353f3b40d300ce6e1516704c31d4a6a5e732ee8512
276061,32737,Tournament A17. League 600-700,600-700,2026-03-29T15:00:15.633000+00:00,2026-03-29T09:00:15.633000-06:00,2026-03-29T17:00:15.633000+02:00,3,COMPLETED,1434,Frantisek Briza,952,Marek Placek,0,3,952,Marek Placek,,,2026-03-29T15:12:07.318000+00:00,SCHEDULED_START_PLUS_DURATION,2026-08-15T13:48:17.445953+00:00,2026-08-15T13:48:17.445953+00:00,98b431b98a84b145f9a0b01db9dc2be42cc957812c33df0e3d2feaf533128bd7,api.league-pro.com,OK,409861165bfed2f88349f396f93f4e3ebe20a1cd93cb1d5ad1e489ad9cd289cc
275941,32723,Tournament A12. League 550-600,550-600,2026-03-29T15:00:25.448000+00:00,2026-03-29T09:00:25.448000-06:00,2026-03-29T17:00:25.448000+02:00,3,COMPLETED,1520,Tomas Regner,1811,David Barton,3,0,1520,Tomas Regner,,,2026-03-29T15:13:19.154000+00:00,SCHEDULED_START_PLUS_DURATION,2026-08-15T13:48:17.445953+00:00,2026-08-15T13:48:17.445953+00:00,98b431b98a84b145f9a0b01db9dc2be42cc957812c33df0e3d2feaf533128bd7,api.league-pro.com,OK,572f310a49532cee5f9ed150168d69f20a56622a0fe922a63cc24d92906b33a1
276098,32741,Tournament A18. League 600-700,600-700,2026-03-29T15:30:10.338000+00:00,2026-03-29T09:30:10.338000-06:00,2026-03-29T17:30:10.338000+02:00,3,COMPLETED,1414,Marek Blejchar,1724,Radim Adam,3,1,1414,Marek Blejchar,,,2026-03-29T15:52:30.167000+00:00,SCHEDULED_START_PLUS_DURATION,2026-08-15T13:48:17.445953+00:00,2026-08-15T13:48:17.445953+00:00,98b431b98a84b145f9a0b01db9dc2be42cc957812c33df0e3d2feaf533128bd7,api.league-pro.com,OK,f75f4b1366623e4c9f38625df56bc234ae354a3d5138d61b11728fa4a35514d8
275942,32723,Tournament A12. League 550-600,550-600,2026-03-29T15:30:10.991000+00:00,2026-03-29T09:30:10.991000-06:00,2026-03-29T17:30:10.991000+02:00,3,COMPLETED,1393,Milan Fisera,798,Radek Bartunek,2,3,798,Radek Bartunek,,,2026-03-29T15:58:05.180000+00:00,SCHEDULED_START_PLUS_DURATION,2026-08-15T13:48:17.445953+00:00,2026-08-15T13:48:17.445953+00:00,98b431b98a84b145f9a0b01db9dc2be42cc957812c33df0e3d2feaf533128bd7,api.league-pro.com,OK,f7e4859553bfe914feda58eb1c3d174c7f481650b3958b14216c951895eb1b58
276030,32733,Tournament A16. League 800-900,800-900,2026-03-29T15:30:11.594000+00:00,2026-03-29T09:30:11.594000-06:00,2026-03-29T17:30:11.594000+02:00,3,COMPLETED,1709,Michal Chalupa,1706,Roman Opralka,2,3,1706,Roman Opralka,,,2026-03-29T16:00:44.645000+00:00,SCHEDULED_START_PLUS_DURATION,2026-08-15T13:48:17.445953+00:00,2026-08-15T13:48:17.445953+00:00,98b431b98a84b145f9a0b01db9dc2be42cc957812c33df0e3d2feaf533128bd7,api.league-pro.com,OK,e8ce6a1d3219da1efa044eaf16349fdd8486f27b444912348725f74e55d83e94
275986,32728,Tournament A14. League 600-700,600-700,2026-03-29T15:30:16.362000+00:00,2026-03-29T09:30:16.362000-06:00,2026-03-29T17:30:16.362000+02:00,3,COMPLETED,1078,Kyryl Darin,1522,Tomas Barta,1,3,1522,Tomas Barta,,,2026-03-29T15:44:11.644000+00:00,SCHEDULED_START_PLUS_DURATION,2026-08-15T13:48:17.445953+00:00,2026-08-15T13:48:17.445953+00:00,98b431b98a84b145f9a0b01db9dc2be42cc957812c33df0e3d2feaf533128bd7,api.league-pro.com,OK,3789e4dbe24e289af264ae20a7c091ee30fb9f68a64e2040af5f8a5f9720941d
276062,32737,Tournament A17. League 600-700,600-700,2026-03-29T15:30:18.928000+00:00,2026-03-29T09:30:18.928000-06:00,2026-03-29T17:30:18.928000+02:00,3,COMPLETED,824,Milan Kolar,1607,David Horak,2,3,1607,David Horak,,,2026-03-29T15:57:15.967000+00:00,SCHEDULED_START_PLUS_DURATION,2026-08-15T13:48:17.445953+00:00,2026-08-15T13:48:17.445953+00:00,98b431b98a84b145f9a0b01db9dc2be42cc957812c33df0e3d2feaf533128bd7,api.league-pro.com,OK,9216bf445ec48a0c98e35ca44683d2e153eb342089d2b29dd932ea72cf941aa5
276099,32741,Tournament A18. League 600-700,600-700,2026-03-29T16:00:06.121000+00:00,2026-03-29T10:00:06.121000-06:00,2026-03-29T18:00:06.121000+02:00,3,COMPLETED,1724,Radim Adam,1843,Vladimir Adamczyk,3,0,1724,Radim Adam,,,2026-03-29T16:14:11.278000+00:00,SCHEDULED_START_PLUS_DURATION,2026-08-15T13:48:17.445953+00:00,2026-08-15T13:48:17.445953+00:00,98b431b98a84b145f9a0b01db9dc2be42cc957812c33df0e3d2feaf533128bd7,api.league-pro.com,OK,2d92568cfb926bd0ec5a580395b9223d978152f0aed3444bcfeaa631530bd0bf
275987,32728,Tournament A14. League 600-700,600-700,2026-03-29T16:00:07.936000+00:00,2026-03-29T10:00:07.936000-06:00,2026-03-29T18:00:07.936000+02:00,3,COMPLETED,1522,Tomas Barta,1673,Ba Hoang Tai Nguyen,3,0,1522,Tomas Barta,,,2026-03-29T16:11:15.683000+00:00,SCHEDULED_START_PLUS_DURATION,2026-08-15T13:48:17.445953+00:00,2026-08-15T13:48:17.445953+00:00,98b431b98a84b145f9a0b01db9dc2be42cc957812c33df0e3d2feaf533128bd7,api.league-pro.com,OK,129dd906db84633977f887dd7199eff26516cbabf7732095a5e8506466cdd03f
276063,32737,Tournament A17. League 600-700,600-700,2026-03-29T16:00:18.116000+00:00,2026-03-29T10:00:18.116000-06:00,2026-03-29T18:00:18.116000+02:00,3,COMPLETED,1607,David Horak,952,Marek Placek,1,3,952,Marek Placek,,,2026-03-29T16:14:47.800000+00:00,SCHEDULED_START_PLUS_DURATION,2026-08-15T13:48:17.445953+00:00,2026-08-15T13:48:17.445953+00:00,98b431b98a84b145f9a0b01db9dc2be42cc957812c33df0e3d2feaf533128bd7,api.league-pro.com,OK,96440ee0b5bab9541a2e82f08f6471d588da134af44e639a5b706815589201b3
275943,32723,Tournament A12. League 550-600,550-600,2026-03-29T16:03:58.161000+00:00,2026-03-29T10:03:58.161000-06:00,2026-03-29T18:03:58.161000+02:00,3,COMPLETED,798,Radek Bartunek,1811,David Barton,1,3,1811,David Barton,,,2026-03-29T16:22:48.257000+00:00,SCHEDULED_START_PLUS_DURATION,2026-08-15T13:48:17.445953+00:00,2026-08-15T13:48:17.445953+00:00,98b431b98a84b145f9a0b01db9dc2be42cc957812c33df0e3d2feaf533128bd7,api.league-pro.com,OK,852c8db1e9c94e54eb80f81435efac1c8f7191dc99a8a8df77b9ec3eb42e5fe4
276031,32733,Tournament A16. League 800-900,800-900,2026-03-29T16:04:06.024000+00:00,2026-03-29T10:04:06.024000-06:00,2026-03-29T18:04:06.024000+02:00,3,COMPLETED,1706,Roman Opralka,1128,Radim Urbaniec,3,1,1706,Roman Opralka,,,2026-03-29T16:23:18.494000+00:00,SCHEDULED_START_PLUS_DURATION,2026-08-15T13:48:17.445953+00:00,2026-08-15T13:48:17.445953+00:00,98b431b98a84b145f9a0b01db9dc2be42cc957812c33df0e3d2feaf533128bd7,api.league-pro.com,OK,25068809caf6e162ff844969068c9128c65c008c226d100e21d1d5301921abec
276100,32741,Tournament A18. League 600-700,600-700,2026-03-29T16:30:07.208000+00:00,2026-03-29T10:30:07.208000-06:00,2026-03-29T18:30:07.208000+02:00,3,COMPLETED,1736,Roman Guliak,1414,Marek Blejchar,1,3,1414,Marek Blejchar,,,2026-03-29T16:46:30.665000+00:00,SCHEDULED_START_PLUS_DURATION,2026-08-15T13:48:17.445953+00:00,2026-08-15T13:48:17.445953+00:00,98b431b98a84b145f9a0b01db9dc2be42cc957812c33df0e3d2feaf533128bd7,api.league-pro.com,OK,43a2aef93a7104979cde749a14eb3c5cb0b92e81fbfbfe9da7dcae150d64e98a
276032,32733,Tournament A16. League 800-900,800-900,2026-03-29T16:30:09.840000+00:00,2026-03-29T10:30:09.840000-06:00,2026-03-29T18:30:09.840000+02:00,3,COMPLETED,1294,Zbynek Pagac,1709,Michal Chalupa,1,3,1709,Michal Chalupa,,,2026-03-29T16:49:15.899000+00:00,SCHEDULED_START_PLUS_DURATION,2026-08-15T13:48:17.445953+00:00,2026-08-15T13:48:17.445953+00:00,98b431b98a84b145f9a0b01db9dc2be42cc957812c33df0e3d2feaf533128bd7,api.league-pro.com,OK,4886caa2c90d9436fcf1fb66a41f27c5c81c5461c80e79b4193b401d320b49b5
275988,32728,Tournament A14. League 600-700,600-700,2026-03-29T16:30:18.527000+00:00,2026-03-29T10:30:18.527000-06:00,2026-03-29T18:30:18.527000+02:00,3,COMPLETED,934,Jiri Plachy,1078,Kyryl Darin,3,2,934,Jiri Plachy,,,2026-03-29T16:56:21.882000+00:00,SCHEDULED_START_PLUS_DURATION,2026-08-15T13:48:17.445953+00:00,2026-08-15T13:48:17.445953+00:00,98b431b98a84b145f9a0b01db9dc2be42cc957812c33df0e3d2feaf533128bd7,api.league-pro.com,OK,f7c77c116e1356d89862f464ac31c522b5cfdad6c08a8c9170e99ddd783665cc
275944,32723,Tournament A12. League 550-600,550-600,2026-03-29T16:30:20.545000+00:00,2026-03-29T10:30:20.545000-06:00,2026-03-29T18:30:20.545000+02:00,3,COMPLETED,1520,Tomas Regner,1393,Milan Fisera,3,0,1520,Tomas Regner,,,2026-03-29T16:45:34.170000+00:00,SCHEDULED_START_PLUS_DURATION,2026-08-15T13:48:17.445953+00:00,2026-08-15T13:48:17.445953+00:00,98b431b98a84b145f9a0b01db9dc2be42cc957812c33df0e3d2feaf533128bd7,api.league-pro.com,OK,1759af52c8aa88f0f25a6a090c25e83480de805e7bb0e28359a832e8f12083b3
276064,32737,Tournament A17. League 600-700,600-700,2026-03-29T16:30:25.120000+00:00,2026-03-29T10:30:25.120000-06:00,2026-03-29T18:30:25.120000+02:00,3,COMPLETED,1434,Frantisek Briza,824,Milan Kolar,3,2,1434,Frantisek Briza,,,2026-03-29T16:56:13.652000+00:00,SCHEDULED_START_PLUS_DURATION,2026-08-15T13:48:17.445953+00:00,2026-08-15T13:48:17.445953+00:00,98b431b98a84b145f9a0b01db9dc2be42cc957812c33df0e3d2feaf533128bd7,api.league-pro.com,OK,845f2842775f7be6f99b059a6dfab0741eaad152b6aaf435ccf3fd3a276faf1c
276101,32741,Tournament A18. League 600-700,600-700,2026-03-29T17:00:18.699000+00:00,2026-03-29T11:00:18.699000-06:00,2026-03-29T19:00:18.699000+02:00,3,COMPLETED,1724,Radim Adam,1843,Vladimir Adamczyk,2,3,1843,Vladimir Adamczyk,,,2026-03-29T17:25:09.132000+00:00,SCHEDULED_START_PLUS_DURATION,2026-08-15T13:48:17.445953+00:00,2026-08-15T13:48:17.445953+00:00,98b431b98a84b145f9a0b01db9dc2be42cc957812c33df0e3d2feaf533128bd7,api.league-pro.com,OK,b3f22d3aa9df6454b102de647485ba4061d3036aa10b4c249020bb1c52308e14
276033,32733,Tournament A16. League 800-900,800-900,2026-03-29T17:00:24.639000+00:00,2026-03-29T11:00:24.639000-06:00,2026-03-29T19:00:24.639000+02:00,3,COMPLETED,1709,Michal Chalupa,1294,Zbynek Pagac,3,0,1709,Michal Chalupa,,,2026-03-29T17:13:14.073000+00:00,SCHEDULED_START_PLUS_DURATION,2026-08-15T13:48:17.445953+00:00,2026-08-15T13:48:17.445953+00:00,98b431b98a84b145f9a0b01db9dc2be42cc957812c33df0e3d2feaf533128bd7,api.league-pro.com,OK,944353b6ae85f49168477ba4757713f1a46fee91d915fd842cf7d1d8415648fd
275945,32723,Tournament A12. League 550-600,550-600,2026-03-29T17:00:37.687000+00:00,2026-03-29T11:00:37.687000-06:00,2026-03-29T19:00:37.687000+02:00,3,COMPLETED,798,Radek Bartunek,1393,Milan Fisera,3,1,798,Radek Bartunek,,,2026-03-29T17:22:39.187000+00:00,SCHEDULED_START_PLUS_DURATION,2026-08-15T13:48:17.445953+00:00,2026-08-15T13:48:17.445953+00:00,98b431b98a84b145f9a0b01db9dc2be42cc957812c33df0e3d2feaf533128bd7,api.league-pro.com,OK,f7fb4fc0c4be968bb86aa716ba15fdf159569407e7d0ff33a69fa61258347580
275989,32728,Tournament A14. League 600-700,600-700,2026-03-29T17:06:11.482000+00:00,2026-03-29T11:06:11.482000-06:00,2026-03-29T19:06:11.482000+02:00,3,COMPLETED,934,Jiri Plachy,1078,Kyryl Darin,0,3,1078,Kyryl Darin,,,2026-03-29T17:19:53.120000+00:00,SCHEDULED_START_PLUS_DURATION,2026-08-15T13:48:17.445953+00:00,2026-08-15T13:48:17.445953+00:00,98b431b98a84b145f9a0b01db9dc2be42cc957812c33df0e3d2feaf533128bd7,api.league-pro.com,OK,3c5548727289ff9d53f192b59214b7e49f64d460439ae261fff95854a9479060
276065,32737,Tournament A17. League 600-700,600-700,2026-03-29T17:07:15.023000+00:00,2026-03-29T11:07:15.023000-06:00,2026-03-29T19:07:15.023000+02:00,3,COMPLETED,1607,David Horak,824,Milan Kolar,2,3,824,Milan Kolar,,,2026-03-29T17:30:47.819000+00:00,SCHEDULED_START_PLUS_DURATION,2026-08-15T13:48:17.445953+00:00,2026-08-15T13:48:17.445953+00:00,98b431b98a84b145f9a0b01db9dc2be42cc957812c33df0e3d2feaf533128bd7,api.league-pro.com,OK,90bf9c033e8e9fa326becdda75bbed16b9694ebdc541f8288ed4caf0a3207065
275990,32728,Tournament A14. League 600-700,600-700,2026-03-29T17:30:08.260000+00:00,2026-03-29T11:30:08.260000-06:00,2026-03-29T19:30:08.260000+02:00,3,COMPLETED,1522,Tomas Barta,1673,Ba Hoang Tai Nguyen,1,3,1673,Ba Hoang Tai Nguyen,,,2026-03-29T17:42:57.952000+00:00,SCHEDULED_START_PLUS_DURATION,2026-08-15T13:48:17.445953+00:00,2026-08-15T13:48:17.445953+00:00,98b431b98a84b145f9a0b01db9dc2be42cc957812c33df0e3d2feaf533128bd7,api.league-pro.com,OK,3388ea8e455a3172845efe9f356b3641dc88a1dc0f3c1688a2ccf0b5a0b429fa
276102,32741,Tournament A18. League 600-700,600-700,2026-03-29T17:30:09.154000+00:00,2026-03-29T11:30:09.154000-06:00,2026-03-29T19:30:09.154000+02:00,3,COMPLETED,1736,Roman Guliak,1414,Marek Blejchar,0,3,1414,Marek Blejchar,,,2026-03-29T17:41:31.209000+00:00,SCHEDULED_START_PLUS_DURATION,2026-08-15T13:48:17.445953+00:00,2026-08-15T13:48:17.445953+00:00,98b431b98a84b145f9a0b01db9dc2be42cc957812c33df0e3d2feaf533128bd7,api.league-pro.com,OK,5569e074dce64873ff12f64090fe47a9e84d7fe743c2620f730c03ffd1016ad5
276034,32733,Tournament A16. League 800-900,800-900,2026-03-29T17:30:09.583000+00:00,2026-03-29T11:30:09.583000-06:00,2026-03-29T19:30:09.583000+02:00,3,COMPLETED,1128,Radim Urbaniec,1706,Roman Opralka,3,1,1128,Radim Urbaniec,,,2026-03-29T17:48:10.478000+00:00,SCHEDULED_START_PLUS_DURATION,2026-08-15T13:48:17.445953+00:00,2026-08-15T13:48:17.445953+00:00,98b431b98a84b145f9a0b01db9dc2be42cc957812c33df0e3d2feaf533128bd7,api.league-pro.com,OK,97dcffd397a44eb4a1c8485415d4da1abedb2869b0d4ec782d67a130111f798a
275946,32723,Tournament A12. League 550-600,550-600,2026-03-29T17:30:10.491000+00:00,2026-03-29T11:30:10.491000-06:00,2026-03-29T19:30:10.491000+02:00,3,COMPLETED,1520,Tomas Regner,1811,David Barton,3,1,1520,Tomas Regner,,,2026-03-29T17:42:34.728000+00:00,SCHEDULED_START_PLUS_DURATION,2026-08-15T13:48:17.445953+00:00,2026-08-15T13:48:17.445953+00:00,98b431b98a84b145f9a0b01db9dc2be42cc957812c33df0e3d2feaf533128bd7,api.league-pro.com,OK,f897c13365ec59178dcc7c593d90a34b043af6e28692aea62e89f969193c3841
276066,32737,Tournament A17. League 600-700,600-700,2026-03-29T17:33:51.676000+00:00,2026-03-29T11:33:51.676000-06:00,2026-03-29T19:33:51.676000+02:00,3,COMPLETED,952,Marek Placek,1434,Frantisek Briza,2,3,1434,Frantisek Briza,,,2026-03-29T17:54:15.377000+00:00,SCHEDULED_START_PLUS_DURATION,2026-08-15T13:48:17.445953+00:00,2026-08-15T13:48:17.445953+00:00,98b431b98a84b145f9a0b01db9dc2be42cc957812c33df0e3d2feaf533128bd7,api.league-pro.com,OK,d3ba206f1f2aefd44db0d0b04ea24061b8d52214a390ac3f63ff086074c14fee
275991,32729,Tournament A14. League 600-700,600-700,2026-03-29T18:00:06.544000+00:00,2026-03-29T12:00:06.544000-06:00,2026-03-29T20:00:06.544000+02:00,3,COMPLETED,1673,Ba Hoang Tai Nguyen,1547,Dmitro Parhomenko,3,0,1673,Ba Hoang Tai Nguyen,,,2026-03-29T18:10:35.449000+00:00,SCHEDULED_START_PLUS_DURATION,2026-08-15T13:48:17.445953+00:00,2026-08-15T13:48:17.445953+00:00,98b431b98a84b145f9a0b01db9dc2be42cc957812c33df0e3d2feaf533128bd7,api.league-pro.com,OK,03235c3aa12df4ab90c8a14785d79aba299c128e324b977d2c5bb2f48f65a39a
276103,32742,Tournament A18. League 300-350,300-350,2026-03-29T18:00:09.681000+00:00,2026-03-29T12:00:09.681000-06:00,2026-03-29T20:00:09.681000+02:00,3,COMPLETED,1701,David Vavrecka,1744,Michal Derco,2,3,1744,Michal Derco,,,2026-03-29T18:26:28.164000+00:00,SCHEDULED_START_PLUS_DURATION,2026-08-15T13:48:17.445953+00:00,2026-08-15T13:48:17.445953+00:00,98b431b98a84b145f9a0b01db9dc2be42cc957812c33df0e3d2feaf533128bd7,api.league-pro.com,OK,1936ca9ce6f53de87387dd525f0865096edbd10e36563089786d8d70c115792c
275947,32724,Tournament A12. League 1000-1100,1000-1100,2026-03-29T18:00:09.811000+00:00,2026-03-29T12:00:09.811000-06:00,2026-03-29T20:00:09.811000+02:00,3,COMPLETED,1527,Vratislav Petracek,1571,Dan Volhejn,3,2,1527,Vratislav Petracek,,,2026-03-29T18:18:12.533000+00:00,SCHEDULED_START_PLUS_DURATION,2026-08-15T13:48:17.445953+00:00,2026-08-15T13:48:17.445953+00:00,98b431b98a84b145f9a0b01db9dc2be42cc957812c33df0e3d2feaf533128bd7,api.league-pro.com,OK,772658d27ea82be10fce1b1f4bf516a6d17365a68eb47ea96e988c200bd33221
276035,32734,Tournament A16. League 900-1000,900-1000,2026-03-29T18:00:17.733000+00:00,2026-03-29T12:00:17.733000-06:00,2026-03-29T20:00:17.733000+02:00,3,COMPLETED,1046,Radomir Revay,1283,Radovan Polasek,3,1,1046,Radomir Revay,,,2026-03-29T18:20:05.611000+00:00,SCHEDULED_START_PLUS_DURATION,2026-08-15T13:48:17.445953+00:00,2026-08-15T13:48:17.445953+00:00,98b431b98a84b145f9a0b01db9dc2be42cc957812c33df0e3d2feaf533128bd7,api.league-pro.com,OK,1bb1184c695a94e76f4b0c7d809766a7f33e47fe5cb899cd882660bab8caa164
276067,32738,Tournament A17. League 600-700,600-700,2026-03-29T18:00:23.717000+00:00,2026-03-29T12:00:23.717000-06:00,2026-03-29T20:00:23.717000+02:00,3,COMPLETED,837,Radim Pavelka,822,Jaroslav Prokupek,0,3,822,Jaroslav Prokupek,,,2026-03-29T18:14:46.782000+00:00,SCHEDULED_START_PLUS_DURATION,2026-08-15T13:48:17.445953+00:00,2026-08-15T13:48:17.445953+00:00,98b431b98a84b145f9a0b01db9dc2be42cc957812c33df0e3d2feaf533128bd7,api.league-pro.com,OK,d8ef29d9220e2ae36452332dbee6e349c8f7411fa5ffdbca143bd44dea77390f
275948,32724,Tournament A12. League 1000-1100,1000-1100,2026-03-29T18:30:08.191000+00:00,2026-03-29T12:30:08.191000-06:00,2026-03-29T20:30:08.191000+02:00,3,COMPLETED,771,Zdenek Bilek,878,Lukas Zeman,3,0,771,Zdenek Bilek,,,2026-03-29T18:42:23.483000+00:00,SCHEDULED_START_PLUS_DURATION,2026-08-15T13:48:17.445953+00:00,2026-08-15T13:48:17.445953+00:00,98b431b98a84b145f9a0b01db9dc2be42cc957812c33df0e3d2feaf533128bd7,api.league-pro.com,OK,826b9fc5cc733720be4b7f8bacb036c6c151c7c81da7f4634b6e094e1b909e97
276104,32742,Tournament A18. League 300-350,300-350,2026-03-29T18:30:10.014000+00:00,2026-03-29T12:30:10.014000-06:00,2026-03-29T20:30:10.014000+02:00,3,COMPLETED,1745,Petr Romba,1050,Jiri Motak,2,3,1050,Jiri Motak,,,2026-03-29T18:50:39.323000+00:00,SCHEDULED_START_PLUS_DURATION,2026-08-15T13:48:17.445953+00:00,2026-08-15T13:48:17.445953+00:00,98b431b98a84b145f9a0b01db9dc2be42cc957812c33df0e3d2feaf533128bd7,api.league-pro.com,OK,fd37b7bd79029b8566bd997f73a1ec215e0b27acd83db848bb63af61358fa69a
275992,32729,Tournament A14. League 600-700,600-700,2026-03-29T18:30:14.313000+00:00,2026-03-29T12:30:14.313000-06:00,2026-03-29T20:30:14.313000+02:00,3,COMPLETED,1522,Tomas Barta,934,Jiri Plachy,2,3,934,Jiri Plachy,,,2026-03-29T18:51:16.910000+00:00,SCHEDULED_START_PLUS_DURATION,2026-08-15T13:48:17.445953+00:00,2026-08-15T13:48:17.445953+00:00,98b431b98a84b145f9a0b01db9dc2be42cc957812c33df0e3d2feaf533128bd7,api.league-pro.com,OK,249752776449e3ee9a1ee07bee295ec05bd2b723dda07c905a4117fde00e9345
276036,32734,Tournament A16. League 900-1000,900-1000,2026-03-29T18:30:16.646000+00:00,2026-03-29T12:30:16.646000-06:00,2026-03-29T20:30:16.646000+02:00,3,COMPLETED,996,Tadeas Zika,1121,Matyas Navedla,3,1,996,Tadeas Zika,,,2026-03-29T18:45:34.838000+00:00,SCHEDULED_START_PLUS_DURATION,2026-08-15T13:48:17.445953+00:00,2026-08-15T13:48:17.445953+00:00,98b431b98a84b145f9a0b01db9dc2be42cc957812c33df0e3d2feaf533128bd7,api.league-pro.com,OK,e00d2c7f90f879dfe4df1807dbe93df7e1110052f2034e187993ca48468c465a
276068,32738,Tournament A17. League 600-700,600-700,2026-03-29T18:30:37.254000+00:00,2026-03-29T12:30:37.254000-06:00,2026-03-29T20:30:37.254000+02:00,3,COMPLETED,1428,Lubos Krticka,865,Vladimir Postelt,0,3,865,Vladimir Postelt,,,2026-03-29T18:44:22.850000+00:00,SCHEDULED_START_PLUS_DURATION,2026-08-15T13:48:17.445953+00:00,2026-08-15T13:48:17.445953+00:00,98b431b98a84b145f9a0b01db9dc2be42cc957812c33df0e3d2feaf533128bd7,api.league-pro.com,OK,9c2de383494462db305d7d8d7ff45a09b0704ae7f224cb8147beffb9e887b031
275993,32729,Tournament A14. League 600-700,600-700,2026-03-29T19:00:08.704000+00:00,2026-03-29T13:00:08.704000-06:00,2026-03-29T21:00:08.704000+02:00,3,COMPLETED,1547,Dmitro Parhomenko,1522,Tomas Barta,1,3,1522,Tomas Barta,,,2026-03-29T19:14:43.172000+00:00,SCHEDULED_START_PLUS_DURATION,2026-08-15T13:48:17.445953+00:00,2026-08-15T13:48:17.445953+00:00,98b431b98a84b145f9a0b01db9dc2be42cc957812c33df0e3d2feaf533128bd7,api.league-pro.com,OK,dbd4690065ece587304767489d6857202578302862e30a17bb9a5cf3d72517b2
276069,32738,Tournament A17. League 600-700,600-700,2026-03-29T19:00:09.992000+00:00,2026-03-29T13:00:09.992000-06:00,2026-03-29T21:00:09.992000+02:00,3,COMPLETED,822,Jaroslav Prokupek,1428,Lubos Krticka,1,3,1428,Lubos Krticka,,,2026-03-29T19:17:45.820000+00:00,SCHEDULED_START_PLUS_DURATION,2026-08-15T13:48:17.445953+00:00,2026-08-15T13:48:17.445953+00:00,98b431b98a84b145f9a0b01db9dc2be42cc957812c33df0e3d2feaf533128bd7,api.league-pro.com,OK,aceb2e3e3bd223ac3bd540cc727f8fd7e26a21a1ad15b94f2cf790435ef4b366
275949,32724,Tournament A12. League 1000-1100,1000-1100,2026-03-29T19:00:10.211000+00:00,2026-03-29T13:00:10.211000-06:00,2026-03-29T21:00:10.211000+02:00,3,COMPLETED,1571,Dan Volhejn,771,Zdenek Bilek,3,0,1571,Dan Volhejn,,,2026-03-29T19:16:05.523000+00:00,SCHEDULED_START_PLUS_DURATION,2026-08-15T13:48:17.445953+00:00,2026-08-15T13:48:17.445953+00:00,98b431b98a84b145f9a0b01db9dc2be42cc957812c33df0e3d2feaf533128bd7,api.league-pro.com,OK,859f3f6ac6b103589f1fc34ff39a9a47623997b3db03b89f3993a5b54a22f6b7
276105,32742,Tournament A18. League 300-350,300-350,2026-03-29T19:00:10.801000+00:00,2026-03-29T13:00:10.801000-06:00,2026-03-29T21:00:10.801000+02:00,3,COMPLETED,1744,Michal Derco,1745,Petr Romba,1,3,1745,Petr Romba,,,2026-03-29T19:17:14.172000+00:00,SCHEDULED_START_PLUS_DURATION,2026-08-15T13:48:17.445953+00:00,2026-08-15T13:48:17.445953+00:00,98b431b98a84b145f9a0b01db9dc2be42cc957812c33df0e3d2feaf533128bd7,api.league-pro.com,OK,77f3f099407d98851cf4dc023cc2cdffdf994e1f7801539488abddb5e88b26d5
276037,32734,Tournament A16. League 900-1000,900-1000,2026-03-29T19:00:12.375000+00:00,2026-03-29T13:00:12.375000-06:00,2026-03-29T21:00:12.375000+02:00,3,COMPLETED,1283,Radovan Polasek,996,Tadeas Zika,0,3,996,Tadeas Zika,,,2026-03-29T19:15:07.991000+00:00,SCHEDULED_START_PLUS_DURATION,2026-08-15T13:48:17.445953+00:00,2026-08-15T13:48:17.445953+00:00,98b431b98a84b145f9a0b01db9dc2be42cc957812c33df0e3d2feaf533128bd7,api.league-pro.com,OK,34539897ed4f27b0c026de37f0845d4705cb59412fc99cfa758aae110c1a062e
276070,32738,Tournament A17. League 600-700,600-700,2026-03-29T19:30:09.708000+00:00,2026-03-29T13:30:09.708000-06:00,2026-03-29T21:30:09.708000+02:00,3,COMPLETED,865,Vladimir Postelt,837,Radim Pavelka,3,1,865,Vladimir Postelt,,,2026-03-29T19:48:39.301000+00:00,SCHEDULED_START_PLUS_DURATION,2026-08-15T13:48:17.445953+00:00,2026-08-15T13:48:17.445953+00:00,98b431b98a84b145f9a0b01db9dc2be42cc957812c33df0e3d2feaf533128bd7,api.league-pro.com,OK,57dcd202768f08781d51f179304c959c46a7846e84c50d936e90026806d05c87
276038,32734,Tournament A16. League 900-1000,900-1000,2026-03-29T19:30:11.329000+00:00,2026-03-29T13:30:11.329000-06:00,2026-03-29T21:30:11.329000+02:00,3,COMPLETED,1121,Matyas Navedla,1046,Radomir Revay,3,1,1121,Matyas Navedla,,,2026-03-29T19:52:25.500000+00:00,SCHEDULED_START_PLUS_DURATION,2026-08-15T13:48:17.445953+00:00,2026-08-15T13:48:17.445953+00:00,98b431b98a84b145f9a0b01db9dc2be42cc957812c33df0e3d2feaf533128bd7,api.league-pro.com,OK,a479aac1cd7d8d4cfeffbc2b4bfa619beb126340fd9c6108f01ee2c30a97f16d
275950,32724,Tournament A12. League 1000-1100,1000-1100,2026-03-29T19:30:11.879000+00:00,2026-03-29T13:30:11.879000-06:00,2026-03-29T21:30:11.879000+02:00,3,COMPLETED,878,Lukas Zeman,1527,Vratislav Petracek,2,3,1527,Vratislav Petracek,,,2026-03-29T19:51:14.518000+00:00,SCHEDULED_START_PLUS_DURATION,2026-08-15T13:48:17.445953+00:00,2026-08-15T13:48:17.445953+00:00,98b431b98a84b145f9a0b01db9dc2be42cc957812c33df0e3d2feaf533128bd7,api.league-pro.com,OK,4339430b75b18cdbaafe5e7e9261a57675238594a8e16d01fd10aeb27aec3b8e
276106,32742,Tournament A18. League 300-350,300-350,2026-03-29T19:30:13.022000+00:00,2026-03-29T13:30:13.022000-06:00,2026-03-29T21:30:13.022000+02:00,3,COMPLETED,1050,Jiri Motak,1701,David Vavrecka,0,3,1701,David Vavrecka,,,2026-03-29T19:48:23.923000+00:00,SCHEDULED_START_PLUS_DURATION,2026-08-15T13:48:17.445953+00:00,2026-08-15T13:48:17.445953+00:00,98b431b98a84b145f9a0b01db9dc2be42cc957812c33df0e3d2feaf533128bd7,api.league-pro.com,OK,cd1931299cb9a00b60a597b152e790a3d3beffa4806e17b58f34507148a35b45
275994,32729,Tournament A14. League 600-700,600-700,2026-03-29T19:30:14.054000+00:00,2026-03-29T13:30:14.054000-06:00,2026-03-29T21:30:14.054000+02:00,3,COMPLETED,934,Jiri Plachy,1673,Ba Hoang Tai Nguyen,3,1,934,Jiri Plachy,,,2026-03-29T19:54:01.430000+00:00,SCHEDULED_START_PLUS_DURATION,2026-08-15T13:48:17.445953+00:00,2026-08-15T13:48:17.445953+00:00,98b431b98a84b145f9a0b01db9dc2be42cc957812c33df0e3d2feaf533128bd7,api.league-pro.com,OK,372a9f25cb16a1e36ce83475d871f25db055af7782f06d11f5d88bfddbb1bce5
276107,32742,Tournament A18. League 300-350,300-350,2026-03-29T20:00:08.988000+00:00,2026-03-29T14:00:08.988000-06:00,2026-03-29T22:00:08.988000+02:00,3,COMPLETED,1701,David Vavrecka,1745,Petr Romba,3,1,1701,David Vavrecka,,,2026-03-29T20:18:10.130000+00:00,SCHEDULED_START_PLUS_DURATION,2026-08-15T13:48:17.445953+00:00,2026-08-15T13:48:17.445953+00:00,98b431b98a84b145f9a0b01db9dc2be42cc957812c33df0e3d2feaf533128bd7,api.league-pro.com,OK,987b61da7ff4708ebb4f6b0f60479ea21cc95a6568c8b96dabf04c8cef6884ce
275995,32729,Tournament A14. League 600-700,600-700,2026-03-29T20:00:09.739000+00:00,2026-03-29T14:00:09.739000-06:00,2026-03-29T22:00:09.739000+02:00,3,COMPLETED,1673,Ba Hoang Tai Nguyen,1522,Tomas Barta,3,0,1673,Ba Hoang Tai Nguyen,,,2026-03-29T20:12:56.610000+00:00,SCHEDULED_START_PLUS_DURATION,2026-08-15T13:48:17.445953+00:00,2026-08-15T13:48:17.445953+00:00,98b431b98a84b145f9a0b01db9dc2be42cc957812c33df0e3d2feaf533128bd7,api.league-pro.com,OK,f96c9d481d1f456f8773d6deef50319df4e6acdf17685284fb9f12c3f1ffe81d
276039,32734,Tournament A16. League 900-1000,900-1000,2026-03-29T20:00:12.039000+00:00,2026-03-29T14:00:12.039000-06:00,2026-03-29T22:00:12.039000+02:00,3,COMPLETED,1046,Radomir Revay,996,Tadeas Zika,3,2,1046,Radomir Revay,,,2026-03-29T20:31:58.287000+00:00,SCHEDULED_START_PLUS_DURATION,2026-08-15T13:48:17.445953+00:00,2026-08-15T13:48:17.445953+00:00,98b431b98a84b145f9a0b01db9dc2be42cc957812c33df0e3d2feaf533128bd7,api.league-pro.com,OK,70d9bd786a2ad69a2db55bcb420f8f5c4e1e2f0c6d25dc2a6eb2d3070b90c891
276071,32738,Tournament A17. League 600-700,600-700,2026-03-29T20:00:16.054000+00:00,2026-03-29T14:00:16.054000-06:00,2026-03-29T22:00:16.054000+02:00,3,COMPLETED,837,Radim Pavelka,1428,Lubos Krticka,0,3,1428,Lubos Krticka,,,2026-03-29T20:15:07.071000+00:00,SCHEDULED_START_PLUS_DURATION,2026-08-15T13:48:17.445953+00:00,2026-08-15T13:48:17.445953+00:00,98b431b98a84b145f9a0b01db9dc2be42cc957812c33df0e3d2feaf533128bd7,api.league-pro.com,OK,6c5b492cb83497b51783362e42c0eacbe09b762fc1fcbd19bb3f6cf6d0cb0cd8
275951,32724,Tournament A12. League 1000-1100,1000-1100,2026-03-29T20:02:12.316000+00:00,2026-03-29T14:02:12.316000-06:00,2026-03-29T22:02:12.316000+02:00,3,COMPLETED,1527,Vratislav Petracek,771,Zdenek Bilek,1,3,771,Zdenek Bilek,,,2026-03-29T20:16:20.692000+00:00,SCHEDULED_START_PLUS_DURATION,2026-08-15T13:48:17.445953+00:00,2026-08-15T13:48:17.445953+00:00,98b431b98a84b145f9a0b01db9dc2be42cc957812c33df0e3d2feaf533128bd7,api.league-pro.com,OK,194956e516e31c9e5634955755aae5da53c65a3bf5f7a0f09673b9c79c8f4cce
275952,32724,Tournament A12. League 1000-1100,1000-1100,2026-03-29T20:30:13.220000+00:00,2026-03-29T14:30:13.220000-06:00,2026-03-29T22:30:13.220000+02:00,3,COMPLETED,1571,Dan Volhejn,878,Lukas Zeman,3,0,1571,Dan Volhejn,,,2026-03-29T20:41:29.867000+00:00,SCHEDULED_START_PLUS_DURATION,2026-08-15T13:48:17.445953+00:00,2026-08-15T13:48:17.445953+00:00,98b431b98a84b145f9a0b01db9dc2be42cc957812c33df0e3d2feaf533128bd7,api.league-pro.com,OK,22e56603818fa20704f51483347553a470f3c855895d30cd6e3607a71c1900d6
276108,32742,Tournament A18. League 300-350,300-350,2026-03-29T20:30:14.247000+00:00,2026-03-29T14:30:14.247000-06:00,2026-03-29T22:30:14.247000+02:00,3,COMPLETED,1744,Michal Derco,1050,Jiri Motak,3,1,1744,Michal Derco,,,2026-03-29T20:49:19.560000+00:00,SCHEDULED_START_PLUS_DURATION,2026-08-15T13:48:17.445953+00:00,2026-08-15T13:48:17.445953+00:00,98b431b98a84b145f9a0b01db9dc2be42cc957812c33df0e3d2feaf533128bd7,api.league-pro.com,OK,e5f5f2d633ef7bbafcfcf0214879a3353b65a7e32c83cbf45adba0acfa51ad73
275996,32729,Tournament A14. League 600-700,600-700,2026-03-29T20:30:24.296000+00:00,2026-03-29T14:30:24.296000-06:00,2026-03-29T22:30:24.296000+02:00,3,COMPLETED,1547,Dmitro Parhomenko,934,Jiri Plachy,3,2,1547,Dmitro Parhomenko,,,2026-03-29T20:49:15.765000+00:00,SCHEDULED_START_PLUS_DURATION,2026-08-15T13:48:17.445953+00:00,2026-08-15T13:48:17.445953+00:00,98b431b98a84b145f9a0b01db9dc2be42cc957812c33df0e3d2feaf533128bd7,api.league-pro.com,OK,25d1e924608530dc677864f4d360ab16b679e68334af5a773fdc191d7e99a2be
276072,32738,Tournament A17. League 600-700,600-700,2026-03-29T20:30:42.523000+00:00,2026-03-29T14:30:42.523000-06:00,2026-03-29T22:30:42.523000+02:00,3,COMPLETED,822,Jaroslav Prokupek,865,Vladimir Postelt,3,1,822,Jaroslav Prokupek,,,2026-03-29T20:47:25.126000+00:00,SCHEDULED_START_PLUS_DURATION,2026-08-15T13:48:17.445953+00:00,2026-08-15T13:48:17.445953+00:00,98b431b98a84b145f9a0b01db9dc2be42cc957812c33df0e3d2feaf533128bd7,api.league-pro.com,OK,34ad56cb32a54b8d2ce3538b75d9518c32dc35bbb6630fa2d1d45349b6ea4e77
276040,32734,Tournament A16. League 900-1000,900-1000,2026-03-29T20:34:31.556000+00:00,2026-03-29T14:34:31.556000-06:00,2026-03-29T22:34:31.556000+02:00,3,COMPLETED,1283,Radovan Polasek,1121,Matyas Navedla,1,3,1121,Matyas Navedla,,,2026-03-29T20:51:39.073000+00:00,SCHEDULED_START_PLUS_DURATION,2026-08-15T13:48:17.445953+00:00,2026-08-15T13:48:17.445953+00:00,98b431b98a84b145f9a0b01db9dc2be42cc957812c33df0e3d2feaf533128bd7,api.league-pro.com,OK,e70871cac618559cf3a3ff549a6784e317644819e9226349bbb5e9fb802d9a68
275953,32724,Tournament A12. League 1000-1100,1000-1100,2026-03-29T21:00:14.484000+00:00,2026-03-29T15:00:14.484000-06:00,2026-03-29T23:00:14.484000+02:00,3,COMPLETED,771,Zdenek Bilek,878,Lukas Zeman,3,1,771,Zdenek Bilek,,,2026-03-29T21:19:43.656000+00:00,SCHEDULED_START_PLUS_DURATION,2026-08-15T13:48:17.445953+00:00,2026-08-15T13:48:17.445953+00:00,98b431b98a84b145f9a0b01db9dc2be42cc957812c33df0e3d2feaf533128bd7,api.league-pro.com,OK,bb763f28fc390d2fe5ded5f748d4d9c09b034915d08c155d68dfc02d39a35d11
275997,32729,Tournament A14. League 600-700,600-700,2026-03-29T21:00:16.546000+00:00,2026-03-29T15:00:16.546000-06:00,2026-03-29T23:00:16.546000+02:00,3,COMPLETED,1522,Tomas Barta,1547,Dmitro Parhomenko,3,0,1522,Tomas Barta,,,2026-03-29T21:09:44.149000+00:00,SCHEDULED_START_PLUS_DURATION,2026-08-15T13:48:17.445953+00:00,2026-08-15T13:48:17.445953+00:00,98b431b98a84b145f9a0b01db9dc2be42cc957812c33df0e3d2feaf533128bd7,api.league-pro.com,OK,abad3e927a4d3d79deb8dccc972a8a118aaf7552547c4c339f0504d1e46a4fe0
276109,32742,Tournament A18. League 300-350,300-350,2026-03-29T21:00:23.044000+00:00,2026-03-29T15:00:23.044000-06:00,2026-03-29T23:00:23.044000+02:00,3,COMPLETED,1745,Petr Romba,1050,Jiri Motak,2,3,1050,Jiri Motak,,,2026-03-29T21:22:00.660000+00:00,SCHEDULED_START_PLUS_DURATION,2026-08-15T13:48:17.445953+00:00,2026-08-15T13:48:17.445953+00:00,98b431b98a84b145f9a0b01db9dc2be42cc957812c33df0e3d2feaf533128bd7,api.league-pro.com,OK,2228956f89fc0bf3bc1b04fa39d66da41a240ef2eaa59ee3249648e3f2983926
276073,32738,Tournament A17. League 600-700,600-700,2026-03-29T21:00:27.655000+00:00,2026-03-29T15:00:27.655000-06:00,2026-03-29T23:00:27.655000+02:00,3,COMPLETED,1428,Lubos Krticka,837,Radim Pavelka,3,1,1428,Lubos Krticka,,,2026-03-29T21:17:24.380000+00:00,SCHEDULED_START_PLUS_DURATION,2026-08-15T13:48:17.445953+00:00,2026-08-15T13:48:17.445953+00:00,98b431b98a84b145f9a0b01db9dc2be42cc957812c33df0e3d2feaf533128bd7,api.league-pro.com,OK,71523b17fbd4a44c6b135c878b263c7a7b6d6ff56347135a8fbf68d16a2eb747
276041,32734,Tournament A16. League 900-1000,900-1000,2026-03-29T21:01:14.764000+00:00,2026-03-29T15:01:14.764000-06:00,2026-03-29T23:01:14.764000+02:00,3,COMPLETED,1046,Radomir Revay,1283,Radovan Polasek,3,2,1046,Radomir Revay,,,2026-03-29T21:26:46.829000+00:00,SCHEDULED_START_PLUS_DURATION,2026-08-15T13:48:17.445953+00:00,2026-08-15T13:48:17.445953+00:00,98b431b98a84b145f9a0b01db9dc2be42cc957812c33df0e3d2feaf533128bd7,api.league-pro.com,OK,05d31f7563c436df8db2e0a10835e0dc4accd1517315fe61d4571e0f818bb271
276110,32742,Tournament A18. League 300-350,300-350,2026-03-29T21:30:10.161000+00:00,2026-03-29T15:30:10.161000-06:00,2026-03-29T23:30:10.161000+02:00,3,COMPLETED,1701,David Vavrecka,1744,Michal Derco,3,2,1701,David Vavrecka,,,2026-03-29T21:54:07.913000+00:00,SCHEDULED_START_PLUS_DURATION,2026-08-15T13:48:17.445953+00:00,2026-08-15T13:48:17.445953+00:00,98b431b98a84b145f9a0b01db9dc2be42cc957812c33df0e3d2feaf533128bd7,api.league-pro.com,OK,b4e8e4e374122ce096c779bac0a91633e123f5fce786357b27b8c68c91809e71
276042,32734,Tournament A16. League 900-1000,900-1000,2026-03-29T21:30:14.524000+00:00,2026-03-29T15:30:14.524000-06:00,2026-03-29T23:30:14.524000+02:00,3,COMPLETED,996,Tadeas Zika,1121,Matyas Navedla,3,2,996,Tadeas Zika,,,2026-03-29T21:53:36.666000+00:00,SCHEDULED_START_PLUS_DURATION,2026-08-15T13:48:17.445953+00:00,2026-08-15T13:48:17.445953+00:00,98b431b98a84b145f9a0b01db9dc2be42cc957812c33df0e3d2feaf533128bd7,api.league-pro.com,OK,9abda50d869478655933fcb9a410f7741933279fe2b319477f9c7a11be0c75fa
275954,32724,Tournament A12. League 1000-1100,1000-1100,2026-03-29T21:30:15.256000+00:00,2026-03-29T15:30:15.256000-06:00,2026-03-29T23:30:15.256000+02:00,3,COMPLETED,1571,Dan Volhejn,1527,Vratislav Petracek,3,0,1571,Dan Volhejn,,,2026-03-29T21:41:48.816000+00:00,SCHEDULED_START_PLUS_DURATION,2026-08-15T13:48:17.445953+00:00,2026-08-15T13:48:17.445953+00:00,98b431b98a84b145f9a0b01db9dc2be42cc957812c33df0e3d2feaf533128bd7,api.league-pro.com,OK,302f7b382df8bd25ab0ab74673fae3792d02ccf910af1201da445aef7ad8b559
275998,32729,Tournament A14. League 600-700,600-700,2026-03-29T21:30:15.680000+00:00,2026-03-29T15:30:15.680000-06:00,2026-03-29T23:30:15.680000+02:00,3,COMPLETED,934,Jiri Plachy,1673,Ba Hoang Tai Nguyen,3,2,934,Jiri Plachy,,,2026-03-29T21:50:43.816000+00:00,SCHEDULED_START_PLUS_DURATION,2026-08-15T13:48:17.445953+00:00,2026-08-15T13:48:17.445953+00:00,98b431b98a84b145f9a0b01db9dc2be42cc957812c33df0e3d2feaf533128bd7,api.league-pro.com,OK,a3222b814d4edbdf9cc99bd6fc1e3445f6ac43f5cb5a1f9a2f9a3a6b945bcfed
276074,32738,Tournament A17. League 600-700,600-700,2026-03-29T21:30:22.816000+00:00,2026-03-29T15:30:22.816000-06:00,2026-03-29T23:30:22.816000+02:00,3,COMPLETED,822,Jaroslav Prokupek,865,Vladimir Postelt,1,3,865,Vladimir Postelt,,,2026-03-29T21:49:19.510000+00:00,SCHEDULED_START_PLUS_DURATION,2026-08-15T13:48:17.445953+00:00,2026-08-15T13:48:17.445953+00:00,98b431b98a84b145f9a0b01db9dc2be42cc957812c33df0e3d2feaf533128bd7,api.league-pro.com,OK,111aafd4da12dbbe119f6971ca71defc1c93aaeed5b5dd914ee265eadd210d43
276000,32730,Tournament A14. League 800-900,800-900,2026-03-29T22:30:10.141000+00:00,2026-03-29T16:30:10.141000-06:00,2026-03-30T00:30:10.141000+02:00,3,COMPLETED,1563,Martin Sychra,843,Tomas Janata,3,1,1563,Martin Sychra,,,2026-03-29T22:44:05.474000+00:00,SCHEDULED_START_PLUS_DURATION,2026-08-15T13:48:19.280056+00:00,2026-08-15T13:48:19.280056+00:00,26966c4663b3a39a34a3f8f9b85ab1e4b2be53d6297700577f4d735764f6db53,api.league-pro.com,OK,7bb97252d3a81066e6bbd7e468523efc9a78faed961781fd53eb3b48e08efc56
275956,32725,Tournament A12. League 1000-1100,1000-1100,2026-03-29T22:30:13.029000+00:00,2026-03-29T16:30:13.029000-06:00,2026-03-30T00:30:13.029000+02:00,3,COMPLETED,1571,Dan Volhejn,879,Jiri Ruzicka,3,0,1571,Dan Volhejn,,,2026-03-29T22:43:05.569000+00:00,SCHEDULED_START_PLUS_DURATION,2026-08-15T13:48:19.280056+00:00,2026-08-15T13:48:19.280056+00:00,26966c4663b3a39a34a3f8f9b85ab1e4b2be53d6297700577f4d735764f6db53,api.league-pro.com,OK,7efda976a2373a23bea248205242f85fee25761f5d3a290bf320df71f3d415a3
276076,32739,Tournament A17. League 500-550,500-550,2026-03-29T22:43:50.620000+00:00,2026-03-29T16:43:50.620000-06:00,2026-03-30T00:43:50.620000+02:00,3,COMPLETED,812,Rostislav Hasmanda,942,Jaroslav Strnad,1,3,942,Jaroslav Strnad,,,2026-03-29T23:05:21.585000+00:00,SCHEDULED_START_PLUS_DURATION,2026-08-15T13:48:19.280056+00:00,2026-08-15T13:48:19.280056+00:00,26966c4663b3a39a34a3f8f9b85ab1e4b2be53d6297700577f4d735764f6db53,api.league-pro.com,OK,45267f0b3ebdd774db8bbe61ce5ff3abd14300932e9516e5c0979ea9fe04f43b
276001,32730,Tournament A14. League 800-900,800-900,2026-03-29T23:00:12.531000+00:00,2026-03-29T17:00:12.531000-06:00,2026-03-30T01:00:12.531000+02:00,3,COMPLETED,1847,Martin Skakal,685,Ales Bayer,3,1,1847,Martin Skakal,,,2026-03-29T23:16:38.369000+00:00,SCHEDULED_START_PLUS_DURATION,2026-08-15T13:48:19.280056+00:00,2026-08-15T13:48:19.280056+00:00,26966c4663b3a39a34a3f8f9b85ab1e4b2be53d6297700577f4d735764f6db53,api.league-pro.com,OK,d055f165b180e72a733a0c23b0a919d123dd5b9a5bacd8f3f6c8b14497a547e4
275957,32725,Tournament A12. League 1000-1100,1000-1100,2026-03-29T23:00:21.932000+00:00,2026-03-29T17:00:21.932000-06:00,2026-03-30T01:00:21.932000+02:00,3,COMPLETED,1114,Michal Vavrecka,1527,Vratislav Petracek,1,3,1527,Vratislav Petracek,,,2026-03-29T23:13:24.447000+00:00,SCHEDULED_START_PLUS_DURATION,2026-08-15T13:48:19.280056+00:00,2026-08-15T13:48:19.280056+00:00,26966c4663b3a39a34a3f8f9b85ab1e4b2be53d6297700577f4d735764f6db53,api.league-pro.com,OK,a48a2e383dbfbdbe4103c6edfdd5529071787ef1af136c341f1af25abaf345f4
276077,32739,Tournament A17. League 500-550,500-550,2026-03-29T23:07:14.025000+00:00,2026-03-29T17:07:14.025000-06:00,2026-03-30T01:07:14.025000+02:00,3,COMPLETED,1603,Oleg Vitrovyj,1621,Milan Cetner,3,1,1603,Oleg Vitrovyj,,,2026-03-29T23:24:25.564000+00:00,SCHEDULED_START_PLUS_DURATION,2026-08-15T13:48:19.280056+00:00,2026-08-15T13:48:19.280056+00:00,26966c4663b3a39a34a3f8f9b85ab1e4b2be53d6297700577f4d735764f6db53,api.league-pro.com,OK,b847e1c4bd94167ee5e2be6fb4ff95d10ba5da95e897b64470509b761b3329cd
276002,32730,Tournament A14. League 800-900,800-900,2026-03-29T23:30:08.908000+00:00,2026-03-29T17:30:08.908000-06:00,2026-03-30T01:30:08.908000+02:00,3,COMPLETED,809,Michal Regner,1563,Martin Sychra,3,0,809,Michal Regner,,,2026-03-29T23:41:47.757000+00:00,SCHEDULED_START_PLUS_DURATION,2026-08-15T13:48:19.280056+00:00,2026-08-15T13:48:19.280056+00:00,26966c4663b3a39a34a3f8f9b85ab1e4b2be53d6297700577f4d735764f6db53,api.league-pro.com,OK,06c82806b03dcaa52de12b816083d636e6dcd3df0679c5df8eedac19f76b1d28
275958,32725,Tournament A12. League 1000-1100,1000-1100,2026-03-29T23:30:10.745000+00:00,2026-03-29T17:30:10.745000-06:00,2026-03-30T01:30:10.745000+02:00,3,COMPLETED,864,Tomas Postelt,1571,Dan Volhejn,2,3,1571,Dan Volhejn,,,2026-03-29T23:48:30.775000+00:00,SCHEDULED_START_PLUS_DURATION,2026-08-15T13:48:19.280056+00:00,2026-08-15T13:48:19.280056+00:00,26966c4663b3a39a34a3f8f9b85ab1e4b2be53d6297700577f4d735764f6db53,api.league-pro.com,OK,eb552d0f54dd49abcd1e106c2c6261edfeffabe365626bb02ba345875c4b544e
276078,32739,Tournament A17. League 500-550,500-550,2026-03-29T23:30:25.904000+00:00,2026-03-29T17:30:25.904000-06:00,2026-03-30T01:30:25.904000+02:00,3,COMPLETED,867,Ondrej Pastorek,812,Rostislav Hasmanda,0,3,812,Rostislav Hasmanda,,,2026-03-29T23:46:52.223000+00:00,SCHEDULED_START_PLUS_DURATION,2026-08-15T13:48:19.280056+00:00,2026-08-15T13:48:19.280056+00:00,26966c4663b3a39a34a3f8f9b85ab1e4b2be53d6297700577f4d735764f6db53,api.league-pro.com,OK,0444fe36b1e4fbfde3b38aadf69720077c49e86d8109ab29c8480ea95af05503
